Town,Name,Address,Phone,Website,Email,Found on page
Cardiff,The Coal Exchange Hotel,"Building Bay, The Exchange, Mount Stuart Square, Cardiff CF10 5FQ, UK",029 2199 1904,http://coalexchangecardiff.co.uk/,,
Cardiff,Hotel Indigo Cardiff by IHG,"Dominions Arcade, Queen St, Cardiff CF10 2AR, UK",0871 942 9104,https://www.ihg.com/hotelindigo/hotels/gb/en/cardiff/cdfin/hoteldetail?cm_mmc=GoogleMaps-_-IN-_-GB-_-CDFIN,,
Cardiff,Holland House Hotel Cardiff By Sunday,"24 26 Newport Rd, Cardiff CF24 0DD, UK",029 2043 5000,https://www.oyorooms.com/292292/,john@email.com,https://www.oyorooms.com
Cardiff,Angel Hotel Cardiff,"The Angel Hotel, Castle St, Cardiff CF10 1SZ, UK",029 2064 9200,https://www.angelhotelcardiffcity.co.uk/?utm_source=google&utm_medium=organic&utm_campaign=gmb,reception@angelhotelcardiffcity.co.uk,https://www.angelhotelcardiffcity.co.uk
Cardiff,The Parkgate Hotel,"Westgate St, Cardiff CF10 1DA, UK",029 2274 5595,https://www.theparkgatehotel.wales/,,
Cardiff,Cardiff Sandringham Hotel,"21 St Mary St, Cardiff CF10 1PL, UK",029 2023 2161,http://www.sandringham-hotel.com/,,
Cardiff,Manor Parc Hotel,"Thornhill Rd, Cardiff, Thornhill CF14 9UA, UK",029 2069 3723,http://www.manorparc.com/,enquiry@manorparc.com,http://www.manorparc.com
Cardiff,Lincoln House Hotel,"118-120 Cathedral Rd, Pontcanna, Cardiff CF11 9LQ, UK",029 2039 5558,http://lincolnhotel.co.uk/,user@domain.com,http://lincolnhotel.co.uk
Cardiff,Future Inn Cardiff Bay,"Hemingway Rd, Cardiff CF10 4AU, UK",029 2048 7111,https://www.futureinns.co.uk/cardiff/,,
Cardiff,easyHotel Cardiff City Centre,"1-3 Fitzalan Pl, Cardiff CF24 0ED, UK",029 2280 2180,https://www.easyhotel.com/hotels/united-kingdom/cardiff/cardiff-city-centre?utm_source=google&utm_medium=organic&utm_campaign=GMB-owned-cardiff-city-centre,,
Cardiff,Leonardo Hotel Cardiff,"1 Park Pl, Cardiff CF10 3DN, UK",0161 774 2983,https://www.leonardo-hotels.com/cardiff/leonardo-hotel-cardiff,advantageclub@leonardo-hotels.com,https://www.leonardo-hotels.com
Cardiff,Clayton Hotel Cardiff,"St Mary St, Cardiff CF10 1GD, UK",029 2066 8866,https://ad.doubleclick.net/ddm/trackclk/N1074062.3844254CLAYTONHOTELS-OR/B24186235.278861590;dc_trk_aid=472862582;dc_trk_cid=135199307;dc_lat=;dc_rdid=;tag_for_child_directed_treatment=;tfua=;ltd=;dc_tdv=1,,
Cardiff,Parador 44,"14 Quay St., Cardiff CF10 1EA, UK",029 2002 0039,https://grupo44.co.uk/parador44/,,
Cardiff,Royal Hotel Cardiff by Belvilla,"88 St Mary St, Cardiff CF10 1DW, UK",020 4587 8555,https://www.oyorooms.com/361198/,john@email.com,https://www.oyorooms.com
Cardiff,Park Plaza Cardiff,"Greyfriars Rd, Cardiff CF10 3AL, UK",029 2011 1111,https://www.radissonhotels.com/en-us/hotels/park-plaza-cardiff,,
Cardiff,Four Points Flex by Sheraton Cardiff,"Station Approach, Saunders Rd, Cardiff CF10 1RH, UK",029 2047 8747,https://www.marriott.com/en-us/hotels/cwlsu-four-points-flex-cardiff/overview/?scid=f2ae0541-1279-4f24-b197-a979c79310b0,,
Cardiff,The Riverhouse,"59 Fitzhamon Embankment, Cardiff CF11 6AN, UK",029 2010 5590,https://www.icardiff.co.uk/riverhouse/,riverhouse@icardiff.co.uk,https://www.icardiff.co.uk
Cardiff,Tanes Hotel,"148 Newport Rd, Cardiff CF24 1DJ, UK",029 2049 3898,http://www.taneshotel.co.uk/,taneshotel@yahoo.co.uk,http://www.taneshotel.co.uk
Cardiff,Elgano Guest House,"58 Cathedral Rd, Pontcanna, Cardiff CF11 9LL, UK",029 2034 4060,https://elgano.co.uk/guest-house/,info@elgano.co.uk,https://elgano.co.uk
Cardiff,ML Lodge,"108 St Mary St, Cardiff CF10 1DX, UK",029 2037 3510,http://www.mllodge.co.uk/,,
Cardiff,Pontcanna Inn (Hotel),"36 Cathedral Rd, Pontcanna, Cardiff CF11 9LL, UK",029 2023 2917,https://www.pontcannainn.com/rooms,Pontcannainn@youngs.co.uk,https://www.pontcannainn.com
Cardiff,The Spires Serviced Apartments Cardiff,"10 Cathedral Rd, Pontcanna, Cardiff CF11 9LJ, UK",0345 270 0090,https://www.thespires.co.uk/serviced-apartments-in-cardiff,info@thespires.co.uk,https://www.thespires.co.uk
Cardiff,Staybridge Suites Cardiff by IHG,"Longueil Cl, Cardiff CF10 4EE, UK",029 2233 8266,https://www.ihg.com/staybridge/hotels/gb/en/cardiff/cwlst/hoteldetail?cm_mmc=GoogleMaps-_-SB-_-GB-_-CWLST,,
Cardiff,Copthorne Hotel Cardiff-Caerdydd,"Copthorne Way, Culverhouse Cross, Cardiff CF5 6DH, UK",029 2059 9100,https://www.millenniumhotels.com/en/cardiff/copthorne-hotel-cardiff-caerdydd/?cid=gplaces-copthorne-hotel-cardiff,,
Cardiff,Cardiff Bute Terrace Hotel By Belvilla,"Bute Terrace, Cardiff CF10 2FE, UK",029 2168 0524,https://www.oyorooms.com/gb/356166/,john@email.com,https://www.oyorooms.com
Cardiff,Cardiff Riverside Hotel by Belvilla,"Clare St, Cardiff CF11 6BD, UK",029 2255 0214,https://www.oyorooms.com/gb/76580/,john@email.com,https://www.oyorooms.com
Cardiff,Central Studios,"7 Fitzhamon Embankment, Cardiff CF11 6AN, UK",029 2010 5590,https://www.icardiff.co.uk/central-studios,riverhouse@icardiff.co.uk,https://www.icardiff.co.uk
Cardiff,voco St. David's Cardiff by IHG,"Havannah St, Cardiff CF10 5SD, UK",029 2045 4045,https://www.ihg.com/voco/hotels/gb/en/cardiff/cwlcd/hoteldetail?cm_mmc=GoogleMaps-_-VX-_-GB-_-CWLCD,,
Cardiff,Maltsters Arms Hotel by Marston's Inns,"Cardiff Rd, Cardiff CF5 2DS, UK",029 2033 3096,http://www.marstonsinns.co.uk/inns/maltsters-arms-hotel-cardiff/?utm_source=gbp&utm_medium=Yext&y_source=1_MzM3MTM5NDEtNzE1LWxvY2F0aW9uLndlYnNpdGU%3D,,
Cardiff,3 Luxury En-suite Bedrooms,"189 Cathedral Rd, Pontcanna, Cardiff CF11 9PN, UK",07949 600555,http://3-luxury-en-suite-bedrooms.org.es/,,
Cardiff,1 The Laurels,"1, The Laurels, Cardiff Rd, Cardiff CF5 6EB, UK",07889 591032,http://www.beechwoodonline.co.uk/,,
Cardiff,Ty Castell Guest House,"48 St. Martin's Rd, Caerphilly CF83 1EJ, UK",07980 943883,http://www.tycastellguesthouse.co.uk/,,
Cardiff,New House Country Hotel - Cardiff,"Thornhill Rd, Thornhill, Cardiff, Caerphilly CF14 9UA, UK",029 2052 0280,https://townandcountrycollective.co.uk/new-house-home/,enquiries@bearhotel.com,https://townandcountrycollective.co.uk/contact
Cardiff,Number One Hundred Bed And Breakfast,"100 Newport Rd, Cardiff CF24 1DG, UK",029 2010 5590,https://www.icardiff.co.uk/number-one-hundred/,riverhouse@icardiff.co.uk,https://www.icardiff.co.uk
Cardiff,Majestic Hotel Cardiff,"Meridian Gate, Bute Terrace, Cardiff CF10 2FL, UK",029 2045 4777,https://www.majestichotels.co.uk/,jane@acme.com,https://www.majestichotels.co.uk
Cardiff,The Beacon Hotel Cardiff,"Caxton Pl, Cardiff CF23 8HA, UK",029 2120 0095,https://www.aghotels.co.uk/the-beacon-cardiff/,,
Cardiff,WiseStay,"45-47 Fitzhamon Embankment, Cardiff CF11 6AN, UK",029 2240 1888,http://www.wisestay.co.uk/,hello@wisestay.co.uk,http://www.wisestay.co.uk
Cardiff,Crofts Hotel,"Crofts Hotel, Cardiff CF24 3DZ, UK",029 2048 6467,http://www.thecroftspub.co.uk/,info@croftshotel.uk,http://www.thecroftspub.co.uk
Cardiff,Courtfield Hotel,"101 Cathedral Rd, Pontcanna, Cardiff CF11 9PH, UK",029 2022 7701,http://www.courtfieldhotel.com/,courtfield@ntlworld.com,http://www.courtfieldhotel.com
Swansea,Dragon Hotel,"39 The Kingsway, Swansea SA1 5LS, UK",01792 657100,http://www.dragon-hotel.co.uk/,christmas@dragon-hotel.co.uk,http://www.dragon-hotel.co.uk
Swansea,Morgans Hotel,"Somerset Pl, Swansea SA1 1RR, UK",01792 484848,http://www.morganshotel.co.uk/,events@themorganscollection.co.uk,http://www.morganshotel.co.uk
Swansea,Delta Hotels Swansea,"Trawler Rd, Maritime Quarter, Swansea SA1 3SS, UK",01792 642020,https://www.marriott.com/en-us/hotels/cwlsd-delta-hotels-swansea/overview/?scid=f2ae0541-1279-4f24-b197-a979c79310b0,,
Swansea,The New Gower Hotel & Restaurant,"11 Church Ln, Bishopston, Swansea SA3 3JT, UK",01792 234111,http://www.thenewgowerhotel.wales/,,
Swansea,Dolphin SA1 Hotel,"Whitewalls, Oxford St, Swansea SA1 3AB, UK",01792 650011,http://www.dolphin-sa1.com/,enquiries@dolphin-sa1.com,http://www.dolphin-sa1.com/contact
Swansea,Towers Hotel & Spa,"Ashleigh Terrace, Skewen, Swansea SA10 6JL, UK",01792 814155,https://www.thetowersswanseabay.com/,,
Swansea,The Grand Hotel,"Ivey Pl, Swansea SA1 1NX, UK",01792 645898,https://www.thegrandhotelswansea.co.uk/,,
Swansea,The Georgian Swansea,"The Georgian, 2/3 S Prospect, Swansea SA1 1QP, UK",01792 484848,https://www.thegeorgianswansea.com/,reception@themorganscollection.co.uk,https://www.thegeorgianswansea.com/contact
Swansea,Hooopers Sandy Beach Guest Rooms,"296-298 Oystermouth Rd, Swansea SA1 3UJ, UK",07855 941717,http://hooopers-sandy-beach-guest-rooms.org.es/,,
Swansea,Oyster House (Hotel),"137 Mumbles Rd, Mumbles, Swansea SA3 4DN, UK",01792 823159,https://www.oysterhousemumbles.com/rooms,oysterhouse@youngs.co.uk,https://www.oysterhousemumbles.com
Swansea,Cwtsh Hostel,"10-14 Castle St, Swansea SA1 1JF, UK",01792 986556,http://cwtsh-hostel.co.uk/,hello@cwtsh-hostel.co.uk,http://cwtsh-hostel.co.uk
Swansea,A Space In The City - Meridian Tower,"Meridian Tower, Trawler Rd, Maritime Quarter, Swansea SA1 1JN, UK",0845 260 7050,http://www.aspaceinthecity.co.uk/,,
Swansea,The Oxwich Bay Hotel,"Bay Hotel, Oxwich, Swansea SA3 1LS, UK",01792 390329,https://oxwichbayhotel.co.uk/?utm_source=google&utm_medium=local&utm_campaign=oxwich-bay-hotel,,
Swansea,The Carlton Hotel Mumbles,"654-656 Mumbles Rd, Mumbles, Swansea SA3 4EA, UK",01792 360450,http://the-carlton-hotel-mumbles.org.es/,,
Swansea,Hurst Dene Guest House,"10 Sketty Rd, Uplands, Swansea SA2 0LJ, UK",01792 280920,http://www.hurstdene.co.uk/,info@hurstdene.co.uk,http://www.hurstdene.co.uk
Swansea,Queen's Hotel,"Gloucester Pl, Maritime Quarter, Swansea SA1 1TY, UK",01792 521531,https://m.facebook.com/QueensHotelSwanseaMarina/?locale2=en_GB,,
Swansea,Parc le Breos,"Parc Le Breos House, Penmaen, Swansea SA3 2HA, UK",01792 371636,http://www.parc-le-breos.co.uk/,,
Swansea,King Arthur Hotel,"Higher Green, Reynoldston, Gower SA3 1AD, UK",01792 390775,https://www.kingarthurhotel.co.uk/,platinum-2023-uk@v3-480x480.png,https://www.kingarthurhotel.co.uk
Swansea,Ice House Apartments,"The Ice House, Kings Rd, Swansea SA1 8AW, UK",01792 649060,http://www.icehouseapartments.co.uk/,,
Swansea,Wynberg House Swansea Bed & Breakfast,"1 Eversley Rd, Sketty, Swansea SA2 9DB, UK",07415 189917,https://wynberg-house.hotels-wales.com/en/,emal@gmail.com,https://wynberg-house.hotels-wales.com
Swansea,Dylan Thomas Birthplace,"5 Cwmdonkin Dr, Uplands, Swansea SA2 0RA, UK",01792 472555,http://dylanthomasbirthplace.com/,info@dylanthomasbirthplace.com,http://dylanthomasbirthplace.com
Swansea,Somerfield Lodge,"120 Owls Lodge Ln, Mayals, Swansea SA3 5DP, UK",01792 401989,http://www.clynegolfclub.com/,manager@clynegolfclub.com,http://www.clynegolfclub.com/contact
Swansea,Copper House,"150 Neath Road The Old Bridge, Plasmarl, Swansea SA1 2BD, UK",01792 737466,http://www.kginspiredproperty.com/?utm_source=GMB%20Listing&utm_medium=Organic,enquiries@kginspiredproperty.com,http://www.kginspiredproperty.com
Swansea,Emerald Living - Swansea City Centre,"42 Waun-Wen Rd, Swansea SA1 6FN, UK",020 8087 1201,http://www.emerald-living.co.uk/,Info@emerald-living.co.uk,http://www.emerald-living.co.uk
Swansea,Bay Apartments Limited,"Marina, 29 Camona Dr, Maritime Quarter, Swansea SA1 1YJ, UK",01792 448433,http://www.bayapartments.co.uk/,%20emails%20that%20were%20normally%20sent%20from%20%22owner_1298123ealshd@lodgify.com,http://www.bayapartments.co.uk
Swansea,The Estuary Bar,"Belle Vue, Pen-clawdd, Swansea SA4 3YE, UK",01792 850777,http://www.theestuarygower.co.uk/,Info@ggsgelato.co.uk,http://www.theestuarygower.co.uk
Swansea,Leonardo's Guest House,"380 Oystermouth Rd, Swansea SA1 3UL, UK",01792 470163,https://www.leonardosguesthouse.co.uk/,info@leonardosguesthouse.co.uk,https://www.leonardosguesthouse.co.uk
Swansea,Stop Looking! Swansea - KG Inspired Property,"59 Morris Ln, St Thomas, Swansea SA1 8BE, UK",01792 737466,http://www.kginspiredproperty.com/?utm_source=GMB%20Listing&utm_medium=Organic,enquiries@kginspiredproperty.com,http://www.kginspiredproperty.com
Swansea,Scenic View,"169 Trawler Rd, Maritime Quarter, Swansea SA1 1XZ, UK",07468 617946,https://www.baystays.co.uk/,,
Swansea,Glanmor Garden Apartment,"113 Glanmor Rd, Sketty, Uplands, Swansea SA2 0RN, UK",01792 930881,http://www.glanmorgardenapartment.com/,,
Swansea,Neon 160,"Glamorgan, 160 St Helen's Rd, Swansea SA1 4DQ, UK",07789 511535,https://marialovestotravel.com/neon-160-uk,,
Swansea,Clyne Farm Centre,"Westport Ave, Mayals, Swansea SA3 5AR, UK",01792 403333,https://clynefarm.com/,hello@clynefarm.com,https://clynefarm.com
Swansea,Amazing Views - KG Inspired Property,"55 Watkin St, Swansea SA1 6YE, UK",01792 737466,http://www.kginspiredproperty.com/?utm_source=GMB%20Listing&utm_medium=Organic,enquiries@kginspiredproperty.com,http://www.kginspiredproperty.com
Swansea,The Place to Yourself - Swansea City,"7 Campbell St, Swansea SA1 6XY, UK",01792 737466,http://www.kginspiredproperty.com/?utm_source=GMB%20Listing&utm_medium=Organic,,
Swansea,Stay in the Heart of Swansea- TV in Every Bedroom!,"1 Hill St, Swansea SA1 6XU, UK",01792 737466,http://www.kginspiredproperty.com/?utm_source=GMB%20Listing&utm_medium=Organic,enquiries@kginspiredproperty.com,http://www.kginspiredproperty.com
Swansea,Pleasant Hill - KG Inspired Property,"70 Watkin St, Swansea SA1 6YE, UK",01792 737466,http://www.kginspiredproperty.com/?utm_source=GMB%20Listing&utm_medium=Organic,enquiries@kginspiredproperty.com,http://www.kginspiredproperty.com
Swansea,Walking Distance to The Liberty - KG Inspired Property,"1203A Neath Rd, Plasmarl, Swansea SA6 8JT, UK",01792 737466,http://www.kginspiredproperty.com/?utm_source=GMB%20Listing&utm_medium=Organic,,
Swansea,Generous House - KG Inspired Management Ltd,"343 Neath Rd, Plasmarl, Swansea SA6 8JN, UK",01792 737466,http://www.kginspiredproperty.com/?utm_source=GMB%20Listing&utm_medium=Organic,,
Newport,The Celtic Manor Resort,"The Usk Valley, Coldra Wood, Chepstow Rd, Caerleon, Newport NP18 1HQ, UK",01633 413000,https://www.celtic-manor.com/,,
Newport,Belvilla Newport City Centre Hotel - Lifestyle,"55 High St, Newport NP20 1GA, UK",01633 494902,https://www.oyorooms.com/247631/,john@email.com,https://www.oyorooms.com
Newport,Tŷ Newport,"Chepstow Rd, Langstone, Newport NP18 2LX, UK",01633 413000,https://www.ty-hotels.com/destinations/newport/,,
Newport,The Priory,"High St, Caerleon, Newport NP18 1AG, UK",01633 421241,http://www.thepriorycaerleon.co.uk/,hello@thepriorycaerleon.co.uk,http://www.thepriorycaerleon.co.uk
Newport,The Old Barn Inn,"Magor Rd, Llanmartin, Newport NP18 2EB, UK",01633 413382,http://www.theoldbarninn.com/,,
Newport,Coldra Court Hotel,"Chepstow Rd, Langstone, Newport NP18 2LX, UK",01633 413737,https://www.coldra-court.com/,Group-460@2x.png,https://www.coldra-court.com
Newport,The Manor House,"The Celtic Manor Resort Coldra Woods, The Usk Valley, Caerleon, Newport NP18 1HQ, UK",01633 410262,https://www.celtic-manor.com/hotels-lodges/the-manor-house,,
Newport,Palette Modern Newport City Center,"55, Train Station, Newport NP20 1GA, UK",,https://www.oyorooms.com/305175/,john@email.com,https://www.oyorooms.com
Newport,Parkway Hotel & Spa,"Cwmbran Dr, Newport, Cwmbran NP44 3UW, UK",01633 871199,http://www.parkwayhotelandspa.com/,enquiries@theparkwayhotel.co.uk,http://www.parkwayhotelandspa.com
Newport,The Waterloo Hotel & Bistro,"113 Alexandra Rd, Newport NP20 2JG, UK",01633 264266,http://www.thewaterloohotel.co.uk/,Enquiries@thewaterloohotel.co.uk,http://www.thewaterloohotel.co.uk
Newport,The Coach & Horses Hotel & Restaurant,"Newport Road, Castleton, Cardiff CF3 2UQ, UK",01633 289485,http://www.coachandhorsescardiff.co.uk/,info@coachandhorsescardiff.co.uk,http://www.coachandhorsescardiff.co.uk
Newport,Hotel 24-7 - The Old Victoria Hotel,"161 Corporation Rd, Newport NP19 0BJ, UK",01633 741044,http://hotel-24-7-the-old-victoria-hotel.org.es/,,
Newport,Quay Apartments,"Clarence House, Clarence Pl, Newport NP19 7AA, UK",01633 386619,https://www.quayapartments.co.uk/aparthotels-newport/,,
Newport,Gateway Hotel,"42 Chepstow Rd, Newport NP19 8EB, UK",01633 843113,http://gateway-hotel.org.es/,,
Newport,Tŷ Magor,"Wales 1 Business Park M4 J 23A, Newport NP26 3DG, UK",01633 749999,https://www.ty-hotels.com/destinations/magor/,,
Newport,The Ship Inn Caerleon,"New Rd, Caerleon, Newport NP18 1QF, UK",01633 420087,http://www.theshipcaerleon.com/,Artboard-2@2x.png,http://www.theshipcaerleon.com
Newport,Newbridge on Usk,"Newbridge on, Tredunnock, Usk NP15 1LY, UK",01633 410262,https://www.newbridgeonusk.com/,,
Newport,Greyhound Inn and Hotel Usk,"10 Strand Street, Usk NP15 1LE, UK",01291 672505,http://www.greyhound-inn.com/,enquiry@greyhound-inn.com,http://www.greyhound-inn.com/contact-us
Newport,Llys Meddyg Hotel & Restaurant,"East St, Newport SA42 0SY, UK",01239 820008,http://www.llysmeddyg.com/,info@llysmeddyg.com,http://www.llysmeddyg.com
Newport,Newport Sands,"Golf Course Road, Newport SA42 0NR, UK",01239 820244,http://www.newportlinks.co.uk,,
Newport,The Glen Yr Afon House Hotel,"A472, Usk NP15 1SY, UK",01291 672302,https://www.glen-yr-afon.co.uk/,enquiries@glen-yr-afon.co.uk,https://www.glen-yr-afon.co.uk
Newport,The Hand Post Hotel,"Risca Rd, Newport NP20 4HX, UK",01633 264502,http://www.thehandpost.co.uk/,,
Newport,West Usk Lighthouse,"Lighthouse Road, St Brides, Newport NP10 8SF, UK",01633 810126,http://www.westusklighthouse.co.uk/,,
Newport,New Inn Motel Hotel,"Chepstow Rd, Langstone, Newport NP18 2JN, UK",01633 412426,https://www.greenekinginns.co.uk/hotels/gwent/new-inn-motel?utm_source=g_places&utm_medium=locations&utm_campaign=GKI_pubpage,,
Newport,The Westerner Newport,"22 W Park Rd, Newport NP20 3EH, UK",,https://bestplacesinmap.eu/westerner-by-propertri-united-kingdom?correlationID=2f906327-6e2d-4dd2-acfa-c10daa581c88,,
Newport,Newport Student Village | Student Accommodation in Newport,"Endeavour House, Usk Way, Newport NP20 2DZ, UK",01633 743631,https://www.mezzino.com/property/newport-student-village/,,
Newport,Rosecroft,"266 Christchurch Rd, Newport NP19 8BH, UK",01633 646303,http://www.bauen-stays.co.uk/,hello@bauen-stays.co.uk,http://www.bauen-stays.co.uk
Newport,The Hotel,"25 High St, Newbridge, Newport NP11 4FH, UK",01495 248536,https://newbridge.tripcombined.com/,,
Newport,Box Guesthouse,"145 Stow Hill, Newport NP20 4FZ, UK",01633 741044,http://www.boxhotels.co.uk/,,
Newport,Newport Quay Hotel,"41 Quay St, Newport PO30 5BA, UK",01983 528544,https://newportquayhotel.co.uk/,admin@newportquayhotel.co.uk,https://newportquayhotel.co.uk
Newport,The Knoll,"145 Stow Hill, Newport NP20 4FZ, UK",01633 263557,https://guesthouse.tripcombined.com/,,
Newport,The Rock & Fountain Inn,"LLanvaches Lane, Penhow NP26 3AD, UK",01633 400297,https://rockandfountaininn.com/,bookings@rockandfountaininn.com,https://rockandfountaininn.com
Newport,Camelot House,"28 Arthur St, Newport NP20 2LE, UK",07947 647475,https://antioniostravelexperience.com/camelot-house-by-staybc-uk,,
Newport,Blu Sports Bar & Victoria Hotel,"161 Corporation Rd, Newport NP19 0BJ, UK",01633 547334,https://sites.google.com/view/blu-sports-bar-victoria-hotel/,,
Newport,Keats Retreat Newport,"2 Keats Cl, Newport NP20 3JU, UK",,https://bestplacesinmap.eu/keats-retreat-by-ty-sa-united-kingdom?correlationID=e3e4f422-4cb1-4183-8c6e-602a695a8222,,
Newport,Penllyn House Newport,"21 Penllyn Ave, Newport NP20 4JG, UK",,https://bestplacesinmap.eu/ty-penllyn-by-solace-stays-united-kingdom?correlationID=7867dba6-67db-449e-815a-29a9ef3cc464,,
Newport,Upper Millennium House,"Flat 12, Millennium House, Newport NP19 0NY, UK",0330 808 8564,https://richardlovestotravel.com/luxury-central-apartment-deep-cleaned-by-staybc-uk,,
Newport,Raphael Heights,"Flat 16, The Raphael, Baroque Ct, Newport NP19 0PP, UK",01633 849410,https://www.propertri.co.uk/newport-serviced-accommodation/raphael-heights/,bookings@propertri.co.uk,https://www.propertri.co.uk
Newport,96 Caerleon Road | Serviced Apartments,"96 Caerleon Rd, Newport NP19 7GZ, UK",029 2120 0119,http://www.airfreedom.net/,Pedro.Reis@AirFreedom.net,http://www.airfreedom.net
Newport,Parkview by Tŷ SA Newport,"116 Bassaleg Rd, Newport NP20 3PX, UK",,https://bestplacesinmap.eu/parkview-by-ty-sa-united-kingdom?correlationID=e3e4f422-4cb1-4183-8c6e-602a695a8222,,
Newport,Brick House Country Guest House,"Brick House Country Guest House, Redwick, Nr Newport, Gwent, Redwick, Caldicot NP26 3DX, UK",01633 880230,http://www.brickhouseguesthouse.co.uk/,,
Barry,Mount Rooms Hotel,"Porthkerry Rd, Barry CF62 7XY, UK",01446 370145,http://www.themountrooms.co.uk/,info@themountrooms.co.uk,http://www.themountrooms.co.uk
Barry,Goodstay Apartments,"Hood Rd, Barry CF62 5QT, UK",029 2002 9959,https://theurbanspace.co.uk/location/goodstay/,info@theurbanspace.co.uk,https://theurbanspace.co.uk
Barry,The Bear Hotel,"63 High St, Cowbridge CF71 7AF, UK",01446 774814,https://townandcountrycollective.co.uk/the-bear-home/,enquiries@bearhotel.com,https://townandcountrycollective.co.uk/contact
Barry,Beachcliff Hotel & Apartments,"The Esplanade, Penarth CF64 3AU, UK",0333 012 4074,http://beachcliff.co.uk/,reception@beachcliff.co.uk,http://beachcliff.co.uk
Barry,Tadross Hotel,"271, 271 Holton Rd, Barry CF63 4HT, UK",01446 701800,http://www.tadrosshotel.com/,tadrosshotel@hotmail.co.uk,http://www.tadrosshotel.com
Barry,Gail's,"3 Plymouth Rd, Barry CF62 5TY, UK",01446 678085,http://www.gailsguesthouse.co.uk/,lyndon_beddoe@hotmail.com,http://www.gailsguesthouse.co.uk
Barry,The Vale Hotel & Touring Caravan Park,"Port Rd, Rhoose, Barry CF62 3BT, UK",01446 711800,http://www.valeparkhotel.co.uk/,,
Barry,Three Horseshoes Country Inn,"Barry CF62 3AB, UK",01446 710428,http://www.3horseshoespub.co.uk/,,
Barry,Celtic International Hotel Cardiff Airport,"Port Rd, Rhoose, Barry CF62 3BT, UK",01446 500595,http://celticinternationalhotel.com/,info@celticinternationalhotel.com,http://celticinternationalhotel.com
Barry,The Roost,"Rock Rd, St Athan, Barry CF62 4PG, UK",01446 753715,https://www.theroostonrockroad.com/,info@theroostonrockroad.com,https://www.theroostonrockroad.com
Barry,Goodsheds,"Hood Rd, Barry CF62 5QU, UK",,https://www.goodshedsbarry.co.uk/,enquiries@goodshedsbarry.co.uk,https://www.goodshedsbarry.co.uk
Barry,Judah Suites By Koya Homes - Serviced Accommodation | Short Lets | Barry Island | Cardiff Airport,"103 High St, Barry CF62 7DS, UK",01446 788805,https://www.koyahomes.co.uk/,enoch@koyaproperties.co.uk,https://www.koyahomes.co.uk
Barry,Lanelay Hall Hotel and Spa,"Lanelay Rd, Talbot Green, Pontyclun CF72 9LA, UK",01443 558309,http://www.lanelayhall.co.uk/,reservations@lanelayhall.co.uk,http://www.lanelayhall.co.uk
Barry,Old Post House,"Greenwood Ln, Cardiff CF5 6EL, UK",029 2056 5400,http://www.oldposthousecardiff.co.uk/,info@oldposthousecardiff.co.uk,http://www.oldposthousecardiff.co.uk
Barry,Glendale Hotel,"10 Plymouth Rd, Penarth CF64 3DH, UK",029 2070 8302,http://www.glendalehotel.co.uk/,info@glendalehotel.co.uk,http://www.glendalehotel.co.uk
Barry,Harbourside,"Flat 7, Glyn Y Moor, Barry CF63 4BB, UK",0330 808 8564,https://benstravelexperience.com/harbourside-by-staybc-uk,,
Barry,The Old Barn,"Penmark, The Croft, Penmark, Rhoose, Barry CF62 3BP, UK",01446 711352,http://www.theoldbarnbedandbreakfast.co.uk/,,
Barry,The Fox and Hounds Pub,"Llancarfan, Barry CF62 3AD, UK",01446 612134,https://www.fandhllancarfan.com/,hello@fandhllancarfan.com,https://www.fandhllancarfan.com
Barry,Fontygary Leisure Park,"Parks Ltd, Rhoose, Barry CF62 3ZT, UK",01446 710386,http://www.fontygaryparks.co.uk/,,
Barry,Cottrell Resort,"St Nicholas, Cardiff CF5 6SJ, UK",01446 781781,http://www.cottrellpark.com/,,
Bridgend,The Wyndham Arms Hotel,"Dunraven Place, Bridgend CF31 1JE, UK",01656 673500,https://hotels.jdwetherspoon.com/hotels/the-wyndham-arms/,,
Bridgend,Court Colman Manor Hotel,"Court Colman Manor, Pen-y-fai, Bridgend CF31 4NG, UK",01656 720212,https://www.court-colman-manor.com/?utm_source=google&utm_medium=organic&utm_campaign=local,experience@court-colman-manor.com,https://www.court-colman-manor.com
Bridgend,Great House Hotel,"High St, Laleston, Bridgend CF32 0HP, UK",01656 657644,http://www.great-house-laleston.co.uk/?utm_source=google&utm_medium=organic&utm_campaign=local,enquiries@great-house-laleston.co.uk,http://www.great-house-laleston.co.uk
Bridgend,The Coed,"Coychurch, Bridgend CF35 6AF, UK",01656 860621,https://townandcountrycollective.co.uk/coed-y-mwstwr-home/,enquiries@bearhotel.com,https://townandcountrycollective.co.uk/contact
Bridgend,Mair's,"9 Coychurch Rd, Bridgend CF31 3AR, UK",07768 286303,http://mair-s.com.es/,,
Bridgend,Cae Court Hotel,"12 Merthyr Mawr Rd, North, Bridgend CF31 3NH, UK",01656 511538,https://www.cae-court.co.uk/,info@cae-court.co.uk,https://www.cae-court.co.uk
Bridgend,Ewenny Farm Guest House,"St Brides Rd, Bridgend CF35 5AX, UK",01656 658438,https://www.ewennyfarmguesthouse.co.uk/,ewennyfarmguesthouse@hotmail.co.uk,https://www.ewennyfarmguesthouse.co.uk
Bridgend,Masons Arms,"Bryncethin, Bridgend CF32 9YR, UK",01656 720253,http://www.masonshotel.com/,info@masonshotel.com,http://www.masonshotel.com
Bridgend,Golden Mile Inn,"Corntown, Bridgend CF35 5BA, UK",01656 654884,https://www.thegoldenmile.co.uk/,,
Bridgend,Happy days stays,"16 Newcastle Hill, Bridgend CF31 4EY, UK",07763 627189,https://book.hostfully.com/happy-days-stays,,
Bridgend,Ballas Farm Country Guest HOUSE,"Heol-Y-Sheet, Corneli, Bridgend CF33 4RY, UK",07966 366782,http://www.ballasfarm.co.uk/,stay@ballasfarm.co.uk,http://www.ballasfarm.co.uk
Bridgend,Green Acre Motel,"Green Acre, 111 Heol Fach, North Cornelly, Bridgend CF33 4LH, UK",01656 743041,http://www.the-greenacre.com/,,
Bridgend,Rose & Crown,"Heol-Y-Capel, Drenewydd yn Notais, Porthcawl CF36 3ST, UK",01656 784850,https://www.roseandcrownporthcawl.co.uk/?utm_source=gbp&utm_medium=Yext&y_source=1_MjgwNDU0MjMtNzE1LWxvY2F0aW9uLndlYnNpdGU%3D,RoseandCrown.Nottage@marstons.co.uk,https://www.roseandcrownporthcawl.co.uk
Bridgend,Hazelwood House,"Tondu Rd, Bridgend CF31 4LJ, UK",01656 647780,https://www.hazelwood-house.co.uk/,contacts@esbnyc.com,https://www.hazelwood-house.co.uk
Bridgend,"Seabank Hotel, Porthcawl","Esplanade, Porthcawl, Mid Glamorgan, Porthcawl CF36 3LU, UK",01656 782261,https://www.alfahotels.co.uk/seabank-hotel/,,
Bridgend,Bayside,"70 Mackworth Rd, Porthcawl CF36 5BT, UK",07973 666123,https://booking-directly.com/widgets/BPODmOaFs3nCkBQ3eRwggG5VhWw38fxmtotdqFz7zArEdU67gG5T3j7w17axI,,
Bridgend,Heronston Hotel & Leisure Club,"Ewenny Rd, Cardiff, Bridgend CF35 5AW, UK",01656 668811,https://www.bw-heronstonhotel.co.uk/herons-leisure-club-spatop,reservations@bestwesternheronstonhotel.co.uk,https://www.bw-heronstonhotel.co.uk
Bridgend,Bryngarw House,"Brynmenyn, Bridgend CF32 8UU, UK",01656 729009,http://www.bryngarwhouse.com/,events@bryngarwhouse.com,http://www.bryngarwhouse.com
Bridgend,The Grand,"Station Rd, Port Talbot SA13 1DE, UK",01639 882830,https://grand-hotel.inn.fan/,,
Bridgend,Foamedge 5 Star Guesthouse,"9 West Dr, Porthcawl CF36 3LS, UK",07877 635041,http://www.foam-edge.com/,hywelandhelen@aol.com,http://www.foam-edge.com
Bridgend,Tremains Guest House,"25-27 Tremains Rd, Bridgend CF31 1TZ, UK",01656 714945,https://www.tremainsguesthouse.co.uk/,,
Bridgend,Victoria Inn,"Orchard Cl, Sigingstone, Cowbridge CF71 7LP, UK",01446 773943,http://victoriainnsigingstone.com/,info@victoriainnsigingstone.com,http://victoriainnsigingstone.com
Bridgend,Llechwen Hall Hotel,"Llanfabon, Nelson, Pontypridd CF37 4HP, UK",01443 742050,http://www.llechwenhall.co.uk/,enquiries@llechwenhall.co.uk,http://www.llechwenhall.co.uk
Bridgend,New Inn Guest House,"113 Ewenny Rd, Bridgend CF31 3LN, UK",01656 654757,https://newinn-guesthouse.co.uk/,,
Bridgend,the villa guest house porthcawl,"27 Mary St, Porthcawl CF36 3YN, UK",01656 785074,http://www.villaguesthouseporthcawl.com/,villaguesthouseporthcawl@gmail.com,http://www.villaguesthouseporthcawl.com
Bridgend,Butterfly Guest House and B&B,"51 Mary St, Porthcawl CF36 3YN, UK",01656 783119,http://butterfly-guest-house.co.uk/,,
Bridgend,The Old Carpenters Arms,"The Old Carpenters Arms, Broughton, Cowbridge CF71 7QR, UK",01656 890333,http://www.theoldcarpentersarms.wales/,norris.oca@talk21.com,http://www.theoldcarpentersarms.wales
Bridgend,Ty Carreg Coch House,"Hernston Ln, Bridgend CF31 3DP, UK",029 2000 1480,https://www.nickybrightholidays.co.uk/,hello@nickybrightholidays.co.uk,https://www.nickybrightholidays.co.uk
Bridgend,Bryn Glamping,"Bryn Rd, Coychurch, Bridgend CF35 6AE, UK",07375 364387,http://www.brynglamping.co.uk/,info@brynglamping.co.uk,http://www.brynglamping.co.uk
Bridgend,Olivia House Guest House And Hotel,"44 Esplanade Ave, Porthcawl CF36 3YU, UK",07968 841992,http://www.oliviahouse.com/,stay@oliviahouse.com,http://www.oliviahouse.com/contact
Bridgend,39 John Street,"39 John Street First & Second Floor, Porthcawl CF36 3AP, UK",01656 771991,http://www.39johnstreet.com/,Hello@39JohnStreet.com,http://www.39johnstreet.com
Bridgend,St Bridgets Farmhouse Bed & Breakfast,"St Brides Major Vicarage, Bridgend CF32 0SD, UK",01656 880808,http://www.stbridgetsfarmhouse.co.uk/,enquiries@stbridgetsfarmhouse.co.uk,http://www.stbridgetsfarmhouse.co.uk
Bridgend,Clemenstone House B&B,"Wick, Cowbridge CF71 7PZ, UK",07714 703884,https://clemenstonehouse.com/,lynne.13@btinternet.com,https://clemenstonehouse.com
Bridgend,Newton Cottage,"Clevis Hill, Porthcawl CF36 5NT, UK",01656 785004,https://newton-cottage.inn.fan/,,
Bridgend,Seagulls Holiday Cottage,"Bryneglwys Ave, Porthcawl CF36 5NN, UK",01244 356666,https://www.sykescottages.co.uk/cottage/Somerset-Newton/Seagulls-943586.html,,
Bridgend,The Barn B&B and Tyn Cellar Farm Cottages,"Tyn Cellar Farm, Water St, Port Talbot SA13 2PD, UK",07866 597992,http://www.tyncellarfarm.co.uk/,contact@tyncellarfarm.co.uk,http://www.tyncellarfarm.co.uk/contact-us
Bridgend,The Old House 1147,"Llangynwyd, Maesteg CF34 9SB, UK",01656 336033,https://theoldhouse1147.co.uk/,,
Bridgend,Glyndŵr Vineyard,"Llanblethian, Cowbridge CF71 7JF, UK",01446 622231,http://www.glyndwrvineyard.co.uk/,,
Bridgend,Cowbridge Cabins,"The Lodge, Llwynhelig, Cowbridge CF71 7FF, UK",01446 772344,http://www.cowbridgecabins.co.uk/,info@cowbridgecabins.co.uk,http://www.cowbridgecabins.co.uk
Bridgend,Trecco Bay Holiday Park,"Church St, Porthcawl CF36 5NG, UK",0333 207 6861,https://www.parkdeanresorts.co.uk/location/wales/trecco-bay/?utm_source=local_google&utm_medium=organic&utm_campaign=trecco_bay_holiday_park,,
Bridgend,Caner Bach Lodge,"Blackmill, Bridgend CF35 6EP, UK",07799 436413,https://canerbachlodge.com/,Canerbachlodge@yahoo.com,https://canerbachlodge.com
Bridgend,Heritage Retreat,"Monknash, Cowbridge CF71 7QQ, UK",01656 890399,https://heritagecoast.uk/lodges/,info@heritagecoastcampsite.com,https://heritagecoast.uk
Cwmbran,Kings Head Hotel,"18 Old Market St, Usk NP15 1AL, UK",01291 672963,http://www.kingsheadusk.com/,,
Cwmbran,Little Crown Inn,"Elled Rd, Wainfelin, Pontypool NP4 6DR, UK",01495 763148,http://www.thelittlecrown.co.uk/,,
Cwmbran,Cwmcarn Hotel & Bunkhouse,"Cwmcarn Hotel, Newport Rd, Cwmcarn, Newport NP11 7ND, UK",07833 623354,https://thecwmcarnhotel.com/,THECWMCARN@GMAIL.COM,https://thecwmcarnhotel.com
Cwmbran,Usk Valley Shepherd's Hut,"Walnut Tree Farm, Cwmbran NP44 2DE, UK",07971 451725,https://www.airbnb.co.uk/rooms/47546638?viralityEntryPoint=1&s=76,,
Cwmbran,Glebe Farm Cottage,"Croesyceiliog, Cwmbran NP44 2DE, UK",,https://glebe.tripcombined.com/,,
Cwmbran,Olway Inn,"Chepstow Rd, Usk NP15 1EN, UK",01291 671142,https://www.facebook.com/profile.php?id=61552022318223,,
Cwmbran,The Granary,"Llanhennock, Caerleon NP18 1LU, UK",01633 422888,http://www.granary.info/,,
Cwmbran,Three Salmons Hotel,"3 Porthycarne St, Usk NP15 1RY, UK",01291 672133,http://www.threesalmons.co.uk/,reception@threesalmons.co.uk,http://www.threesalmons.co.uk
Cwmbran,The New Court Inn,"62 Maryport St, Usk NP15 1AD, UK",01291 671319,http://www.thenewcourtinn.co.uk/,info@thenewcourthotel.co.uk,http://www.thenewcourtinn.co.uk
Cwmbran,The Horseshoe Inn,"Old Abergavenny Rd, Pontypool NP4 8QZ, UK",01873 880542,https://thehorseshoeinnwales.co.uk/,,
Cwmbran,Maes Manor Hotel,"Maes Rudded Lane, Blackwood NP12 0AG, UK",01495 220011,https://maesmanor.co.uk/,info@maesmanor.com,https://maesmanor.co.uk
Cwmbran,The Wallace Steakhouse with rooms,"53 Bridge St, Usk NP15 1BQ, UK",01291 347348,https://www.alfredrusselwallace.co.uk/,enquiries@alfredrusselwallace.co.uk,https://www.alfredrusselwallace.co.uk/contact-us
Cwmbran,Peaceful Haven Cottage,"21 Darren Road, Risca, Newport NP11 6GY, UK",01633 646779,https://www.bauen-stays.co.uk/,hello@bauen-stays.co.uk,https://www.bauen-stays.co.uk
Cwmbran,Springfield Retreat by Propertri,"7 Springfield Rd, Risca, Newport NP11 6LY, UK",01633 849410,https://www.propertri.co.uk/newport-serviced-accommodation/springfield-retreat,,
Cwmbran,Upper Grippath Farm,"Mountain Rd, Risca, Newport NP11 6JB, UK",01633 615000,http://uppergrippath.co.uk/,holidaycottages@uppergrippath.co.uk,http://uppergrippath.co.uk
Cwmbran,Crosskeys Inn,"24 Bridge St, Usk NP15 1BG, UK",01291 672535,http://www.crosskeysusk.com/,crosskeysusk@googlemail.com,http://www.crosskeysusk.com
Cwmbran,Usk Barn Holiday Cottage,"Llanbadoc, Usk NP15 1PT, UK",,https://usk-barn.inn.fan/,,
Cwmbran,The Barn & Farmhouse - Celtic Manor Resort,"Catsash Rd, Caerleon, Newport NP18 1HQ, UK",01633 413000,https://www.hunter-lodges.com/,,
Wrexham,The Lemon Tree Restaurant With Rooms,"29 Rhosddu Rd, Wrexham LL11 2LP, UK",01978 261211,http://www.thelemontree.org.uk/,,
Wrexham,Wynnstay Arms Hotel by Marston's Inns,"Yorke St, Wrexham LL13 8LP, UK",01978 291010,https://www.marstonsinns.co.uk/inns/wynnstay-arms-hotel-wrexham?utm_source=gbp&utm_medium=Yext&y_source=1_MTIyOTQ0ODUtNzE1LWxvY2F0aW9uLndlYnNpdGU%3D,,
