Email Address,SITE,PHONE,TOWN,SITECOUNT
%20info@greenapplecatering.com,Green Apple Catering,01753 208877,Slough,1
aacem.southern@gmail.com,ACCEM - All Aspects of Catering Equipment Maintenance,07789 758555,Christchurch,1
acc.adcee@gmail.com,AD Catering Equipment Engineering,07432 563323,Leeds,1
accounts@burntorangeliv.com,Burnt Orange Catering,0151 903 5073,Liverpool,1
accounts@cbionline.co.uk,Catering & Bar Installations Ltd,01495 223211,Penarth,1
accounts@chrequipment.co.uk,CHR Food Service Equipment Ltd,01772 499774,Preston,1
accounts@saltscatering.co.uk,Salt's Catering,0113 529 2080,Leeds,1
accounts@worldwidecatering.co.uk,Worldwide Catering NW Ltd - Fruit and Veg Supplier Manchester,0161 684 7774,Manchester,1
ace-catering@hotmail.com,Ace catering equipment,01254 449123,Blackburn,1
action@clickonstore.net,CATERING EQUIPMENT LTD,0121 773 2228,Derby,1
adam@adamnathancatering.com,Adam Nathan Catering LTD,07828 390585,St Albans,1
admin@a1cdp.com,A1 Catering Disposable Products,01924 456786,Leeds,1
admin@agbunkerandsons.com,Lisa Roberts Catering,01582 476697,Dunstable,1
admin@basildoncateringequipment.co.uk,Basildon Catering Equipment Limited and BASILDON CATERING EQUIPMENT LIMITED,01268 533362,Southend-on-Sea,2
admin@citycateringsouthampton.co.uk,City Catering Southampton,023 8033 2226,Southampton,1
admin@euroasia-cateringsupplies.com,Euroasia Catering Supplies Ltd,01582 582259,Luton,1
admin@mckcatering.co.uk,MCK Catering Equipment & Fabrication,01592 650448,Arbroath,1
admin@michaelskitchenbeckenham.co.uk,Michael's Kitchen Beckenham,,Beckenham,1
admin@shipleysfoodservice.co.uk,Shipleys Foodservice,01753 531520,Slough,1
admin@ubanservices.com,Uban Catering,0800 368 7446,Wembley,1
alfresco.somerset@hotmail.com,Alfresco Catering,07787 297454,Taunton,1
ali@aliscountrykitchen.com,Ali's Country Kitchen,07739 573973,Clevedon,1
allcateringdesign@gmail.com,AllCatering Design Inc,,Preston,1
anapbm@gmail.com,Catering by Carina,07585 776166,Southend-on-Sea,1
arac_acer@jdcateringequip.co.uk,Anglia Catering Equipment Repairs,01953 851339,Stoke-on-Trent,1
arjuncatering@live.com,Arjun Catering,,Leamington Spa,1
ask@purplepeacatering.com,Purple Pea Catering,07736 529811,St Helens,1
aws-services@mail.com,AWS Catering and Refrigeration,07708 700374,Brighton,1
berrokitchen@gmail.com,Berro Kitchen,07850 253443,Basingstoke,1
bespokecatering.ltd@gmail.com,The Bespoke Catering Company,,Redcar,1
billturnbull9@gmail.com,Fiesta Catering,07799 941214,Barrow-in-Furness,1
bjcshowroom@gmail.com,B J C Bathrooms and Kitchens,01661 698002,Prudhoe,1
blossomandbeekitchen@pm.me,Blossom & Bee Kitchen,,Oswestry,1
busseyscateringhire@gmail.com,Busseys Catering Hire,07581 055803,Harrogate,1
butlerscateringsussex@outlook.com,Butler's Catering Sussex,07702 796093,Eastbourne,1
candkcatering4@gmail.com,CK Catering (cks bake n butties),01302 811733,Doncaster,1
capital@capitalhcatering.com,Capital H Catering & Leisure Equipment Hire Ltd,020 8569 6364,Hounslow,1
carl.kershaw@outlook.com,C & R Fabrications catering equipment,0114 244 9502,Sheffield,1
catering@gmail.com,RB foods & Catering Ltd.,07531 098214,Walsall,1
cccatering33@yahoo.co.uk,CC's Catering,07758 095146,Kettering,1
cchirekent@outlook.com,Canterbury Catering Hire,01227 369534,Herne Bay,1
cermltdoffice@gmail.com,Catering Equipment Repairs & Maintenance,07837 488640,Arbroath,1
chefs@fourelementscatering.com,Four Elements Catering,07359 111462,Plymouth,1
chris@chrisburnscatering.co.uk,Chris Burns Catering Ltd,01628 622459,Maidenhead,1
claire@souper-food.co.uk,Souper Food Catering,07949 903665,Tunbridge Wells,1
cmse@btconnect.com,Clean Plate Catering,01386 718067,Evesham,1
colmorecatering@hotmail.co.uk,Colmore Catering Services,01228 521886,Carlisle,1
communications-support@york.ac.uk,Campus Kitchen,01904 322030,York,1
contact@abcatering.com,A & B Catering Supplies Ltd,01254 692525,Blackburn,1
contact@carecatering.co.uk,Care Catering,01483 451352,Guildford,1
contact@extractpro.co.uk,Extract Pro: Kitchen Extraction Cleaning,07593 033072,Preston,1
contact@p7cep.co.uk,P7 Kitchen Commercial,01752 717772,Plymouth,1
contact@shakespearekitchen.co.uk,Shakespeare Kitchen Catering and Events,01789 453965,Stratford-upon-Avon,1
contact@thekentishgraze.co.uk,"The Kentish Graze - Grazing Tables | Grazing Platters | Luxury Catering | Folkestone, Kent & South East England",07470 445144,Folkestone,1
contact@thekitchenmechanic.co.uk,The Kitchen Mechanic,07838 978386,Sutton Coldfield,1
contact@ukcateringengineer.co.uk,UK Catering Engineer,07787 069044,Milton Keynes,1
cooknw10@gmail.com,Cook NW10 - Kitchen Hire,07960 875748,Wembley,1
customerservice@cateringtaps.com,Catering Taps,0333 300 1872,Chesterfield,1
customersupport@rdo.co.uk,RDO Kitchens & Appliances,01737 240403,Reigate,1
daniellew@mellors.co.uk,Mellors Catering Services,01695 737280,Skelmersdale,1
decarbonizer@vaclensa.com,The Decarbonizer | Clean your Commercial Kitchen and Cooking Equipment for less,0161 728 8301,Bolton,1
desicateringequipment@hotmail.co.uk,Desi Catering Equipment,01274 720544,Bradford,1
design@thekitchenandbedroomcompany.co.uk,The Kitchen & Bedroom Co,01670 714555,Cramlington,1
designhub@magnet.co.uk,Magnet Kitchens,01772 727676,Fulwood,1
director@foodiecateringevents.com,Foodie Catering and Events,01264 317000,Andover,1
dominic_falco@hotmail.com,Horizon Foodservice Equipment Limited,01733 246392,Peterborough,1
donate@opencart.com,Johnsons Catering Equipment,0115 976 1621,Nottingham,1
eat@radcatering.co.uk,RAD Catering,07832 950156,Truro,1
eben@eyebytes.com,The Cold Chef Catering Company,01684 576184,Malvern,1
ed@cullenscatering.co.uk,Cullens Catering,01823 289274,Taunton,1
ella-phantkitchen@outlook.com,The Ella-Phant Kitchen,07715 595075,Yeovil,1
emily.sime@simecatering.com,Sime Catering Equipment LTD,01827 703650,Solihull,1
enquiries@altrinchamcaterhire.co.uk,Altrincham Catering Equipment Hire,0161 905 1652,Altrincham,1
enquiries@avondalecatering.co.uk,Avondale Catering Supplies Ltd,0117 244 2295,Bristol,1
enquiries@birchallfoodservice.co.uk,Birchall Foodservice,01282 429446,Burnley,1
enquiries@cairncateringengineers.co.uk,Cairn Catering Engineers,0800 999 1926,Leeds,1
enquiries@catercare.com,CaterCare Catering Equipment Ltd,01582 862000,Stoke-on-Trent,1
enquiries@cateringyorkshire.com,Catering Yorkshire,0113 236 8135,Leeds,1
enquiries@centre-catering.com,Centre Catering,01342 393938,Crawley,1
enquiries@fromourkitchen.co.uk,From Our Kitchen,07707 121712,Wolverhampton,1
enquiries@hamblecatering.co.uk,Hamble Catering Ltd,023 8045 7262,Southampton,1
enquiries@jamieleesmithcatering.co.uk,Jamie Lee Smith Catering,07715 427421,Ipswich,1
enquiries@justcateringrepairsltd.co.uk,Just Catering Repairs Ltd,07711 944116,Brighton,1
enquiries@lambrothers.co.uk,"Lambrothers Air Conditioning, Refrigeration & Catering Engineers",01206 796744,Colchester,1
enquiries@merseyfabs.co.uk,Merseyside Catering Fabrications Limited,0151 489 1255,Liverpool,1
enquiries@midcheshirecatering.co.uk,Mid Cheshire Catering,01606 331348,Northwich,1
enquiries@morgans-catering.co.uk,Morgans Catering For You Limted,01527 821800,Redditch,1
enquiries@moriarty-catering.co.uk,Moriarty Catering Installations,01788 821440,Rugby,1
enquiries@petercoxcatering.co.uk,Peter Cox (Catering Equipment) Ltd,01256 333050,Basingstoke,1
enquiries@targetcatering.co.uk,Target Catering Equipment,01452 410447,Gloucester,1
enquiries@thekitchenatinspired.co.uk,The Kitchen at Inspired,01923 264649,Hemel Hempstead,1
enquiries@yeschefhospitality.com,Yes Chef Catering Bournemouth,07523 102778,Bournemouth,1
enquiriestees@noblecatering.co.uk,Noble Catering,01642 608188,Middlesbrough,1
enquiry@5starhire.co.uk,5 Star Catering Equipment Hire Ltd,01925 822527,Warrington,1
enquiry@cateringbyanita.co.uk,Catering by Anita,07856 686930,Sunderland,1
enquiry@devoncatering.com,Devon Catering - Wedding Caterer,01271 858505,Barnstaple,1
enquiry@manchestercateringcompany.com,Manchester Catering Company,0161 723 1990,Radcliffe,1
erce@live.co.uk,East Riding Catering Equipment,01482 860303,Hull,1
events@barbeskewscatering.co.uk,barbeskews catering,020 3575 1288,Worthing,1
events@countryhogroast.co.uk,Country Hog Roast | Hog Roast & BBQ Catering,07932 033009,Colne,1
events@thecatering.co.uk,The Catering Co,01254 492611,Blackburn,1
eventsteam@greenleafservices.com,Greenleaf Catering and Event Management,020 8574 7779,Hounslow,1
example@mysite.com,Karim Catering and 4 other catering engineers,07957 337200,Walthamstow,5
fabio@coloseeumcatering.com,Colosseum Catering Equipment Ltd,020 8395 3940,Sutton,1
factoryfirst@gmail.com,First Catering Equipment,01268 777117,Southend-on-Sea,1
finance@gkf-ltd.co.uk,Goyt Kitchen Fabrications Ltd,0161 975 0011,Ashton-under-Lyne,1
frigorefrigerationltd@hotmail.com,Frigo Catering Equipment,07958 222188,Enfield,1
gareth@in-touchinteractive.com,Catering Equipment Services Ltd,028 9049 1616,London,1
geordiecampbellchef@hotmail.com,Campbell's Catering Solutions,07909 776225,Hornchurch,1
george.jenner@live.co.uk,K&J Catering,0191 534 2331,Sunderland,1
george.tatar@i-dreamkitchens.co.uk,I-dream Kitchens & Interiors,01494 793593,Chesham,1
gosportkitchens@outlook.com,Nick Williams Kitchens & Bathrooms,07990 511616,Gosport,1
greenawayscatering@gmail.com,Greenaways Catering,01676 542084,Nuneaton,1
guildford@thekitchenstore.co.uk,The Kitchen Store - Guildford and The Kitchen Store - Horsham,01483 971333,Guildford,2
hasssan.catering@hotmail.com,Hassan Catering,01582 706666,Luton,1
hcl.hospitality@hcl.co.uk,Hertfordshire Catering Limited (HCL),01707 292500,Welwyn Garden City,1
hello@appetite-catering.co.uk,appetite catering ltd,07813 543302,Hitchin,1
hello@bakerstreetbakers.com,Baker Street Bakers. Cakes and Catering,0800 999 1843,York,1
hello@bigfreshcatering.co.uk,The Big and Fresh Catering Company,,Penarth,1
hello@catering24.co.uk,Catering24 Ltd,0115 944 4434,Ilkeston,1
hello@coastandcountrycatering.co.uk,Coast & Country Catering,01392 535995,Exeter,1
hello@email.co.uk,O.K.E LTD - Bespoke Catering Equipment & Ventilation,01992 890888,Walthamstow,1
hello@flemingcatering.co.uk,Fleming Catering,01902 212180,Wolverhampton,1
hello@garthparkkitchen.com,Garth Park Kitchen,01869 246947,Bicester,1
hello@goforgreenuk.com,Go For Green - Catering Equipment & Eco Friendly Products,01252 938802,Farnham,1
hello@jacquelinewisechef.co.uk,Kelmsley Wedding Catering,01243 265000,Chichester,1
hello@lordwell.co.uk,Lordwell Catering Equipment,01827 216260,Tamworth,1
hello@luckyspoon.co.uk,Lucky Spoon Catering,01908 229566,Milton Keynes,1
hello@mrkitchenporter.com,Mr. Kitchen Porter,020 3960 5996,Walthamstow,1
hello@nibbledcatering.co.uk,Nibbled Catering & Events,07803 616063,Trowbridge,1
hello@rfuenzalida.com,Special Event Catering,07528 380869,Stourbridge,1
hello@tudorskbb.co.uk,Tudors Kitchens & Bathrooms,01432 262820,Hereford,1
hello@urbanfoodservice.co.uk,Urban Foodservice,0370 727 0707,Slough,1
hgkhastings@gmail.com,Home Ground Kitchen,07880 926231,Hastings,1
homemade@applebeescatering.co.uk,Applebees Catering Limited,07973 734564,Hinckley,1
ian@elmorekitchensrugeley.com,Elmore Kitchens & Interior Designs Rugeley,01889 575425,Rugeley,1
icsukltd@outlook.com,Independent Catering Services (UK) Ltd,01706 525573,Oldham,1
ignitedcatering@gmail.com,Ignited catering suppliers,07961 434658,Ilford,1
impallari@gmail.com,Advanced Catering Services Ltd and Skyline Kitchen Solutions Ltd,07834 615965,Sheffield,2
info@5starcateringequipment.co.uk,5 Star Catering Equipment Supplier,0800 999 1535,Newcastle upon Tyne,1
info@aaskcateringequipment.com,AASK Catering Equipment Solutions LTD,07805 165037,Bradford,1
info@abbeycateringservices.co.uk,Abbey Catering Services,01424 830347,Hastings,1
info@abidcateringservices.co.uk,Abid Catering Services,01494 440000,High Wycombe,1
info@abmcatering.co.uk,A B M Catering Ltd,01926 498448,Warwick,1
info@accentcatering.co.uk,Accent Catering Services Ltd,01784 224690,Slough,1
info@acecateringengineers.co.uk,Ace Catering Engineers,01255 224004,Southend-on-Sea,1
info@adventcatering.co.uk,Advent Catering Group,07379 371004,Harrogate,1
info@aekb.co.uk,Alderley Edge Kitchens & Bathrooms,01625 584305,Wilmslow,1
info@ajcommercialrefrigeration.co.uk,A & J commercial refrigeration & Catering Equipment,01482 961903,Hull,1
info@akodining.co.uk,Ako Dining Catering,,Christchurch,1
info@akwillbbqsmoker.co.uk,BBQ Catering,020 7129 7963,London,1
info@alleventshogroast.co.uk,All Events Hog Roast & BBQ Catering,01793 677444,Swindon,1
info@allseasons-catering.co.uk,All Seasons Catering,07738 587766,East Grinstead,1
info@andyvan.net,Andyvan Catering & Hygiene Supplies,01722 333383,Salisbury,1
info@asjcatering.co.uk,ASJ Catering & Events,01384 931032,Dudley,1
info@auracatering.co.uk,Aura Catering,020 8454 7887,Harrow,1
info@axisce.co.uk,AXIS Catering Equipment,0844 251 1800,Wellingborough,1
info@azizcatering.co.uk,Aziz catering bradford,01274 488874,Shipley,1
info@b3-design.co.uk,B3 Design Kitchens & Bathrooms,0151 424 3535,Widnes,1
info@bacateringequipment.co.uk,BA CATERING & REFRIGERATION,020 8658 1994,Croydon,1
info@bandpwholesale.co.uk,B&P Wholesale - Packaging & Catering Supplies,0114 244 4446,Sheffield,1
info@bartorelli.co.uk,Bartorelli Refrigeration Catering & Air Conditioning,01803 524802,Barnstaple,1
info@bentleybrown.co.uk,Bentley Brown Catering Hire Ltd,01483 506720,Guildford,1
info@berkeleycatering.co.uk,Berkeley Catering,020 7837 6853,London,1
info@bespokecateringvehicles.com,Bespoke Catering Vehicles,01778 301711,Peterborough,1
info@bigmouthscatering.co.uk,Bigmouths Catering,07712 353733,Stourbridge,1
info@bindacatering.com,Binda Catering,07984 418777,West Bromwich,1
info@bluebellcatering.co.uk,Bluebell catering,07835 996273,Widnes,1
info@boilertech.org.uk,"Boiler Tech Commercial & domestic heating, catering gas",07888 891079,Hastings,1
info@boldcatering.com,Bold Catering Equipment,0151 632 2174,Birkenhead,1
info@burtscateringbutchers.co.uk,Burts Catering Butchers Ltd,01424 730417,Bexhill-on-Sea,1
info@cakesandcatering.co.uk,Cakes and Catering,07881 880836,Hereford,1
info@caldercatering.co.uk,Calder Catering Equipment Services Ltd,01924 872972,Leeds,1
info@capitalfood.co.uk,Capital FoodService Ltd,01992 283440,Cheshunt,1
info@carlton-catering-equipment.co.uk,Carlton Catering Equipment,07976 285343,Sheffield,1
info@caterfixkitchens.co.uk,Caterfix Kitchens,07852 285617,Cheltenham,1
info@cateringappliancesuk.co.uk,Catering Appliances UK,0333 358 3953,Huddersfield,1
info@cateringdesign.co.uk,Catering Design Group,0113 833 1234,Daventry,1
info@cateringengineers.com,C&C Catering Engineers,01244 536354,London,1
info@cateringequipment-uk.co.uk,CEE | Catering Equipment Express,01902 495634,Birmingham,1
info@cateringequipment.com,C&C Catering Equipment Ltd,01244 625170,Liverpool,1
info@cateringfabrications.com,C & C Catering Fabrications Ltd,0151 547 4822,Liverpool,1
info@cateringparts.co.uk,Catering Parts UK Ltd,01924 872982,Leeds,1
info@cateringsolutionz.com,New Catering Solutionz,07711 825722,Birmingham,1
info@caterpillarcatering.co.uk,Caterpillar Catering Ltd,07399 896580,Keighley,1
info@catserv.co.uk,Catering Services International,024 7622 4777,Coventry,1
info@cce-mail.co.uk,Commercial Catering Engineers Ltd,01745 798390,Widnes,1
info@cceanglia.co.uk,Commercial Catering Engineers Anglia Limited,01603 320270,Norwich,1
info@ccecatering.com,Castle Catering Engineers Ltd,0115 905 1208,Leicester,1
info@cedabond.co.uk,Cedabond Catering Equipment,0333 344 0037,Eastbourne,1
info@ceeltd.co.uk,Catering Equipment Engineers,028 9446 8666,West Bromwich,1
info@charliescateringhire.co.uk,Charlie's Catering Hire,01784 423020,Feltham,1
info@chefduet.co.uk,Chef Duet Catering Co,0345 116 6919,Bideford,1
info@chefinmykitchen.co.uk,Chef In My Kitchen,0330 053 6535,Runcorn,1
info@chefs-kitchen.co.uk,The Chefs Kitchen,01788 546151,Rugby,1
info@chelmsfordcatering.co.uk,Chelmsford Catering,01245 970039,Chelmsford,1
info@chrisanthonyestates.com,SOS Catering Equipment and Engineering Limited,020 8531 8543,London,1
info@christines-catering.co.uk,Christines Catering,01432 352152,Hereford,1
info@climatecontrolsupport.co.uk,Commercial Refrigeration Services Nelson - Climate Control Support,01282 690084,Nelson,1
info@colossalcatering.co.uk,Colossal Catering,07833 693644,Doncaster,1
info@commercialkitchenbreakdowns.co.uk,Commercial Kitchen Breakdowns Ltd,01780 778088,Leicester,1
info@copleysfood.co.uk,Copleys Event Catering,01920 449292,Harlow,1
info@courtcatering.co.uk,Court Catering Equipment Ltd,020 8576 6500,Bracknell,1
info@dacrs.co.uk,DA Catering repairs and servicing ltd,07922 301397,Manchester,1
info@davockkitchens.com,Davock Kitchens Ltd,01302 896060,Doncaster,1
info@deosacatering.co.uk,De'Osa Catering & Event Services,07914 714911,Dartford,1
info@depotsupplies.co.uk,Depot Catering & Cleaning Supplies,01206 871872,Colchester,1
info@detservices.co.uk,Madina Catering,01283 892980,Burton-on-Trent,1
info@dipsfoods.com,Dips Foods (Event Catering & Retail Shop),020 8951 0326,Harrow,1
info@earthcatering.co.uk,Earth Catering,0330 113 9111,Chichester,1
info@eastcoastcateringequipment.co.uk,East Coast Catering Equipment,07879 837316,Lincoln,1
info@eastwaycateringsupplies.com,Eastway Catering Supplies,0161 223 6688,Stockport,1
info@eco-catering-equipment.co.uk,Eco Catering Equipment,01582 865050,Milton Keynes,1
info@elyacatering.co.uk,Elya Catering Equipment Ltd,0115 978 8585,Nottingham,1
info@eurocatering.co.uk,Euro Catering,020 7613 3084,London,1
info@excelfood.co.uk,Excel Food Service,0191 519 4242,Sunderland,1
info@expresscateringandfabrications.co.uk,Express Catering Equipment,0114 352 1074,Sheffield,1
info@foodservicesolutions.co.uk,Food Service Solutions (UK) Ltd,01246 477223,Sheffield,1
info@fosters-catering.co.uk,Fosters Catering Ltd,01256 356006,Basingstoke,1
info@francoscatering.co.uk,Franco's Deli & Catering,07552 231700,Chippenham,1
info@gac-catering.co.uk,GAC Catering & Refrigeration,01803 523412,Plymouth,1
info@gapcatering.com,Gap Catering,01722 331263,Salisbury,1
info@gecatering.com,General Engineers Catering Ltd,01264 850060,Oxford,1
info@glassjacks.co.uk,Catering Products Direct,,Southampton,1
info@gloseventhire.co.uk,Catering Equipment Hire,01452 750400,Gloucester,1
info@gmail.com,Ittefaq Catering,01422 359555,Halifax,1
info@gratte.com,Gratte Brothers | Foodservice Solutions,01438 750022,Stevenage,1
info@greenfigcateringcompany.com,Green Fig Catering Company,01323 913704,Eastbourne,1
info@gsfoodservice.co.uk,Grey Simmonds Foodservice Equipment Ltd,0845 330 1693,Wickford,1
info@guyscliffecatering.co.uk,Guy's Cliffe Catering & Events,07881 422955,Warwick,1
info@harveyjones.com,Harvey Jones Kitchens Wilmslow,01625 529982,Wilmslow,1
info@hmgastrocel.co.uk,H&M Gastro Catering Equipment Limited,01302 361300,Doncaster,1
info@homltd.co.uk,HOM Refrigeration & Catering Engineers,01604 965823,Northampton,1
info@hwcatering.co.uk,H&W Catering Limited,0330 124 4258,Dartford,1
info@independentcatering.co.uk,Independent Catering Management Limited,01732 746123,Sittingbourne,1
info@indexcatering.com,Index Catering,020 3478 6498,Walthamstow,1
info@indulgedelibar.co.uk,Indulge Deli Bar and Catering,01423 816184,Harrogate,1
info@indulgence-catering.co.uk,Indulgence Catering,07779 998590,Penzance,1
info@infernocatering.co.uk,Inferno Catering Wales Ltd,07852 365857,Penarth,1
info@initialkitchens.co.uk,Initial Kitchens - Kitchens Heywood,01706 366399,Heywood,1
info@istanbulcatering.co.uk,Istanbul Catering Equipment Shop,07818 044952,Walthamstow,1
info@jackrobinsoncatering.co.uk,Jack Robinson Catering,07547 552696,Harrogate,1
info@jacksonscatering.co.uk,Jacksons Catering Company ltd,0121 553 1777,West Bromwich,1
info@jestic.co.uk,Jestic Foodservice Solutions,0161 874 5400,Salford,1
info@jjcateringandevents.com,J J Catering and Events Ltd,07404 402670,Coventry,1
info@jollyscatering.co.uk,Jollys Catering Ltd,020 8129 1575,Ilford,1
info@jplcatering.co.uk,JPL Catering Ltd,020 7078 7336,Kingston upon Thames,1
info@k-c-s.co.uk,Knight Catering Services Ltd,07973 181453,Southampton,1
info@kalmkitchen.co.uk,Kalm Kitchen,01483 813360,Guildford,1
info@kentcatering.com,Kent Catering.,020 8462 9911,London,1
info@kentcateringservice.co.uk,Kent Catering Service Ltd,01795 669600,Dartford,1
info@kentcommercialkitchens.co.uk,Kent Commercial Kitchens,01304 249963,Dartford,1
info@kentkitchenservices.co.uk,Kent Kitchen Services,07904 100864,Sittingbourne,1
info@khanscatering.co.uk,Khans Catering,07572 091156,High Wycombe,1
info@kitchenartillery.co.uk,Kitchen Artillery,0117 973 1062,Bristol,1
info@kitchencomfortservices.co.uk,Kitchen Comfort Services,07478 945787,Epsom,1
info@kitchendoorsnw.com,Kitchen Doors Northwest Ltd,01772 884064,Preston,1
info@kitchenhire.co.uk,Mobile Kitchen Hire,07836 594397,Potters Bar,1
info@kitchenlife.uk.com,Kitchen Life,01270 256896,Crewe,1
info@kitchenmakeovers.co.uk,Kitchen Makeovers (Staines),01784 790040,Staines,1
info@kitchenworldmansfield.co.uk,Kitchen World (Mansfield) Ltd,01623 651435,Mansfield,1
info@krdcatering.com,KRD Catering Equipment Ltd,01322 923522,Walthamstow,1
info@latekcatering.com,Latek Catering,020 8889 0220,London,1
info@lcsupplies.co.uk,London Catering Supplies Ltd,,Luton,1
info@leelance.co.uk,Leelance catering,07956 615870,Sutton Coldfield,1
info@loonatcs.co.uk,Loonat Catering Services,0800 505 3229,Dewsbury,1
info@magnafoodservice.co.uk,Magna Foodservice,020 8050 1231,Hounslow,1
info@mannicitas.com,Mannicitas Catering,07807 861317,Basingstoke,1
info@masterscatering.co.uk,Masters Catering,07824 190092,London,1
info@mctonline.co.uk,MCT - Multi Catering Technologies,0800 224 8204,Norwich,1
info@meridiancateringengineers.co.uk,Meridian Catering Engineers,023 8064 7062,Southampton,1
info@merlinscatering.com,Merlins Catering,01202 911017,Bournemouth,1
info@midlandsrefrigeration.co.uk,Midlands Refrigeration & Catering Equipment,0121 439 0300,Birmingham,1
info@millerfoodservice.co.uk,Total Foodservice,01484 536688,Huddersfield,1
info@miltonhousecatering.co.uk,Milton House Catering,07809 499858,Northampton,1
info@mixandblend-london.com,Mix & Blend Catering,020 8058 6564,London,1
info@mjsequipment.co.uk,MJS Catering & Refrigeration Equipment Suppliers Ltd,01788 891510,Gloucester,1
info@mmcateringsupplies.com,M&M CATERING SUPPLIES LIMITED,0117 982 7338,Bristol,1
info@mtpscatering.co.uk,MTPS Catering & Bar Supplies,01279 466411,Bishop's Stortford,1
info@mumskitchenlondon.co.uk,Mum’s Kitchen,07730 519525,Bushey,1
info@nbeservices.com,NBE Catering Equipment Services Ltd,01268 201319,Southend-on-Sea,1
info@nebathroomsupplies.co.uk,North East Kitchen and Bathroom Supplies,07821 646189,Jarrow,1
info@njoycatering.co.uk,N Joy Catering,020 3948 9970,Enfield,1
info@nlce.co.uk,North London Catering Equipment Ltd,020 8361 6644,Enfield,1
info@norsegroup.co.uk,Norse Catering,01603 894100,Norwich,1
info@northerncatering.co.uk,Northern Catering Equipment,0113 833 1234,Leeds,1
info@nottinghamcateringengineers.co.uk,Nottingham Catering Engineers Ltd,0115 877 8888,Nottingham,1
info@onsitekitchens.com,On-Site Kitchen Rentals Ltd,01253 863305,Thornton Cleveleys,1
info@outoftheboxcatering.net,Out of the Box Catering,01793 467130,Swindon,1
info@peninsulacatering.co.uk,Peninsula Catering,0151 662 0191,Liverpool,1
info@pepperscateringofshepton.co.uk,Peppers Catering,01749 346640,Frome,1
info@pigandahalf.co.uk,Pig & a Half - Hog Roast & BBQ Catering,0800 099 6166,Swindon,1
info@pinkdiamondcatering.co.uk,Pink Diamond Catering,07554 075245,Wembley,1
info@premas-kitchen.com,Prema's Kitchen,01628 533171,Maidenhead,1
info@premiercateringmanufacture.co.uk,Premier Catering Manufacture,0800 048 9074,Blackburn,1
info@proexcatering.co.uk,Proex Catering Equipment Buy & Sell - MANCHESTER -,07983 242182,Manchester,1
info@prolaundrycatering.co.uk,Pro Laundry & Catering Services Ltd,01977 218229,Barnsley,1
info@quartzmatik.com,Quartz Kitchen Worktops - QuartzMatik,020 8187 6460,Harrow,1
info@rgccs.co.uk,RG Commercial Catering Services Ltd,0118 437 4173,Reading,1
info@rhhall.com,R H Hall Foodservice Solutions,01296 663400,Milton Keynes,1
info@rjeventshire.co.uk,RJ Events Catering,07725 959035,Lincoln,1
info@romfordce.com,romford catering equipment ltd,07385 190378,Ilford,1
info@sadlergates.co.uk,Sadlergates Catering Nottingham | Food Catering Professionals,0115 647 6903,Nottingham,1
info@samicatering.co.uk,Sami Catering,01274 010825,Shipley,1
info@secommercialkitchens.co.uk,South East Commercial Kitchens Ltd,020 8393 4358,Horsham,1
info@selectce.co.uk,Select Catering Equipment,01908 980075,Milton Keynes,1
info@sghengineers.co.uk,SGH Catering & Bakery Engineers Ltd,01603 801320,Norwich,1
info@sigma-ce.co.uk,Sigma Catering Equipment,0191 263 6363,Newcastle upon Tyne,1
info@skcateringbedford.co.uk,S.k Catering,01234 380090,Bedford,1
info@smartcaterings.co.uk,Smart Catering,020 7018 2160,Ilford,1
info@southeastcatering.co.uk,South East Catering Services Ltd,020 8294 0695,Dartford,1
info@splashout.co.uk,Splashout Fitted Bathrooms & Kitchens Ltd,01530 811593,Coalville,1
info@stagheaddesigns.com,UK Catering Ltd and JD Catering Equipment Solutions Ltd,01273 505075,Brighton,2
info@stickyfigcatering.co.uk,Sticky Fig Catering,07983 421447,Stourbridge,1
info@strattoncateringhire.co.uk,Stratton Catering Equipment Hire,01793 535642,Swindon,1
info@swagatcatering.com,Swagat Catering,020 8903 0462,Wembley,1
info@swiftcateringtamworth.co.uk,Swift Catering Tamworth,07954 139369,Tamworth,1
info@techmacool.co.uk,Techma Cool Climate Solutions - Commercial Refrigeration & Air Conditioning Services Only – No Domestic Work Undertaken.,07587 356437,Crewe,1
info@thebellonthegreen.com,Bell Catering Company,07729 965896,Hounslow,1
info@thegardencatering.com,The Garden Catering,020 3504 6404,Kingston upon Thames,1
info@thehobkitchens.com,The Hob Kitchens Ltd,01405 497618,Goole,1
info@thompsonscateringengineers.co.uk,Thompsons Catering Engineers,07810 252231,Middleton,1
info@total24.co.uk,Total 24 - Heating / Refrigeration / Catering Engineer / Chiller / Air Con / Commercial Gas - Scarborough,01723 313707,Scarborough,1
info@ummahcatering.co.uk,Ummah catering,020 8527 0908,Walthamstow,1
info@universalcatering.co.uk,Universal Catering Equipment ltd,0121 246 3578,Birmingham,1
info@vands.co.uk,V & S Catering Supplies Co,020 7485 2658,London,1
info@victoriamoorecatering.co.uk,Victoria Moore Catering,01225 760568,Trowbridge,1
info@vipcateringparts.co.uk,Vip Catering Spares,07539 934422,Sheffield,1
info@wcbcatering.co.uk,WCB Catering,07458 983705,Burton-on-Trent,1
info@webuyeverything.co.uk,Whites Catering Equipment,01895 730055,Kettering,1
info@wildtruffle.co.uk,Wild Truffle Catering,0151 291 1144,Liverpool,1
jaidcateringandevents@outlook.com,Jaid Catering and Events,07423 029247,Burntwood,1
jaijaliyanltd@gmail.com,Jai Jaliyan - best catering & events,07885 602959,Leicester,1
jamalcateringequipmentltd@gmail.com,Jamal catering equipment LTD,07376 374668,Ilford,1
james@nomad-catering.co.uk,James Brown Catering,01423 210016,Harrogate,1
janiceread72@yahoo.com,Salisburys Masters of Taste Catering Specialist,07979 196870,Salisbury,1
jdoe@email.com,McEvoy & Rowley Kitchens,01628 777022,Maidenhead,1
jenny.uma17@gmail.com,LTN Catering,07498 754944,Wellingborough,1
john@atyourserviceplatehire.co.uk,At Your Service Catering Equipment Hire,07786 038822,Bromley,1
john@doe.com,Myton Kitchens Ltd,01924 451810,Dewsbury,1
john@totalkitchenservices.co.uk,Total Kitchen Services Ltd,0161 428 4154,Manchester,1
johndoe@domain.com,York Catering Supplies,01904 628855,York,1
julieskitchen1@gmail.com,Julies Kitchen Caterers,07793 842270,Widnes,1
justinbutcher8@gmail.com,ECatering,0333 358 3678,Whitley Bay,1
k1foods216@gmail.com,Konaseema Foods - Curries & Catering,073382 20909,Whitefield,1
kamilcaters@gmail.com,Kamil Catering Equipment LTD,07405 873018,Walthamstow,1
kelly@kellysoutsidecatering.co.uk,Kelly's Outside Catering,07590 268489,Newton Abbot,1
kevin@coolcooks.com,Cool Cooks Catering Company Ltd,07765 413845,Hertford,1
kie@kieskitchen.co.uk,Kie's Kitchen,07398 186606,Dudley,1
kitchencleaninggroup@gmail.com,The Kitchen Cleaning Group,0800 999 8827,Worthing,1
kitchenclearanceuk@gmail.com,Kitchen Clearance UK Ltd,07790 612911,Peterborough,1
kitchencraft.cobham@zen.co.uk,Kitchencraft & Kingston Bathrooms,020 8390 7197,Kingston upon Thames,1
kitchens@linda-lewis.co.uk,LLK Pizza Pros (Linda Lewis Kitchens Ltd),0161 633 5797,Oldham,1
kitchensales@icloud.com,Kitchensalesuk,07500 407007,Sandbach,1
ladyrichards30@gmail.com,Queency’s catering service,07434 940223,Kettering,1
lindleyscem@gmail.com,Lindleys Catering,07843 593376,Leigh,1
londonkitchenconsultants@gmail.com,London Kitchen Consultants,0800 044 8439,Ruislip,1
lucas.toborek@cheflucas.co.uk,Chef Lucas Catering Services Ltd.,07472 813392,Burton-on-Trent,1
lynnbakes62@gmail.com,Lynn Hilditch Catering,07775 733608,Penrith,1
mail@blackberryandbaycatering.co.uk,Blackberry & Bay Catering,01823 278867,Taunton,1
mail@smithscateringlondon.co.uk,Smith's Catering,07936 908323,London,1
manager@riponcitygolfclub.com,Ripon Golf Club Bar and Catering,01765 603640,Ripon,1
marcus@qualitycuisine.co.uk,Marcus Moore Catering Ltd,01257 401000,Chorley,1
mart.ward@hotmail.co.uk,Ward's Catering Equipment Services,07720 894899,Southend-on-Sea,1
martin@cateringcomponents.com,Catering Components Ltd,07980 858123,Newton Abbot,1
michael.hall@cmhcatering.co.uk,cmhcateringltd,07807 135685,Hatfield,1
mllegeorgesand@gmail.com,Agam Catering Equipment Suppliers and Ritchie Catering Equipment,01709 379684,Sheffield,2
noreply@8200.agent-platform.co.uk,Complete Kitchen & Home Appliances Ltd (CK Home Appliances LTD),0161 763 4146,Bury,1
norman@gratecateringevents.co.uk,Grate Catering and Events Ltd,07803 542063,Portsmouth,1
nottscateringrepairs@mail.com,Notts Catering Repairs,07815 570971,Nottingham,1
ockltd@hotmail.com,Oxford Commercial Kitchens Limited,01235 520509,Oxford,1
office@abbottcs.co.uk,Abbott Catering Services Ltd,020 3950 2211,Dartford,1
office@cateringrepairslondon.co.uk,Catering Repairs London,020 3875 8981,London,1
office@ccscatercareltd.com,Commercial Catering Services,01277 200500,Ipswich,1
office@commercialkitchens.co.uk,Nelson Commercial Kitchens,0800 731 3045,Nelson,1
office@escateringequip.co.uk,Eileen Say Catering Equipment Ltd,01737 642100,Redhill,1
office@mrsbscaringcatering.co.uk,Mrs B's Catering,01373 452593,Frome,1
office@normantonltd.com,Normanton Catering Technicians Ltd,01706 840311,Oldham,1
office@novarepairs.co.uk,Nova Catering Repairs,01384 210544,Birmingham,1
office@pegasusfilmcatering.com,Pegasus Film & Tv Catering Ltd,07732 751284,Hounslow,1
office@polariscatering.co.uk,Polaris Catering & Refrigeration Service Ltd,01527 585676,Birmingham,1
orders@ariacatering.co.uk,Aria Catering,01276 932469,Camberley,1
orders@azreliant.co.uk,A-Z Reliant Catering Equipment Hire (Century Hire Ltd.),020 8900 0561,Wembley,1
orders@buckinghamscateringsuppliers.co.uk,Buckinghams Catering Supplies,01277 821540,Harlow,1
orders@dearbrotherscateringltd.com,Dear Brothers Catering Ltd,01245 420700,Chelmsford,1
orders@southcatering.co.uk,South Catering Bolton and 2 other catering engineers,01204 584020,Bolton,3
orders@threshfieldcatering.co.uk,Threshfield Catering Supplies,01943 870055,Guiseley,1
parties@athomecatering.co.uk,At Home Catering Ltd,01932 862026,Esher,1
paul@invict.co.uk,Invicta Catering,01227 454775,Chatham,1
paulsharkey@me.com,R. D. Johns Foodservice,01626 368800,Newton Abbot,1
planbcateringequip@hotmail.co.uk,Plan B Catering Equipment Ltd,01522 694360,Lincoln,1
rachel@rachelseventcatering.co.uk,Rachel's Event Catering,07941 155295,High Wycombe,1
raja@midlandcateringltd.co.uk,Midland Catering Ltd,0121 773 4778,Birmingham,1
rcmcatering@aol.com,RCM Catering Equipment Ltd,01793 521120,Swindon,1
rjscatering@live.co.uk,RJS Catering,07751 353775,Solihull,1
rochdalecatering@hotmail.com,Rochdale Catering Equipment,07973 853502,Oldham,1
saivenkateshwaracatering@gmail.com,Sai Venkateshwara Catering,096208 29334,Whitefield,1
sales@abccatering.co.uk,ABC Catering,020 8958 1958,Harrow,1
sales@allenshire.co.uk,Allens Catering Equipment Hire Southampton and Allens Catering Equipment Hire,023 8065 2316,Southampton,2
sales@andycatering.com,Andy Catering,020 8556 9060,Walthamstow,1
sales@angliacateringequipment.com,Anglia Catering Equipment Ltd,01379 641223,Norwich,1
sales@ascotcateringhire.co.uk,Ascot Catering Hire,0345 463 8007,Slough,1
sales@astonsgca.com,ASTONS Catering Equipment,0121 643 1131,Birmingham,1
sales@bbcateringsupplies.co.uk,BB Catering Supplies Ltd,01254 485863,Blackburn,1
sales@bluecresthire.co.uk,Blue Crest Catering Hire Ltd,01623 750705,Hucknall,1
sales@bluestonecatering.co.uk,Bluestone Catering Solutions,0116 267 2211,Leicester,1
sales@bonchef.co.uk,Bonchef Ltd T/A Hayes Catering Supplies,0118 947 9393,Reading,1
sales@burnhillkitchens.co.uk,Burnhill Kitchens LTD,01732 373515,Tonbridge,1
sales@buyersmate.net,Hotel Catering Supplies,01603 439459,Norwich,1
sales@caltel.co.uk,Caltel Catering Equipment and Hire,01952 740833,Telford,1
sales@catering-appliance.com,Catering Appliance Superstore,01539 760650,Barrow-in-Furness,1
sales@cateringpartnership.co.uk,Catering Partnership Ltd,01539 822552,Barrow-in-Furness,1
sales@caterquip.co.uk,Elite Catering Equipment Services Ltd,01733 595440,Peterborough,1
sales@ccpltd.uk,Complete Catering Projects,01604 969315,Northampton,1
sales@centralfoodservice.co.uk,Central Food Service Limited,01782 811899,Stoke-on-Trent,1
sales@charnwoodce.co.uk,Charnwood Catering Equipment Ltd,01509 272853,Coalville,1
sales@chinastack.co.uk,Chinastack Catering Equipment Ltd,01202 531111,Bournemouth,1
sales@ckscatering.co.uk,Commercial Kitchen Services,01253 791797,Blackpool,1
sales@completecateringcontracts.co.uk,Complete Catering Contracts Ltd,01323 460600,Eastbourne,1
sales@cslcateringsupplies.co.uk,CSL Catering Supplies,024 7632 7108,Nuneaton,1
sales@dentons.co.uk,dentons catering equipment,020 7622 7157,Croydon,1
sales@eborcateringsystems.co.uk,Ebor Catering Systems Ltd,01274 037121,Shipley,1
sales@eglequipment.co.uk,Egl Catering Equipment Ltd,01952 670777,Telford,1
sales@equipment4catering.co.uk,Eastwood Catering Equipment,01953 885192,Walthamstow,1
sales@equippe.co.uk,Equippe- Catering Equipment Hire,07930 645628,Newcastle upon Tyne,1
sales@everythingcateringsupplies.co.uk,Everything Catering Supplies,01372 432240,Portsmouth,1
sales@ffdgroup.co.uk,FFD Catering Equipment and FFD Refrigeration and Catering,01455 815215,Hinckley,2
sales@foodservicespares.com,Foodservice Equipment Spares Ltd.,01706 353633,Oldham,1
sales@genesiskitchen.co.uk,Genesis Kitchens & Bedrooms Ltd,01253 712109,Lytham St Annes,1
sales@ghcatering.co.uk,G H Catering Equipment Services Ltd,01268 785990,Southend-on-Sea,1
sales@grampiancateringequipment.co.uk,Grampian Catering Equipment Ltd,01358 729500,Arbroath,1
sales@hce-catering.co.uk,HCE Foodservice Equipment,023 8027 1010,Southampton,1
sales@hce.co.uk,Holmes Catering Equipment Solutions - division of Space Catering (UK) Limited,01759 375500,York,1
sales@hnnuttall.co.uk,H.N. Nuttall Ltd Foodservice Distributor,0161 368 0331,Ashton-under-Lyne,1
sales@idealcatering.co.uk,Ideal Catering Solutions Ltd,01953 542434,Walthamstow,1
sales@indigoce.co.uk,Indigo Catering Equipment,020 7129 7063,London,1
sales@jacksonscg.co.uk,Jacksons Catering & Janitorial Supplier,020 8391 5555,Kingston upon Thames,1
sales@jennys-catering.co.uk,Jennys Catering,01743 873861,Shrewsbury,1
sales@justcatering.com,Just Catering Ltd,07929 291670,Hounslow,1
sales@kcmce.co.uk,KCM Catering Equipment,01476 593062,Lincoln,1
sales@keycateringsolutions.com,Key Catering Solutions Ltd,0161 900 9110,Urmston,1
sales@kingedward.co.uk,King Edward Catering Equipment,01885 489200,Malvern,1
sales@kitchensolutions.co.uk,Kitchen Solutions,0121 399 0016,Birmingham,1
sales@macfs.co.uk,MAC FoodService | Hospitality Consumables & Supplies,01325 520555,Darlington,1
sales@maggielo.co.uk,Maggie Lo Catering Supplies Ltd,0121 622 3358,Birmingham,1
sales@mainlandcatering.co.uk,Mainland Catering Equipment Ltd,01706 244810,Blackburn,1
sales@masonfoods.co.uk,Mason Foodservice Limited,0116 271 9000,Leicester,1
sales@mgbcateringequipment.co.uk,M G B Catering Equipment Supplies Ltd,01283 226619,Derby,1
sales@mulmar.com,Mulmar Foodservice Solutions,01707 286920,Welwyn Garden City,1
sales@ncb.co.uk,NCB Foodservice,0116 274 1300,Leicester,1
sales@nivekonline.co.uk,Nivek Catering and Hygiene Supplies,01622 871714,Maidstone,1
sales@olive-catering.com,Olive Catering Services Ltd,01827 711717,Nuneaton,1
sales@pantheonce.co.uk,Pantheon Catering Equipment,0800 046 1570,Bolton,1
sales@pioneerfoods.co.uk,Pioneer Foodservice - Carlisle,01228 523474,Carlisle,1
sales@platohire.co.uk,Plato Catering Hire,01789 491133,Redditch,1
sales@pmjkitchenventilation.co.uk,P M J Kitchen Ventilation Ltd,01706 212227,Rawtenstall,1
sales@ppcateringservices.co.uk,PP Catering Services,01952 610069,Telford,1
sales@procateringequipment.co.uk,Pro Catering Equipment,0191 682 5394,Newcastle upon Tyne,1
sales@procutler.com,Procutler Ltd – Hospitality Supplies & Catering Equipment,01635 551040,Newbury,1
sales@promocatering.co.uk,Promo Catering,01296 436565,Aylesbury,1
sales@pulsecateringequipment.co.uk,Pulse Catering Equipment,01382 660022,Arbroath,1
sales@qcel.co.uk,Quality Catering Equipment Ltd,01903 231646,Worthing,1
sales@reducedcatering.com,Reduced Catering,0330 133 9237,Coalville,1
sales@rtccateringequipment.com,RTC Catering Equipement,01322 466933,Maidstone,1
sales@rthtraders.com,RTH Traders Ltd - Catering Equipment,0114 248 4466,Sheffield,1
sales@s-m-l.net,SML Catering,01264 334475,Andover,1
sales@simscatering.co.uk,Sims Catering Hire,01980 655404,Amesbury,1
sales@skyline-catering.co.uk,Skyline Catering,01902 402940,Bilston,1
sales@squarelegcatering.com,Square Leg Catering,07525 399745,Ormskirk,1
sales@stephensons.com,Stephensons Catering Equipment,0161 483 6256,Stockport,1
sales@superiorcatering.co.uk,Superior Catering Limited,0330 024 8147,Widnes,1
sales@sussextradekitchens.co.uk,Sussex Trade Kitchens,01444 715069,Burgess Hill,1
sales@swiftcateringsupplies.co.uk,Swift Catering Supplies Ltd,01209 612222,Camborne,1
sales@tailormadeces.com,Tailor Made Catering Equipment Services Ltd,01275 390590,Bristol,1
sales@thecateringbutcher.co.uk,The Catering Butcher - Factory Shop,01782 744488,Stoke-on-Trent,1
sales@tudortrailers.co.uk,Tudor Catering Trailers,01934 420033,Weston-super-Mare,1
sales@urbanbathrooms.co.uk,Urban Bathrooms & Kitchens,01472 800377,Grimsby,1
sales@vatan.com,Vatan Catering Ltd,020 8801 7956,Walthamstow,1
sales@walkercatering.co.uk,Walker Catering Supplies,0115 979 0110,Nottingham,1
sales@watersidefoods.co.uk,Waterside Food Services Limited,01889 586444,Burton-on-Trent,1
sales@yce.co.uk,YCE Catering Equipment Ltd,0113 252 6566,York,1
salesteam@glotech.com,Glotech Kitchen & Appliances Showroom,01727 855456,Harlow,1
saluteprivatecatering@gmail.com,Salute Private Catering,07949 268556,Stratford-upon-Avon,1
sameastell@outlook.com,The Croft - self catering holiday cottage,07985 118176,Colne,1
savingthymehull@gmail.com,Saving Thyme Buffet Catering Hull & East Riding of Yorkshire,07541 785058,Hull,1
service+dmm@catercall.co.uk,D.M.M. Catering Services Limited,01225 700201,Milton Keynes,1
service@airedale-group.co.uk,South Coast Catering Ltd trading as Airedale Technical Care,01305 774488,Weymouth,1
service@caterkool.co.uk,Caterkool Commercial Refrigeration,01622 951271,Chatham,1
service@cci-services.co.uk,CCI Services | Commercial Kitchen Engineers London and South East,0800 644 2727,Reading,1
service@collinghamcatering.co.uk,Collingham Catering Services Ltd,01937 583266,Leeds,1
service@countywidecateringequipment.co.uk,Countywide Catering Equipment Ltd,01933 402002,Wellingborough,1
service@csr-ltd.co.uk,Catering Supplies & Repair Co Ltd,01324 552601,Arbroath,1
service@dartfordcatering.co.uk,Dartford Catering Services,01474 873872,Dartford,1
service@keelingcatering.co.uk,Keeling Catering Engineers Ltd - Rational Service Partner,01925 604722,Warrington,1
service@marshallcatering.co.uk,Marshall Catering Services,01937 541580,York,1
service@mendallcatering.co.uk,Mend-All Catering Services Ltd,01273 411173,Brighton,1
service@millerscatering.co.uk,Millers Catering Equipment and Allround Catering,020 8687 5390,London,2
service@quatrone.co.uk,Quatrone - Catering Equipment - Manchester,0161 327 5045,Manchester,1
service@reactcateringservices.com,React Catering Services,0141 319 8139,Darlington,1
service@rheservices.co.uk,RHE Catering Equipment Sevices,024 7666 7541,Birmingham,1
service@tauruscatering.co.uk,Taurus Catering Equipment Ltd,,Northampton,1
service@tristarcateringsolutions.co.uk,Tristar Catering Solutions,01234 327777,Bedford,1
simon@archcateringandrefrigeration.co.uk,Arch Catering and Refrigeration Ltd,07814 486945,Stevenage,1
sjmobilecatering@gmail.com,S & J Mobile Catering,01264 363325,Andover,1
southwestcatering@btinternet.com,South West Catering,07801 597010,Gloucester,1
steve@blackjackengineers.co.uk,Blackjack Catering Engineers,07493 592117,Ipswich,1
support@expohire.com,Birmingham Catering Hire,0800 910 1317,Birmingham,1
support@hmicateringequipments.com,H M I Catering Equipment,07377 571325,Bradford,1
support@thamescatering.co.uk,Thames Catering Equipment,01279 597034,Harlow,1
support@universalfoods.co.uk,Universal Foodservice,01603 301780,Norwich,1
support@webador.com,"Wild Ones of Winchester WooW | Wedding & Event Catering, Paella, BBQ & more and Abfab Catering",07849 055853,Winchester,2
sussexcateringequipment@gmail.com,Sussex Catering Equipment (SCE) Limited,01243 553691,Hastings,1
sweetasanutcatering@hotmail.co.uk,Sweet As A Nut Catering,07872 448367,Ferndown,1
tansikcatering@gmail.com,Tansik London ltd (Tansik Catering),07411 203963,Birmingham,1
taylorscatering@yahoo.co.uk,Taylor’s Catering UK,07730 458610,Beckenham,1
team@chanacateringservices.co.uk,Chana Catering Services,0121 580 0660,West Bromwich,1
thecornishcateringco@hotmail.com,The Cornish Catering Company,07929 512537,Truro,1
treacletownpieco@hotmail.co.uk,The Treacle Town Wedding & Event Catering & Pies Co CHESHIRE,07766 673734,Macclesfield,1
tuckincateringltd@gmail.com,Tuck In Catering Ltd,07950 257957,Tunbridge Wells,1
user@domain.com,Catering Projects Ltd and 6 other catering engineers,01246 811575,Sheffield,7
vicky@thepavenhamkitchen.co.uk,The Pavenham Kitchen,07831 213800,Bedford,1
waynethechef@gmail.com,Wayne Hawkins Creative Catering,07816 755258,Southend-on-Sea,1
web@cksbrands.com,Country Kitchenware Supplies,01684 311300,Malvern,1
webmaster@jemcatering.co.uk,JEM Catering & Events,07927 291200,Warrington,1
websales@ig-groupuk.com,London Bar and Kitchen,01923 802088,Peterlee,1
westwoodskitchen@outlook.com,Westwoods kitchen,07361 812807,Walsall,1
x-clusiveevents@hotmail.com,X-Clusive Events | Wedding Planner | Mandaps | DJ | Decor | Hires | Catering | & More,07506 029567,Leicester,1
xpressenquiries@gmail.com,Xpress Catering,01234 843657,Bedford,1
yes@yesgroupuk.com,YES Group - Takeaway and Restaurant Catering Supplies,0161 655 3777,Manchester,1
your@email.com,Premier Catering Spares and 2 other catering engineers,01923 770757,Watford,3
yourname@mail.com,The Bo-Ho Catering Co.,07786 937881,Sheffield,1
