QueryLabel,Town,Name,Address,Phone,Website
A_catering_engineers,London,SOS Catering Equipment and Engineering Limited,"Unit 5 Lockwood Way, London E17 5RB, UK",020 8531 8543,http://www.soscateringequipment.co.uk/
A_catering_engineers,London,Catering Repairs London,"The Brew, Victoria House, 64 Paul St, London EC2A 4NA, UK",020 3875 8981,https://cateringrepairslondon.co.uk/?utm_source=GoogleGBP&utm_medium=GBP&utm_campaign=OrganicGBP
A_catering_engineers,London,EFS Catering Equipment,"Unit c8, Angel Road Works, Advent Way, London N18 3AH, UK",020 8884 4064,
A_catering_engineers,London,Latek Catering,"Wordsworth Parade, 5 Wordsworth Parade, Green Lanes, Harringay Ladder, London N8 0SJ, UK",020 8889 0220,https://www.latekcatering.com/
A_catering_engineers,London,Blue catering equipment,"737 Sidcup Rd, London SE9 3SA, UK",07383 016301,
A_catering_engineers,London,Magic Hands Services Ltd,"41 Grange Walk, London SE1 3DY, UK",07467 054687,http://www.magichandsservicesltd.co.uk/
A_catering_engineers,London,Twins Catering Equipment,"189 Uxbridge Rd, London W12, UK",07775 562254,
A_catering_engineers,London,Romann Catering,"Progress Business Park, 14 Progress Way, Croydon CR0 4XD, UK",01474 706338,https://www.romanncatering.co.uk/
A_catering_engineers,London,London Atlantic catering equipment ltd,"736, 740 Romford Rd, Fourth Ave, London E12 6BT, UK",07456 893145,https://www.facebook.com/marketplace/you/selling?locale=en_GB
A_catering_engineers,London,Commercial Kitchen Kit Engineers London,"128 City Rd, London EC1V 2NX, UK",07951 062795,https://ckke.co.uk/
A_catering_engineers,London,Euro Catering,"294 Hackney Rd, London E2 7SJ, UK",020 7613 3084,http://www.eurocatering.co.uk/
A_catering_engineers,London,Toprak Catering Equipment,"102 Green Lanes, Newington Green, London N16 9EH, UK",020 3583 2991,http://www.toprockuk.com/
A_catering_engineers,London,Parsley Catering Ltd.,"119 Upper St, London N1 1QP, UK",07876 711532,
A_catering_engineers,London,Gurden Catering Equipment Trade Ltd,"581 Green Lanes, Harringay Ladder, London N8 0RG, UK",020 8341 3438,
A_catering_engineers,London,Abbey Catering Equipment Ltd,"Unit &, Titan Business Estate, Ffinch St, London SE8 5QA, UK",020 8691 4844,
A_catering_engineers,London,CC Fix,"Masefield Cl, london DA8 2DG, UK",020 8050 2886,https://www.ccfix.co.uk/
A_catering_engineers,London,Nisbets Catering Equipment Tower Street Store,"4-10 Tower St, London WC2H 9NP, UK",020 7010 7989,https://www.nisbets.co.uk/towerstreetstore?utm_source=google%20places&utm_medium=maps&utm_campaign=google%20places
A_catering_engineers,London,V & S Catering Supplies Co,"85 Castlehaven Rd, London NW1 8SJ, UK",020 7485 2658,https://www.vands.co.uk/
A_catering_engineers,London,C&A Catering Equipment Ltd,"443 Norwood Rd, Norwood, London SE27 9DQ, UK",07401 814414,
A_catering_engineers,London,KK Catering,"KK Catering, London W1A 6US, UK",01928 508802,https://kkcatering.co.uk/
A_catering_engineers,London,Deptford Used Catering Equipment,"160 Trundleys Rd, London SE8 5JE, UK",07920 006478,
A_catering_engineers,London,ProTech Engineers Ltd,"1 Quality Ct, Chancery Ln, London WC2A 1HR, UK",07947 778052,https://www.protechuk.com/
A_catering_engineers,London,Millers Catering Equipment,"3 Columbia Gdns, London SW6 1FU, UK",020 8687 5390,https://millerscatering.co.uk/
A_catering_engineers,London,Shoots & Leaves Catering,"Arch 80, 878 Old Kent Rd, London SE15 1NQ, UK",,http://shootsandleaves.london/
A_catering_engineers,London,London Engineers Company,"Station ​London, 12 Melcombe Pl, London NW1 6JJ, UK",020 3603 7172,http://www.lecompany.co.uk/
A_catering_engineers,London,Nasa Catering Equipment,"5 Green Lanes, Newington Green, London N16 9BP, UK",07944 540090,
A_catering_engineers,London,Capital Catering & Hire LTD,"37 Great Windmill St, London W1D 7LU, UK",07531 274807,https://www.capitalcateringandhire.co.uk/
A_catering_engineers,London,Foodservice Equipment Association,"Rotherwick House, 3 Thomas More Street, London E1W 1YZ, UK",020 7793 3030,http://www.fea.org.uk/
A_catering_engineers,London,LC Global Solutions Ltd,"Flat 2, 90 St Pancras Way, London NW1 9DQ, UK",07795 253156,http://lcglobalsolutions.com/
A_catering_engineers,London,Lockhart Innovation Centre,"61, 62 Berners St, London W1T 3NJ, UK",0370 167 8678,http://www.lockhartcatering.co.uk/
A_catering_engineers,London,KBRH Catering Equipment,"12 Jenner Ave, London W3 6EQ, UK",0333 112 2000,http://www.kbrhcatering.co.uk/
A_catering_engineers,London,Smith's Catering,"Berkeley Suite, 35 Berkeley Square, London W1J 5BF, UK",07936 908323,https://smithscateringlondon.uk/
A_catering_engineers,London,Ece Catering Equipment,"2 Rippers Ct, Sible Hedingham, Halstead CO9 3PY, UK",01787 582574,http://www.ececateringequipment.com/
A_catering_engineers,London,Mix & Blend Catering,"207 Regent St., London W1B 3HH, UK",020 8058 6564,http://www.mixandblendcatering.co.uk/
A_catering_engineers,London,Nisbets,"180 Goldhawk Rd, London W12 8HJ, UK",020 7118 0622,https://www.nisbets.co.uk/shepherdsbushstore?utm_source=google%20places&utm_medium=maps&utm_campaign=google%20places
A_catering_engineers,London,dentons catering equipment,"99 Gauden Rd, London SW4 6LE, UK",,
A_catering_engineers,London,Masters Catering,"109-111 Blackfriars Rd, London SE1 8HW, UK",07824 190092,http://www.masterscatering.co.uk/
A_catering_engineers,London,Inn Supplies (UK) Ltd,"Old Gloucester St, London WC1N 3AX, UK",020 8149 0062,https://innsupplies.com/
A_catering_engineers,London,Catering Insight,"16-25 Bastwick St, London EC1V 3PS, UK",020 3176 4234,http://www.cateringinsight.com/
A_catering_engineers,London,Pandoras Box UK Ltd,"40 Penton St, London N1 9QA, UK",07990 865702,http://www.pandorasboxcatering.co.uk/
A_catering_engineers,London,Nisbets Catering Equipment Shoreditch Store,"159 Commercial St, London E1 6BJ, UK",020 7426 9950,https://www.nisbets.co.uk/shoreditchstore?utm_source=google%20places&utm_medium=maps&utm_campaign=google%20places
A_catering_engineers,London,BBQ Catering,"33 Cavendish Square, London W1G 0PW, UK",020 7129 7963,http://www.akwillbbqsmoker.co.uk/
A_catering_engineers,London,Fix Catering Equipment Ltd,"Ste 4, Parker House, Admirals Way, London E14 9UQ, UK",020 8089 1473,
A_catering_engineers,London,Dalebrook Supplies Ltd - London Showroom,"28 Mortimer St, London W1W 7RD, UK",01376 510101,http://www.dalebrook.com/
A_catering_engineers,London,Kent Catering.,"27 Unit T, Bromley Business Centre, Hastings Rd, Bromley BR2 8NA, UK",020 8462 9911,http://kentcatering.com/
A_catering_engineers,London,DCI Maintenance Ltd,"Unit 317, 94 Fulham Palace Rd, London W6 9PL, UK",020 3633 8317,http://dcimaintenance.co.uk/
A_catering_engineers,London,Berkeley Catering,"Unit 5, 43-47 Glengall Rd, London SE15 6NF, UK",020 7837 6853,https://www.berkeleycatering.co.uk/
A_catering_engineers,London,Caterkit Services Ltd,"Unit 2 Modular Business Park, Norton Rd, Stevenage SG1 2FZ, UK",01920 872580,https://www.caterkitservices.com/
A_catering_engineers,London,Dans La Cuisine Ltd,"20, 22 Wenlock Rd, London N1 7GU, UK",01536 853998,https://www.danslacuisine.co.uk/
A_catering_engineers,London,Uniwell,"Anchor House, 4 Durham St, London SE11 5JA, UK",01604 830010,
A_catering_engineers,London,C&C Catering Engineers,"Unit 2, Smithy Farm, Chapel Ln, Saighton, Chester CH3 6EW, UK",01244 536354,https://cateringengineers.com/
A_catering_engineers,London,Cee Catering Chargers Ltd,"71 - 75 Shelton St, London WC2H 9JQ, UK",,http://www.mosawholesale.com/
A_catering_engineers,London,Indigo Catering Equipment,"12 Old Bond St, London W1S 4PW, UK",020 7129 7063,https://www.indigoce.co.uk/
A_catering_engineers,London,Gulpas Catering Equipment,"17 Green Lanes, Newington Green, London N16 9BS, UK",07717 488248,
A_catering_engineers,London,UK Commercial Gas Ltd,"4th Floor, Silverstream House, 5 Fitzroy St, London W1T 6EB, UK",0800 085 5077,https://www.ukcommercialgas.uk/
A_catering_engineers,London,Baking,"2-4 Clapham High St, London SW4 7UT, UK",020 7450 0480,https://www.dentonscatering.com/contact-us
A_catering_engineers,London,OKE Catering,"23 Lisle St, London WC2H 7BA, UK",020 3642 1685,http://www.okequipment.co.uk/
B_equipment_repair,London,Ao-Catering Equipment Maintenance,"161 Woodyates Rd, London SE12 9JJ, UK",07776 987245,http://aocateringequipmentmaintenanceandrepair.com/
B_equipment_repair,London,Catering Repairs London,"The Brew, Victoria House, 64 Paul St, London EC2A 4NA, UK",020 3875 8981,https://cateringrepairslondon.co.uk/?utm_source=GoogleGBP&utm_medium=GBP&utm_campaign=OrganicGBP
B_equipment_repair,London,CC Fix,"Masefield Cl, london DA8 2DG, UK",020 8050 2886,https://www.ccfix.co.uk/
B_equipment_repair,London,EFS Catering Equipment,"Unit c8, Angel Road Works, Advent Way, London N18 3AH, UK",020 8884 4064,
B_equipment_repair,London,SOS Catering Equipment and Engineering Limited,"Unit 5 Lockwood Way, London E17 5RB, UK",020 8531 8543,http://www.soscateringequipment.co.uk/
B_equipment_repair,London,Caterglobe Ltd.,"Unit C6, Bounds Green Industrial Estate, South Way, London N11 2UL, UK",020 8920 0817,http://www.caterglobe.co.uk/
B_equipment_repair,London,Magic Hands Services Ltd,"41 Grange Walk, London SE1 3DY, UK",07467 054687,http://www.magichandsservicesltd.co.uk/
B_equipment_repair,London,Catering Equipment Repair ‍ ️,"Unit 12, Shorncliffe Industrial Estate, North Cl, Folkestone CT20 3UH, UK",01304 873469,https://www.catering-equipment-repair.co.uk/
B_equipment_repair,London,TAG Catering Equipment UK Ltd,"Unit 2, Modular Business Park, Norton Rd, Stevenage SG1 2FZ, UK",01920 877007,https://www.tagukltd.com/
B_equipment_repair,London,Romann Catering,"Progress Business Park, 14 Progress Way, Croydon CR0 4XD, UK",01474 706338,https://www.romanncatering.co.uk/
B_equipment_repair,London,Catering Equipment Support Ltd,"Unit 12 Deer Park Farm Ind Est, Knowle Ln, Fair Oak, Eastleigh SO50 7DZ, UK",023 8000 6082,https://www.cateringequipmentsupport.co.uk/
B_equipment_repair,London,Millers Catering Equipment,"Unit 2, College Fields Business Centre, Prince Georges Rd, London SW19 2PT, UK",020 8687 5390,https://www.millerscatering.co.uk/
B_equipment_repair,London,Catering Technical Services,"5 Emperor Way, Kingsnorth, Ashford TN23 3QY, UK",07946 347871,https://www.catering-technical.services/
B_equipment_repair,London,RTC Technical Ltd,"Unit 1, Boxmend Industrial Estate, Parkwood Industrial Estate, Maidstone ME15 9YG, UK",01322 404909,https://rtctechnical.co.uk/
B_equipment_repair,London,Caterkit Services Ltd,"Unit 2 Modular Business Park, Norton Rd, Stevenage SG1 2FZ, UK",01920 872580,https://www.caterkitservices.com/
B_equipment_repair,London,Euro Catering,"294 Hackney Rd, London E2 7SJ, UK",020 7613 3084,http://www.eurocatering.co.uk/
B_equipment_repair,London,Nasa Catering Equipment,"5 Green Lanes, Newington Green, London N16 9BP, UK",07944 540090,
B_equipment_repair,London,Fan Services LTD,"Ste 44, 2-3 Coleridge Gardens, London NW6 3QH, UK",020 3539 1475,https://www.fanservices.co.uk/
B_equipment_repair,London,Catering Equipment Services Ltd,"Unit 3D, Maryland Industrial Estate, Belfast, Newtownards BT23 6BL, UK",028 9049 1616,https://cescatering.co.uk/
B_equipment_repair,London,CCE London,"Unit 1, Bentley Farm, Old Church Hill, Langdon Hills, Horndon on the Hill, Basildon SS16 6HZ, UK",01268 412121,https://www.cce-london.com/
B_equipment_repair,London,London Engineers Company,"Station ​London, 12 Melcombe Pl, London NW1 6JJ, UK",020 3603 7172,http://www.lecompany.co.uk/
B_equipment_repair,London,Virtue Facilities Management Services Ltd,"Unit 6, Thames industrial Estate, High St S, Dunstable LU6 3HL, UK",01582 343092,http://www.virtuefms.co.uk/
B_equipment_repair,London,Nisbets Catering Equipment Shoreditch Store,"159 Commercial St, London E1 6BJ, UK",020 7426 9950,https://www.nisbets.co.uk/shoreditchstore?utm_source=google%20places&utm_medium=maps&utm_campaign=google%20places
B_equipment_repair,London,Kent Catering.,"27 Unit T, Bromley Business Centre, Hastings Rd, Bromley BR2 8NA, UK",020 8462 9911,http://kentcatering.com/
B_equipment_repair,London,Certa Service,"77-79 The Courtyard, Marlowes, Hemel Hempstead HP1 1LF, UK",0333 358 0395,http://www.certaservice.co.uk/
B_equipment_repair,London,Cater Solutions,"Unit 8, Integra:ME Bircholt Rd, Maidstone ME15 9GQ, UK",0845 066 9966,http://www.catersolutions.co.uk/
B_equipment_repair,London,DCI Maintenance Ltd,"Unit 317, 94 Fulham Palace Rd, London W6 9PL, UK",020 3633 8317,http://dcimaintenance.co.uk/
B_equipment_repair,London,Foodservice Equipment Association,"Rotherwick House, 3 Thomas More Street, London E1W 1YZ, UK",020 7793 3030,http://www.fea.org.uk/
B_equipment_repair,London,Nisbets,"180 Goldhawk Rd, London W12 8HJ, UK",020 7118 0622,https://www.nisbets.co.uk/shepherdsbushstore?utm_source=google%20places&utm_medium=maps&utm_campaign=google%20places
A_catering_engineers,Manchester,DA Catering repairs and servicing ltd,"Claremont Rd, Salford, Manchester M6 7RJ, UK",07922 301397,https://www.dacrs.co.uk/?utm_source=google&utm_medium=wix_google_business_profile&utm_campaign=4956369211231669446
A_catering_engineers,Manchester,Rusholme Catering Equipment & Services,"Unit 3, Dagenham Road Industrial Estate, Manchester M14 5ED, UK",0161 478 7245,
A_catering_engineers,Manchester,P & A Services Ltd,"Unit 4, Titan House, Newby Road Industrial Estate, 2 Lowick Cl, Hazel Grove, Stockport SK7 5ED, UK",0161 483 8060,http://www.paservice.co.uk/
A_catering_engineers,Manchester,Cairn Catering Engineers,"Hyde Park House, Cartwright St, Newton, Hyde SK14 4EH, UK",0800 999 1926,https://cairncateringengineers.co.uk/
B_equipment_repair,Manchester,Rusholme Catering Equipment & Services,"Unit 3, Dagenham Road Industrial Estate, Manchester M14 5ED, UK",0161 478 7245,
B_equipment_repair,Manchester,Quatrone - Catering Equipment - Manchester,"Unit 7, Orchard sew mill, Langley Road, South, Salford M6 6SD, UK",0161 327 5045,https://www.quatrone.co.uk/
B_equipment_repair,Manchester,Proex Catering Equipment Buy & Sell - MANCHESTER -,"Unit K, Mode Wheel Rd S, Salford M50 1DG, UK",07983 242182,https://proexcatering.co.uk/
B_equipment_repair,Manchester,Catering Equipment Manufacturer Manchester - Riley Catering Manufacturing LTD,"1-3 Bond St, Denton, Manchester M34 3AJ, UK",07860 706605,
B_equipment_repair,Manchester,P & A Services Ltd,"Unit 4, Titan House, Newby Road Industrial Estate, 2 Lowick Cl, Hazel Grove, Stockport SK7 5ED, UK",0161 483 8060,http://www.paservice.co.uk/
B_equipment_repair,Manchester,NWCE Foodservice Equipment,"Folds Rd, Bolton BL1 2SB, UK",0161 764 8688,http://www.nwce.co.uk/
B_equipment_repair,Manchester,Nisbets Catering Equipment Manchester Store,"12 Booth St, Manchester M2 4AW, UK",0161 207 8688,https://www.nisbets.co.uk/manchesterstore?utm_source=google%20places&utm_medium=maps&utm_campaign=google%20places
B_equipment_repair,Manchester,Bar Service UK Ltd,"1 Charles St, Droylsden, Manchester M43 6LY, UK",0161 292 5430,http://www.bar-service.co.uk/
B_equipment_repair,Manchester,Refrigeration U.K Ltd,"Unit 12, WILLAN ENTERPRISE CENTRE, Fourth Ave, Trafford Park, Stretford, Manchester M17 1DB, UK",0161 343 1446,https://www.refrigerationukltd.co.uk/
B_equipment_repair,Manchester,Cooksmill,"2 Comus St, Salford, Manchester M5 3BQ, UK",0161 886 4989,https://www.cooksmill.co.uk/
B_equipment_repair,Manchester,Commercial Catering Equipment Services Ltd (CCE Services Ltd),"E4, E1, E4 Ford St, Stockport SK3 0BT, UK",0161 477 1321,
B_equipment_repair,Manchester,George Jones & Son,"232 Briscoe Ln, Manchester M40 2XG, UK",0161 223 3771,
B_equipment_repair,Manchester,YES Group - Takeaway and Restaurant Catering Supplies,"Kurpas House, Greenside Way, Middleton, Manchester M24 1SW, UK",0161 655 3777,http://yesgroupuk.com/
B_equipment_repair,Manchester,FSW Gas Services,"Turner St, Ashton-under-Lyne OL6 8LB, UK",0161 943 0268,http://fswgasservices.co.uk/
B_equipment_repair,Manchester,Worldwide Catering NW Ltd - Fruit and Veg Supplier Manchester,"Unit 2, FAILSWORTH INDUSTRIAL ESTATE, Failsworth, Manchester M35 0BN, UK",0161 684 7774,https://worldwidecatering.co/
B_equipment_repair,Manchester,Total Kitchen Services Ltd,"Unit 2B/Mackenzie Ind Est/Bird Hall La, Cheadle Heath, Stockport SK3 0SB, UK",0161 428 4154,http://totalkitchenservices.co.uk/
A_catering_engineers,Birmingham,Birmingham Catering Equipment Ltd,"139A Middlemore Rd, Birmingham B66 2EA, UK",0121 558 2451,http://www.birminghamcateringequipment.co.uk/
A_catering_engineers,Birmingham,Universal Catering Equipment ltd,"49-51 Stratford Rd, Birmingham B11 1RE, UK",0121 246 3578,http://www.universalcatering.co.uk/
A_catering_engineers,Birmingham,I.Z Global Catering Equipment Ltd,"220 Gooch St, Birmingham B5 7HY, UK",07462 555600,http://www.globalcateringequipment.co.uk/
A_catering_engineers,Birmingham,New Catering Solutionz,"No24, Unit 1b Cheston Rd, Birmingham B7 5EE, UK",07711 825722,http://www.cateringsolutionz.com/
A_catering_engineers,Birmingham,Phoenix Commercial Catering Equipment Ltd,"Unit 11, 94 Bell Ln, Kitt's Green, Birmingham B33 0HX, UK",0121 684 5078,https://www.phoenixcommercialcatering.co.uk/
A_catering_engineers,Birmingham,Catering Equipment Birmingham Ltd,"14 Witton Rd, Handsworth, Birmingham B6 5NY, UK",0121 551 3636,http://cateringequipmentltd.com/
A_catering_engineers,Birmingham,Catering Equipment Outlet Birmingham,"97 Bissell St, Birmingham B5 7HP, UK",07725 330170,
A_catering_engineers,Birmingham,TG4 catering equipment Ltd,"Unit 3, Hawksmill Industrial Estate, Little Green Ln, Small Heath, Birmingham B9 5AY, UK",07746 435833,
A_catering_engineers,Birmingham,Midlands Refrigeration & Catering Equipment,"Unit 4, Euro Enterprise Park, Stratford St N, Birmingham B11 1BU, UK",0121 439 0300,http://www.midlandsrefrigeration.co.uk/
A_catering_engineers,Birmingham,Chefline Ltd,"Unit W, Hamstead Industrial Estate, Austin Way, Birmingham B42 1DU, UK",0121 663 0027,https://www.chefline.co.uk/
A_catering_engineers,Birmingham,Costa Engineers Ltd,"1, 14-16 Bissell St, Birmingham B5 7HP, UK",07952 975492,http://costaengineers.co.uk/
A_catering_engineers,Birmingham,Bournville Catering Equipment,"The Old La, Forshaw Heath Ln, Earlswood, Solihull B94 5LH, UK",01564 820100,http://www.bournvillecatering.co.uk/
A_catering_engineers,Birmingham,Network Catering Engineers Ltd,"Unit 6, Acorn park, Vernon Rd, Blackheath, Halesowen B62 8EG, UK",0333 234 1677,https://www.networklimited.co.uk/
A_catering_engineers,Birmingham,Catermarke Ltd,"39-41 Sydenham Rd, Sparkbrook, Birmingham B11 1DG, UK",0121 753 0664,http://catermarke.co.uk/
A_catering_engineers,Birmingham,ASTONS Catering Equipment,"Unit 2 South Staffs Freight Terminal, Lynn Ln, Shenstone, Lichfield WS14 0ED, UK",0121 643 1131,http://www.astonsgca.com/
A_catering_engineers,Birmingham,Equipment Bazaar Birmingham,"235-238 Great Lister St, Birmingham B7 4BS, UK",0121 359 6124,
A_catering_engineers,Birmingham,Delia Catering Equipment,"Unit 64 Birch Rd E, Witton, Birmingham B6 7DB, UK",07800 588505,http://deliacateringequipment.com/?utm_source=gmb&utm_medium=referral
A_catering_engineers,Birmingham,Cater Flame Ltd,"Unit 57, Wyrley Trading Estate, 59 Wyrley Rd, Birmingham B6 7DB, UK",0121 327 3161,https://caterflame.co.uk/
A_catering_engineers,Birmingham,CateringBase Ltd,"Unit F26, Hastingwood Industrial Park, Wood Ln, Erdington, Birmingham B24 9QR, UK",0121 386 6628,http://www.cateringbase.co.uk/
A_catering_engineers,Birmingham,Nova Catering Repairs,"34 Dudley Rd, Brierley Hill DY5 1LH, UK",01384 210544,http://www.novarepairs.co.uk/
A_catering_engineers,Birmingham,Tansik London ltd (Tansik Catering),"Unit 12, Green Lane Industrial Estate, Second Ave, Birmingham B9 5QP, UK",07411 203963,http://www.tansik.co.uk/
A_catering_engineers,Birmingham,Commercial Catering,"Unit 15, 34-37 Nursery Rd, Lozells, Birmingham B19 2XN, UK",07916 962261,http://commercialcateringbham.co.uk/
A_catering_engineers,Birmingham,Birmingham International Catering Equipment & Refrigeration,"41 Nursery Rd, Lozells, Birmingham B19 2XN, UK",,
A_catering_engineers,Birmingham,In-Charge Catering Supplies Ltd,"Unit 11, St Andrews Industrial Estate, Sydney Rd, Birmingham B9 4QB, UK",0121 772 1910,http://www.inchargecateringsupplies.co.uk/
A_catering_engineers,Birmingham,HNR Catering Supplies,"213 The Avenue, Acocks Green, Birmingham B27 6NP, UK",0121 707 3025,https://www.hnrcateringsupplies.co.uk/
A_catering_engineers,Birmingham,Forming and Catering Equipment Ltd,"66 Rea St S, Deritend, Birmingham B5 6LB, UK",0845 331 3226,http://formingandcatering.com/
A_catering_engineers,Birmingham,RHE Catering Equipment Sevices,"The Courtyard, Burnsall Rd, Coventry CV5 6UT, UK",024 7666 7541,http://www.rheservices.co.uk/
A_catering_engineers,Birmingham,Palmer Hire,"Avenue Rd, Nechells, Birmingham B7 4NT, UK",0121 439 1543,http://palmerhire.co.uk/
A_catering_engineers,Birmingham,Midland Catering Ltd,"Unit 3 Landor St, Birmingham B8 1AG, UK",0121 773 4778,https://midlandcateringltd.co.uk/
A_catering_engineers,Birmingham,Yasmin Ditta Catering,"Unit 9, Premier Trading Estate, Birmingham B7 4AT, UK",07402 247568,https://www.yasmindittacatering.com/
A_catering_engineers,Birmingham,Mukhtar's Food Machinery,"2 Dreamwell State, James Rd, Tyseley, Birmingham B11 2BA, UK",07806 672356,http://mukhtarsfoodmachinery.co.uk/
A_catering_engineers,Birmingham,Nisbets Catering Equipment Birmingham Store,"64 Bristol St, Birmingham B5 7AA, UK",0121 622 1763,https://www.nisbets.co.uk/birminghamstore?utm_source=google%20places&utm_medium=maps&utm_campaign=google%20places
A_catering_engineers,Birmingham,Maggie Lo Catering Supplies Ltd,"202-204 Barford St, Birmingham B5 7EP, UK",0121 622 3358,http://www.maggielo.co.uk/
A_catering_engineers,Birmingham,Abraxas Catering Equipment Limited,"Unit 8, Building 329, Rushock Trading Estate, Droitwich WR9 0NR, UK",01562 863222,https://www.abraxascatering.co.uk/
A_catering_engineers,Birmingham,CEE | Catering Equipment Express,"Unit 15, Bilston Industrial Estate, Oxford St, Bilston, Wolverhampton WV14 7EG, UK",01902 495634,https://cateringequipment-uk.co.uk/
A_catering_engineers,Birmingham,Sylhet Cooker Services,"27 Nursery Rd, Lozells, Birmingham B19 2XN, UK",07916 962261,http://sylhetcooker.co.uk/
A_catering_engineers,Birmingham,CEFS PLASTIC LIMITED,"235-238 Great Lister St, Birmingham B7 4BS, UK",,
A_catering_engineers,Birmingham,Caterlink UK Ltd,"Northgate Way, Walsall WS9 8SR, UK",01922 453168,http://www.caterlinkuk.co.uk/
A_catering_engineers,Birmingham,Aretsi Event Catering Limited,"Unit 7, All Saints Industrial Estate, All Saints' St, Hockley, Birmingham B18 7RJ, UK",07468 489816,http://aretsi.co.uk/
A_catering_engineers,Birmingham,Blue Seal,"Unit 67, Gravelly Industrial Park, Birmingham B24 8TQ, UK",0121 327 5575,http://www.blue-seal.co.uk/
A_catering_engineers,Birmingham,Pars Catering Supplies Cash & Carry,"91-93 Charles Henry St, Birmingham B12 0SJ, UK",0121 622 6222,
A_catering_engineers,Birmingham,Chef4u Personal chef and caterer,"Birmingham Business Centre, Mount St, Nechells, Birmingham B7 5RD, UK",07949 412477,http://www.chef4u.co.uk/
A_catering_engineers,Birmingham,First In Service Ltd,"Unit 2, Windsor Industrial Estate, Rupert St, Nechells, Birmingham B7 4PR, UK",0121 333 3301,http://www.firstinservice.co.uk/?utm_source=google&utm_medium=local&utm_campaign=1&utm_content=primary
A_catering_engineers,Birmingham,Birmingham Cooker Services,"27 Nursery Rd, Lozells, Birmingham B19 2XN, UK",07916 962261,http://birminghamcookerservices.co.uk/
A_catering_engineers,Birmingham,Catering Suppliers,"87 Brookvale Rd, Witton, Birmingham B6 7AR, UK",,
A_catering_engineers,Birmingham,Birmingham Catering and Event Hire,"30 Chester St, Birmingham B6 4BE, UK",0800 910 1317,http://www.birminghamcateringhire.com/
A_catering_engineers,Birmingham,Birmingham Catering Hire,"Deritend, Birmingham B9 4AA, UK",0800 910 1317,http://www.birminghamcateringhire.com/
A_catering_engineers,Birmingham,B7 Catering LTD,"Unit 6, 133-159 Tyburn Rd, Birmingham B24 8NQ, UK",07534 432192,https://b7catering.co.uk/
A_catering_engineers,Birmingham,Ming Catering Equipment,"257 Hospital St, Birmingham B19 2YF, UK",07868 754564,https://mingcatering.co.uk/contact/
A_catering_engineers,Birmingham,Zodiac Stainless Products,"10, Selly Oak Industrial Estate, Elliott Rd, Selly Oak, Birmingham B29 6LR, UK",0121 415 2540,http://www.zodiacspco.co.uk/
A_catering_engineers,Birmingham,Used Hog Roast Machine,"Ethel St, Birmingham B2 4BG, UK",0121 607 8239,http://usedhogroastmachine.com/
A_catering_engineers,Birmingham,Polaris Catering & Refrigeration Service Ltd,"Office 21, Haldon House, Business Centre, 385 Brettell Ln, Brierley Hill DY5 3LQ, UK",01527 585676,https://www.polariscateringservices.com/
A_catering_engineers,Birmingham,Ceramics Catering Equipment,"221 New John St W, Birmingham B19 3UA, UK",,
A_catering_engineers,Birmingham,Cater Refit,"Unit 15 Sandy Ln, Birmingham B6 5TP, UK",0121 326 0419,
A_catering_engineers,Birmingham,A S M C Catering Engineers,"67 Bonner Dr, The Royal Town of Sutton Coldfield, Birmingham, Sutton Coldfield B76 1DY, UK",,
B_equipment_repair,Birmingham,Birmingham Catering Equipment Ltd,"139A Middlemore Rd, Birmingham B66 2EA, UK",0121 558 2451,http://www.birminghamcateringequipment.co.uk/
B_equipment_repair,Birmingham,Universal Catering Equipment ltd,"49-51 Stratford Rd, Birmingham B11 1RE, UK",0121 246 3578,http://www.universalcatering.co.uk/
B_equipment_repair,Birmingham,I.Z Global Catering Equipment Ltd,"220 Gooch St, Birmingham B5 7HY, UK",07462 555600,http://www.globalcateringequipment.co.uk/
B_equipment_repair,Birmingham,New Catering Solutionz,"No24, Unit 1b Cheston Rd, Birmingham B7 5EE, UK",07711 825722,http://www.cateringsolutionz.com/
B_equipment_repair,Birmingham,Midlands Refrigeration & Catering Equipment,"Unit 4, Euro Enterprise Park, Stratford St N, Birmingham B11 1BU, UK",0121 439 0300,http://www.midlandsrefrigeration.co.uk/
B_equipment_repair,Birmingham,Catering Equipment Birmingham Ltd,"14 Witton Rd, Handsworth, Birmingham B6 5NY, UK",0121 551 3636,http://cateringequipmentltd.com/
B_equipment_repair,Birmingham,Phoenix Commercial Catering Equipment Ltd,"Unit 11, 94 Bell Ln, Kitt's Green, Birmingham B33 0HX, UK",0121 684 5078,https://www.phoenixcommercialcatering.co.uk/
B_equipment_repair,Birmingham,Catering Equipment Outlet Birmingham,"97 Bissell St, Birmingham B5 7HP, UK",07725 330170,
B_equipment_repair,Birmingham,Nova Catering Repairs,"34 Dudley Rd, Brierley Hill DY5 1LH, UK",01384 210544,http://www.novarepairs.co.uk/
B_equipment_repair,Birmingham,ASTONS Catering Equipment,"Unit 2 South Staffs Freight Terminal, Lynn Ln, Shenstone, Lichfield WS14 0ED, UK",0121 643 1131,http://www.astonsgca.com/
B_equipment_repair,Birmingham,Kitchen Solutions,"20 Prince Rd, Birmingham B30 3HB, UK",0121 399 0016,http://www.kitchensolutions.co.uk/
B_equipment_repair,Birmingham,Equipment Bazaar Birmingham,"235-238 Great Lister St, Birmingham B7 4BS, UK",0121 359 6124,
B_equipment_repair,Birmingham,Chefline Ltd,"Unit W, Hamstead Industrial Estate, Austin Way, Birmingham B42 1DU, UK",0121 663 0027,https://www.chefline.co.uk/
B_equipment_repair,Birmingham,Commercial Catering,"Unit 15, 34-37 Nursery Rd, Lozells, Birmingham B19 2XN, UK",07916 962261,http://commercialcateringbham.co.uk/
B_equipment_repair,Birmingham,Abraxas Catering Equipment Limited,"Unit 8, Building 329, Rushock Trading Estate, Droitwich WR9 0NR, UK",01562 863222,https://www.abraxascatering.co.uk/
B_equipment_repair,Birmingham,Delia Catering Equipment,"Unit 64 Birch Rd E, Witton, Birmingham B6 7DB, UK",07800 588505,http://deliacateringequipment.com/?utm_source=gmb&utm_medium=referral
B_equipment_repair,Birmingham,Midlands Catering Equipment,"17 Deer Park Rd, Northampton NN3 6AT, UK",01604 961161,https://www.midlandscateringequipment.co.uk/
B_equipment_repair,Birmingham,CateringBase Ltd,"Unit F26, Hastingwood Industrial Park, Wood Ln, Erdington, Birmingham B24 9QR, UK",0121 386 6628,http://www.cateringbase.co.uk/
B_equipment_repair,Birmingham,Costa Engineers Ltd,"1, 14-16 Bissell St, Birmingham B5 7HP, UK",07952 975492,http://costaengineers.co.uk/
B_equipment_repair,Birmingham,HNR Catering Supplies,"213 The Avenue, Acocks Green, Birmingham B27 6NP, UK",0121 707 3025,https://www.hnrcateringsupplies.co.uk/
B_equipment_repair,Birmingham,Smart Catering Repairs Ltd,"Unit 15, Spinners End Industrial Estate, Oldfields, Cradley Heath B64 6BS, UK",01384 918688,http://www.smartcateringrepairs.co.uk/
B_equipment_repair,Birmingham,Mukhtar's Food Machinery,"2 Dreamwell State, James Rd, Tyseley, Birmingham B11 2BA, UK",07806 672356,http://mukhtarsfoodmachinery.co.uk/
B_equipment_repair,Birmingham,Cater Buddy,"Unit 7, New Enterprise Centre, Monmore Rd, Wolverhampton WV1 2TZ, UK",01902 213114,https://www.caterbuddy.co.uk/
B_equipment_repair,Birmingham,In-Charge Catering Supplies Ltd,"Unit 11, St Andrews Industrial Estate, Sydney Rd, Birmingham B9 4QB, UK",0121 772 1910,http://www.inchargecateringsupplies.co.uk/
B_equipment_repair,Birmingham,Sylhet Cooker Services,"27 Nursery Rd, Lozells, Birmingham B19 2XN, UK",07916 962261,http://sylhetcooker.co.uk/
B_equipment_repair,Birmingham,Tansik London ltd (Tansik Catering),"Unit 12, Green Lane Industrial Estate, Second Ave, Birmingham B9 5QP, UK",07411 203963,http://www.tansik.co.uk/
B_equipment_repair,Birmingham,Cater Flame Ltd,"Unit 57, Wyrley Trading Estate, 59 Wyrley Rd, Birmingham B6 7DB, UK",0121 327 3161,https://caterflame.co.uk/
B_equipment_repair,Birmingham,Forming and Catering Equipment Ltd,"66 Rea St S, Deritend, Birmingham B5 6LB, UK",0845 331 3226,http://formingandcatering.com/
B_equipment_repair,Birmingham,Maggie Lo Catering Supplies Ltd,"202-204 Barford St, Birmingham B5 7EP, UK",0121 622 3358,http://www.maggielo.co.uk/
B_equipment_repair,Birmingham,Nisbets Catering Equipment Birmingham Store,"64 Bristol St, Birmingham B5 7AA, UK",0121 622 1763,https://www.nisbets.co.uk/birminghamstore?utm_source=google%20places&utm_medium=maps&utm_campaign=google%20places
B_equipment_repair,Birmingham,Blue Seal,"Unit 67, Gravelly Industrial Park, Birmingham B24 8TQ, UK",0121 327 5575,http://www.blue-seal.co.uk/
B_equipment_repair,Birmingham,Palmer Hire,"Avenue Rd, Nechells, Birmingham B7 4NT, UK",0121 439 1543,http://palmerhire.co.uk/
B_equipment_repair,Birmingham,Catering Equipment Solutions,"30 Shrewsbury Ave, Peterborough PE2 7BF, UK",01733 236033,http://www.catering-equipment-solutions.co.uk/
B_equipment_repair,Birmingham,Pars Catering Supplies Cash & Carry,"91-93 Charles Henry St, Birmingham B12 0SJ, UK",0121 622 6222,
B_equipment_repair,Birmingham,First In Service Ltd,"Unit 2, Windsor Industrial Estate, Rupert St, Nechells, Birmingham B7 4PR, UK",0121 333 3301,http://www.firstinservice.co.uk/?utm_source=google&utm_medium=local&utm_campaign=1&utm_content=primary
A_catering_engineers,Leeds,Northern Catering Equipment,"Richmond House, Lawnswood Business Park, Leeds LS16 6QY, UK",0113 833 1234,http://northerncatering.co.uk/
A_catering_engineers,Leeds,Leon Catering Equipment,"Unit 17, Leon Catering Equipment, park house, 37 Ings Rd, Osmondthorpe, Leeds LS9 9EJ, UK",0113 513 0481,https://leoncatering.wixsite.com/lcequipments
A_catering_engineers,Leeds,Barton Catering Engineers,"76 Carr Bottom Rd, Greengates, Bradford BD10 0BD, UK",0113 418 0284,https://bartoncateringengineers.co.uk/
A_catering_engineers,Leeds,Stainless Engineering,"32 Low Hall Rd, Horsforth, Leeds LS18 4EF, UK",0113 259 1763,https://www.stainless-engineering.co.uk/
A_catering_engineers,Leeds,Brakes Catering Equipment,"4-5, Maybrook Industrial Park, Armley Rd, Armley, Leeds LS12 2EL, UK",0113 394 3900,https://www.brakesce.co.uk/
A_catering_engineers,Leeds,RITEPRICE CATERING EQUIPMENT,"Barkston House, 46 Croydon St, Holbeck, Leeds LS11 9RT, UK",0113 234 2227,http://www.ritepriceltd.com/
A_catering_engineers,Leeds,R & D Services,"1 Nelson Ct, Methley, Leeds LS26 9LJ, UK",07889 905636,
A_catering_engineers,Leeds,AD Catering Equipment Engineering,"11 Vale St, Brighouse HD6 1TR, UK",07432 563323,http://www.adcee.co.uk/
A_catering_engineers,Leeds,Hopkins Frying Ranges RGM Leeds Ltd,"Grangefield Industrial Estate, Stanningley, Pudsey LS28 6LF, UK",0113 257 7934,http://www.hopkins.biz/
A_catering_engineers,Leeds,Calder Catering Equipment Services Ltd,"Newton House, Grey St, Wakefield WF1 3HQ, UK",01924 872972,http://www.caldercatering.co.uk/
A_catering_engineers,Leeds,Blue Pepper Catering,"York House, 55 Easy Rd, Leeds LS9 8QS, UK",0113 871 5999,http://www.bluepeppercatering.co.uk/
A_catering_engineers,Leeds,Shire Catering Equipment,"Unit 19, Oak Mills, Topcliffe Ln, Morley, Leeds LS27 0HL, UK",0113 252 0880,http://www.shirecateringequipment.co.uk/
A_catering_engineers,Leeds,Salt's Catering,"A1, Wellington Road Industrial Estate, Leeds LS12 2UA, UK",0113 529 2080,https://www.saltscatering.co.uk/
A_catering_engineers,Leeds,Yoskshire catering equipment,"11 Summerhill Rd, Garforth, Leeds LS25 1AX, UK",07939 899921,
A_catering_engineers,Leeds,Nisbets,"3 Regent St, Leeds LS2 7QA, UK",0113 233 7050,https://www.nisbets.co.uk/leedsstore?utm_source=google%20places&utm_medium=maps&utm_campaign=google%20places
A_catering_engineers,Leeds,DWM UK,"Nepshaw Ln S, Gildersome, Leeds LS27 7JQ, UK",0113 270 7303,http://dwm-uk.com/
A_catering_engineers,Leeds,Unique Catering Equipment,"Unit 1, Granby Works, Bradford BD2 1AS, UK",01274 306040,https://uniquefoodmachinery.co.uk/
A_catering_engineers,Leeds,Catering Parts UK Ltd,"Newton House, Grey St, Wakefield WF1 3HQ, UK",01924 872982,https://www.cateringparts.net/
A_catering_engineers,Leeds,SG SOLUTIONS LTD,"956 Bradford Rd, East Bierley, Birkenshaw, Bradford BD4 6PB, UK",07415 157654,https://www.facebook.com/profile.php?id=100091249519928
A_catering_engineers,Leeds,Hog Roast Catering Yorkshire,"Building 3, City West Business Park, Gelderd Rd, Holbeck, Leeds LS12 6LN, UK",01904 820946,http://hogroastcateringyorkshire.co.uk/
A_catering_engineers,Leeds,Denby Catering Equipment,"Unit 2, Chantry Bridge Industrial Estate, Thornes Trading Estate, Thornes Ln, Wakefield WF1 5QN, UK",01924 200567,http://www.denbycatering.co.uk/
A_catering_engineers,Leeds,Thali Outlet,"Meanwood Buildings, 277A Meanwood Rd, Leeds LS7 2JD, UK",0113 394 8000,http://www.thalioutlet.com/
A_catering_engineers,Leeds,Freshbyte catering,"Sandringham Dr, Leeds LS17 8DA, UK",07448 064606,http://www.freshbytecatering.uk/
A_catering_engineers,Leeds,Yasin Catering Ltd,"55-61 Wickham St, Leeds LS11 7AR, UK",0113 277 3708,http://www.yasincateringleeds.co.uk/
A_catering_engineers,Leeds,Punjabi Heaven Catering,"Unit 5, LongClose Works, Dolly Ln, Harehills, Leeds LS9 7TU, UK",07777 654675,https://www.punjabiheavencatering.co.uk/
A_catering_engineers,Leeds,Catering Yorkshire,"4 Upper Wortley Rd, Leeds LS12 4JA, UK",0113 236 8135,http://www.cateringyorkshire.com/
A_catering_engineers,Leeds,AOS,"Unit 4 - 8, Houghley Ln, Leeds LS13 2DN, UK",,
A_catering_engineers,Leeds,White Rose Catering & Event Hire,"33 George St, Leeds LS1 3AJ, UK",0800 910 1625,https://www.expohire.com/whiterosehire
A_catering_engineers,Leeds,Collingham Catering Services Ltd,"Unit 16 Sandbeck Park, Sandbeck Ln, Wetherby LS22 7TW, UK",01937 583266,http://www.collinghamcatering.co.uk/
A_catering_engineers,Leeds,Leach Catering Equipment,"3 Twitch Hill, Horbury, Wakefield WF4 6NA, UK",01924 278516,http://facebook.com/leachcatering
A_catering_engineers,Leeds,KES Facilities Limited,"Commer house, Station Rd, Tadcaster LS24 9JF, UK",0113 347 1234,http://www.kesfacilities.co.uk/?utm_source=gbp
A_catering_engineers,Leeds,Gaswise Engineering,"Spen Cres, Leeds LS16 5EY, UK",07514 717070,
A_catering_engineers,Leeds,Northern Catering Supplies,"Savile Business Centre, Mill St E, Savile Town, Dewsbury WF12 9AH, UK",01924 456200,
A_catering_engineers,Leeds,Smartwhips Cream chargers fastgas leeds,"56-58 The Headrow, Leeds LS1 8TL, UK",07411 156901,https://linktr.ee/smartwhipsukdelivery
A_catering_engineers,Leeds,Harrogate Catering Services,"23 Grasmere Cres, Harrogate HG2 0ED, UK",01423 529949,http://www.harrogatecatering.co.uk/
A_catering_engineers,Leeds,Fresh Hospitality,"Carlton Mills, 4 Pickering St, Armley, Leeds LS12 2QG, UK",0113 263 7915,
A_catering_engineers,Leeds,Calomax Ltd,"Lupton Ave, Harehills, Leeds LS9 7DD, UK",0113 249 6681,http://www.calomax.co.uk/
A_catering_engineers,Leeds,Sparq Live Limited,"Units 5, 6 Scala Ct, Leeds LS10 1JD, UK",0333 533 1053,https://www.sparq.live/
A_catering_engineers,Leeds,Cyclone Ventilation Ltd,"Whitehall Industrial Estate, Unit 5 Ashfield Way, Whitehall Rd, Leeds LS12 5JB, UK",0113 263 2900,http://www.cycloneventilation.co.uk/
A_catering_engineers,Leeds,Jack Dammes Ltd,"130 Lower Wortley Rd, Wortley, Leeds LS12 4PQ, UK",0113 263 8114,http://jackdammes.co.uk/contact/
A_catering_engineers,Leeds,JJ Foodservice,"Middleton Grove, Leeds LS11 5BX, UK",01992 701701,https://www.jjfoodservice.com/
A_catering_engineers,Leeds,A1 Catering Disposable Products,"Providence Works, Henry St, Batley Carr, Batley WF17 6JJ, UK",01924 456786,http://www.a1cdp.com/
A_catering_engineers,Leeds,Threshfield Catering Supplies,"2 Station Rd, Guiseley, Leeds LS20 8BX, UK",01943 870055,https://www.threshfieldcatering.co.uk/
A_catering_engineers,Leeds,Sayes Service Limited,"Unit 2-3, Rehoboth House, Foster Cl, Morley, Leeds LS27 9NH, UK",0113 201 2190,https://www.sayesltd.com/
A_catering_engineers,Leeds,Cairn Catering Engineers,"Hyde Park House, Cartwright St, Newton, Hyde SK14 4EH, UK",0800 999 1926,https://cairncateringengineers.co.uk/
B_equipment_repair,Leeds,Northern Catering Equipment,"Richmond House, Lawnswood Business Park, Leeds LS16 6QY, UK",0113 833 1234,http://northerncatering.co.uk/
B_equipment_repair,Leeds,Leon Catering Equipment,"Unit 17, Leon Catering Equipment, park house, 37 Ings Rd, Osmondthorpe, Leeds LS9 9EJ, UK",0113 513 0481,https://leoncatering.wixsite.com/lcequipments
B_equipment_repair,Leeds,AD Catering Equipment Engineering,"11 Vale St, Brighouse HD6 1TR, UK",07432 563323,http://www.adcee.co.uk/
B_equipment_repair,Leeds,R & D Services,"1 Nelson Ct, Methley, Leeds LS26 9LJ, UK",07889 905636,
B_equipment_repair,Leeds,Brakes Catering Equipment,"4-5, Maybrook Industrial Park, Armley Rd, Armley, Leeds LS12 2EL, UK",0113 394 3900,https://www.brakesce.co.uk/
B_equipment_repair,Leeds,KES Facilities Limited,"Commer house, Station Rd, Tadcaster LS24 9JF, UK",0113 347 1234,http://www.kesfacilities.co.uk/?utm_source=gbp
B_equipment_repair,Leeds,Unique Catering Equipment,"Unit 1, Granby Works, Bradford BD2 1AS, UK",01274 306040,https://uniquefoodmachinery.co.uk/
B_equipment_repair,Leeds,Calder Catering Equipment Services Ltd,"Newton House, Grey St, Wakefield WF1 3HQ, UK",01924 872972,http://www.caldercatering.co.uk/
B_equipment_repair,Leeds,Barton Catering Engineers,"76 Carr Bottom Rd, Greengates, Bradford BD10 0BD, UK",0113 418 0284,https://bartoncateringengineers.co.uk/
B_equipment_repair,Leeds,RITEPRICE CATERING EQUIPMENT,"Barkston House, 46 Croydon St, Holbeck, Leeds LS11 9RT, UK",0113 234 2227,http://www.ritepriceltd.com/
B_equipment_repair,Leeds,Catering Parts UK Ltd,"Newton House, Grey St, Wakefield WF1 3HQ, UK",01924 872982,https://www.cateringparts.net/
B_equipment_repair,Leeds,Hopkins Frying Ranges RGM Leeds Ltd,"Grangefield Industrial Estate, Stanningley, Pudsey LS28 6LF, UK",0113 257 7934,http://www.hopkins.biz/
B_equipment_repair,Leeds,Collingham Catering Services Ltd,"Unit 16 Sandbeck Park, Sandbeck Ln, Wetherby LS22 7TW, UK",01937 583266,http://www.collinghamcatering.co.uk/
B_equipment_repair,Leeds,Shire Catering Equipment,"Unit 19, Oak Mills, Topcliffe Ln, Morley, Leeds LS27 0HL, UK",0113 252 0880,http://www.shirecateringequipment.co.uk/
B_equipment_repair,Leeds,Nisbets,"3 Regent St, Leeds LS2 7QA, UK",0113 233 7050,https://www.nisbets.co.uk/leedsstore?utm_source=google%20places&utm_medium=maps&utm_campaign=google%20places
A_catering_engineers,Bristol,AB Catering Engineers Ltd,"15 Martock Rd, Keynsham, Bristol BS31 1XA, UK",0117 986 8007,https://www.abcateringengineers-bristol.co.uk/
B_equipment_repair,Bristol,"Herits Food Machinery, Service & Repair - Bristol","Unit 9a, SBI Centre, Memorial Rd, Hanham, Bristol BS15 3JY, UK",0117 325 5010,https://herits.co.uk/
B_equipment_repair,Bristol,AB Catering Engineers Ltd,"15 Martock Rd, Keynsham, Bristol BS31 1XA, UK",0117 986 8007,https://www.abcateringengineers-bristol.co.uk/
B_equipment_repair,Bristol,Avondale Catering Supplies Ltd,"Office 19, Access Self Storage, Winterstoke Rd, Ashton Gate, Bristol BS3 2LG, UK",0117 244 2295,http://avondalecatering.co.uk/
B_equipment_repair,Bristol,Tailor Made Catering Equipment Services Ltd,"Unit D37, Kestrel court, 1 Harbour Rd, Portishead, Bristol BS20 7AN, UK",01275 390590,https://www.tailormadeces.com/
B_equipment_repair,Bristol,Nisbets Bristol Showroom & Store (National Catering Equipment Centre),"Nisbets National Catering Equipment Centre, St Brendan's Way, Avonmouth, Bristol BS11 9HA, UK",0117 259 1555,https://www.nisbets.co.uk/national-catering-equipment-centre?utm_source=google%20places&utm_medium=maps&utm_campaign=google%20places
B_equipment_repair,Bristol,M&M CATERING SUPPLIES LIMITED,"GXO Site, St, St Andrew's Rd, Avonmouth, Bristol BS11 9HS, UK",0117 982 7338,https://mmcateringsupplies.com/
B_equipment_repair,Bristol,Saunders,"Unit 8, Trubody’s Business Park, 121 London Rd, Bridgeyate, Bristol BS30 5NA, UK",0117 961 4330,https://www.saunderssolutions.co.uk/
B_equipment_repair,Bristol,South Western Equipment Catering Services,"Southland Farm, Compton Dando, Bristol BS39 4JX, UK",07900 908896,http://swecs.co.uk/
B_equipment_repair,Bristol,Jongor Hire (Bristol),"Kingsland Trading Estate, St Philips Rd, Bristol BS2 0JZ, UK",0117 955 6739,http://www.jongor.co.uk/
B_equipment_repair,Bristol,Bristol Catering Company,"31 Brislington Hill, Brislington, Bristol BS4 5BE, UK",0117 370 3100,http://www.bristolcatering.co.uk/
B_equipment_repair,Bristol,Roundstone Catering Equipment,"8 Lysander Rd, Bowerhill, Melksham SN12 6SP, UK",01225 709595,https://www.roundstonecatering.com/
B_equipment_repair,Bristol,South West Solutions,"5 Mosley Cres, Cashes Green, Stroud GL5 4LT, UK",07771 907315,https://south-west-solutions.com/
B_equipment_repair,Bristol,Commercial Chillers & Refrigerated Display Cabinets,"Brunel View, 120 Bedminster Down Rd, Bristol BS13 7AF, UK",07928 883860,https://commercialchillers.co.uk/
B_equipment_repair,Bristol,Bunzl Catering Supplies,"Unit R1B Rockingham Gate/Cabot Pk/Poplar Way West, Avonmouth, Bristol BS11 0YW, UK",0117 982 1111,https://www.bunzlcatering.co.uk/
B_equipment_repair,Bristol,Kitchen Artillery,"4b Waterloo St, Clifton, Bristol BS8 4BT, UK",0117 973 1062,https://www.kitchenartillery.co.uk/
B_equipment_repair,Bristol,Elite Catering & Laundry Services Ltd,"432 Gloucester Rd, Horfield, Bristol BS7 8TX, UK",0117 969 4618,
B_equipment_repair,Bristol,Catering Equipment Services Ltd,"Unit 3D, Maryland Industrial Estate, Belfast, Newtownards BT23 6BL, UK",028 9049 1616,https://cescatering.co.uk/
B_equipment_repair,Bristol,JJ Foodservice Limited,"The Cobden Centre, Folly Brook Rd, Lyde Green, Emersons Green, Bristol BS16 7FQ, UK",01992 701701,https://www.jjfoodservice.com/
B_equipment_repair,Bristol,Prestige Event Equipment Hire,"Unit 4, Hanham Business Park Memorial Rd, Hanham, Bristol BS15 3JE, UK",0117 961 3170,https://prestigehire.biz/
B_equipment_repair,Bristol,Access 18,"Access 18, Avonmouth, Bristol BS11 8HT, UK",0845 140 5555,http://www.nisbets.co.uk/
B_equipment_repair,Bristol,Blast Event Hire,"28 Vale Ln, Bedminster Down, Bristol BS3 5RU, UK",0117 370 2660,http://www.blasteventhire.co.uk/
A_catering_engineers,Nottingham,Nottingham Catering Engineers Ltd,"8 Valley Rd, Beeston, Nottingham NG9 4GP, UK",0115 877 8888,http://www.nottinghamcateringengineers.co.uk/
A_catering_engineers,Nottingham,Castle Catering Engineers Ltd,"Unit 8, Pottery Court, Pottery Way, Bulwell, Nottingham NG6 8YN, UK",0115 905 1208,https://www.ccecatering.com/
A_catering_engineers,Nottingham,Premier Restaurant Engineering Ltd,"10, Broxtowe Park Business Centre Calverton Drive, Strelley, Nottingham NG8 6QP, UK",0115 925 1208,http://premierrestaurantengineering.co.uk/
A_catering_engineers,Nottingham,Notts Catering Repairs,"71 Chiltern Way, Nottingham NG5 5NP, UK",07815 570971,https://www.nottscateringrepairs.co.uk/
A_catering_engineers,Nottingham,Midland Catering Engineers Limited,"Private Road Number 5, Colwick Industrial Estate, Netherfield, Nottingham NG4 2JU, UK",0115 987 9686,
A_catering_engineers,Nottingham,Cook Cool Catering Equipment,"99 Manvers St, Sneinton, Nottingham NG2 4NU, UK",0115 950 4685,http://www.cook-cool.co.uk/
A_catering_engineers,Nottingham,Walker Catering Supplies,"Off Norton St, Ilkeston Rd, Nottingham NG7 3JG, UK",0115 979 0110,http://www.walkercatering.co.uk/
A_catering_engineers,Nottingham,ARM Catering Equipment LTD,"Unit 10, Forest Court, Radford, Nottingham NG7 4EX, UK",07898 259883,
A_catering_engineers,Nottingham,Storer Refrigeration & Catering Manufacturers Ltd,"Newstead Industrial Estate, Brookfield Rd, Arnold, Nottingham NG5 7ER, UK",0115 920 0329,https://www.storersltd.com/
A_catering_engineers,Nottingham,Drh Catering Engineers,"22 Mona St, Beeston, Nottingham NG9 2BY, UK",,
A_catering_engineers,Nottingham,MC Engineers Ltd,"Colwick Industrial Estate, Rd No 5, Netherfield, Nottingham NG4 2JU, UK",0115 987 9686,
B_equipment_repair,Nottingham,Notts Catering Repairs,"71 Chiltern Way, Nottingham NG5 5NP, UK",07815 570971,https://www.nottscateringrepairs.co.uk/
B_equipment_repair,Nottingham,Castle Catering Engineers Ltd,"Unit 8, Pottery Court, Pottery Way, Bulwell, Nottingham NG6 8YN, UK",0115 905 1208,https://www.ccecatering.com/
B_equipment_repair,Nottingham,Nottingham Catering Engineers Ltd,"8 Valley Rd, Beeston, Nottingham NG9 4GP, UK",0115 877 8888,http://www.nottinghamcateringengineers.co.uk/
B_equipment_repair,Nottingham,Cook Cool Catering Equipment,"99 Manvers St, Sneinton, Nottingham NG2 4NU, UK",0115 950 4685,http://www.cook-cool.co.uk/
B_equipment_repair,Nottingham,Premier Restaurant Engineering Ltd,"10, Broxtowe Park Business Centre Calverton Drive, Strelley, Nottingham NG8 6QP, UK",0115 925 1208,http://premierrestaurantengineering.co.uk/
B_equipment_repair,Nottingham,Walker Catering Supplies,"Off Norton St, Ilkeston Rd, Nottingham NG7 3JG, UK",0115 979 0110,http://www.walkercatering.co.uk/
B_equipment_repair,Nottingham,Catershield Services Ltd,"Aria Business Park, Sherwood Avenue, Mansfield, Hucknall, Nottingham NG15 7BY, UK",01623 705216,http://www.catershield.com/
B_equipment_repair,Nottingham,Elya Catering Equipment Ltd,"Waterford St, Basford, Nottingham NG6 0DH, UK",0115 978 8585,http://www.elyacatering.co.uk/
B_equipment_repair,Nottingham,Johnsons Catering Equipment,"Unit, G3 Cowlairs, Nottingham NG5 9RA, UK",0115 976 1621,http://www.johnsonsce.co.uk/
B_equipment_repair,Nottingham,Storer Refrigeration & Catering Manufacturers Ltd,"Newstead Industrial Estate, Brookfield Rd, Arnold, Nottingham NG5 7ER, UK",0115 920 0329,https://www.storersltd.com/
B_equipment_repair,Nottingham,Technical Cooling,"Unit 1 & 2, Parkway Court, Nottingham NG8 4GN, UK",0115 779 8534,http://technicalcooling.co.uk/
B_equipment_repair,Nottingham,Nutech Refrigeration Equipment Nottingham,"Unit 1, Broxtowe Park Business Centre Calverton Drive, Nottingham NG8 6QP, UK",0115 920 4444,https://cateringequipmentnottingham.com/
B_equipment_repair,Nottingham,Advanced Catering Services Ltd,"Unit 4A, 4B, High St, Bassingham, Lincoln LN5 9JZ, UK",07834 615965,http://www.adcatservs.co.uk/
B_equipment_repair,Nottingham,Catering Equipment Repair ‍ ️,"Unit 12, Shorncliffe Industrial Estate, North Cl, Folkestone CT20 3UH, UK",01304 873469,https://www.catering-equipment-repair.co.uk/
B_equipment_repair,Nottingham,Garner FSE,"28-32 Hall St, Sherwood, Nottingham NG5 4AS, UK",0115 960 9690,http://www.garners-fse.co.uk/
B_equipment_repair,Nottingham,FS Catering Services,"26 Westbury Mews, Nottingham NG5 1EN, UK",07918 106457,
B_equipment_repair,Nottingham,Nisbets,"2 Fletcher Gate, Nottingham NG1 2FZ, UK",0115 740 1025,https://www.nisbets.co.uk/nottinghamstore?utm_source=google%20places&utm_medium=maps&utm_campaign=google%20places
B_equipment_repair,Nottingham,Food Equipment Services Ltd,"w35, Lenton, Nottingham NG7 2BY, UK",07368 147741,http://foodequipmentservicesltd.com/
B_equipment_repair,Nottingham,Chinese Wok Cooker,"Unit 6, 1 Chapel St, Long Eaton, Nottingham NG10 1EQ, UK",0115 877 8888,http://www.chinesewokcooker.co.uk/
B_equipment_repair,Nottingham,Catering Projects Ltd,"Unit 2, Waterloo Court, Markham Ln, Markham Vale, Chesterfield S44 5HN, UK",01246 811575,http://www.cateringprojects.co.uk/
B_equipment_repair,Nottingham,Sadlergates Catering Nottingham | Food Catering Professionals,"Unit 5, Castle Industrial Park, Watnall Rd., Hucknall, Nottingham NG15 6BU, UK",0115 647 6903,https://sadlergates.co.uk/caterers-nottingham/
B_equipment_repair,Nottingham,Catering Equipment Services Ltd,"Unit 3D, Maryland Industrial Estate, Belfast, Newtownards BT23 6BL, UK",028 9049 1616,https://cescatering.co.uk/
B_equipment_repair,Nottingham,McArtney's Catering Ltd,"6 Wilford Rd, Ruddington, Nottingham NG11 6EN, UK",07825 836693,
B_equipment_repair,Nottingham,BBQs & Buffets,"Unit 4, Whyburn Business Park, 9 Baker Brk Cl, Hucknall, Nottingham NG15 7WE, UK",0333 772 2265,https://www.bbqsandbuffets.co.uk/enquire-online/
B_equipment_repair,Nottingham,Mega Gas Services Ltd,"3 Mossdale Rd, Nottingham NG5 3GX, UK",07913 906111,https://megagasservicesltd.co.uk/
A_catering_engineers,Sheffield,C & R Fabrications catering equipment,"5 Waverley Rd, Darnall, Sheffield S9 4PJ, UK",0114 244 9502,https://www.candrfabricationsholdings.co.uk/
A_catering_engineers,Sheffield,Phoenix Catering Equipment,"Unit 1, Rutland Business Park, 50 Rutland Rd, Neepsend, Sheffield S3 8BD, UK",0114 272 7600,http://phoenixcateringequipment.co.uk/
A_catering_engineers,Sheffield,Barnsley Catering Services Ltd,"37 Mowbray St, Neepsend, Sheffield S3 8EN, UK",01226 280222,http://www.bcs-solutions.co.uk/
A_catering_engineers,Sheffield,Sheffield Catering Supplies,"Unit 4 Rutland Way, Sheffield S3 8DG, UK",0114 275 1991,http://www.sheffieldcatering.co.uk/
A_catering_engineers,Sheffield,Lloyd Catering Equipment,"New Rd, Sheffield, Rotherham S61 2DU, UK",01709 740540,http://www.lloyd-catering.co.uk/
A_catering_engineers,Sheffield,Progressive Catering Equipment Ltd,"Unit 3, NEXT TO RAILWAY BRIDGE BRIDGE, Station Works, Station Rd, Ecclesfield, Sheffield S35 9YR, UK",0114 257 7160,http://stainless4all.com/
A_catering_engineers,Sheffield,RTH Traders Ltd - Catering Equipment,"Hillside Business Park, New St, Holbrook, Sheffield S20 3GH, UK",0114 248 4466,http://www.rthtraders.com/
A_catering_engineers,Sheffield,Catering Kitchens,"100 Lyons Street, Off Carlisle Street, Sheffield S4 7QS, UK",0114 276 3550,http://www.cateringkitchenssheffield.co.uk/
A_catering_engineers,Sheffield,Steel City Food Service Equipment,"Unit 4C, Parkway Business Centre Ltd, Parkway Rise, Sheffield S9 4WQ, UK",07912 857843,http://www.steelcityfse.co.uk/
A_catering_engineers,Sheffield,Fox Catering Equipment,"3, Woodbourn Business Centre, 230 Woodbourn Rd, Sheffield S9 3LQ, UK",0844 272 9742,http://foxcateringequipment.co.uk/
A_catering_engineers,Sheffield,Express Catering Equipment,"Unit 4, Shepcote Centre, Shepcote Ln, Tinsley, Sheffield S9 1US, UK",0114 352 1074,https://www.expresscateringandfabrications.co.uk/
A_catering_engineers,Sheffield,Agam Catering Equipment Suppliers,"47 Sheffield Rd, Rotherham S60 1DA, UK",01709 379684,http://www.agamcatering.co.uk/
A_catering_engineers,Sheffield,Nisbets Catering Equipment Sheffield Store,"Redvers House, 49 Furnival Gate, Sheffield City Centre, Sheffield S1 4QQ, UK",0114 408 1624,https://www.nisbets.co.uk/sheffieldstore
A_catering_engineers,Sheffield,Catering Griddle,"656 Attercliffe Rd, Attercliffe, Sheffield S9 3RN, UK",07449 184963,
A_catering_engineers,Sheffield,B&M Secondhand Catering Equipment,"336 Langsett Rd, Hillsborough, Sheffield S6 2UF, UK",07733 488029,https://sites.google.com/view/bm-secondhandcateringequipment/home
A_catering_engineers,Sheffield,Carlton Catering Equipment,"Grange Farm, Braithwell Rd, Ravenfield, Rotherham S65 4LP, UK",07976 285343,http://www.chippersandpeelers.com/
A_catering_engineers,Sheffield,Vip Catering Spares,"105 Lindsay Ave, Parson Cross, Sheffield S5 7SD, UK",07539 934422,http://vipcateringparts.co.uk/
A_catering_engineers,Sheffield,sheffcat ltd,"105, Sheffield S5 7SD, UK",07539 934422,http://www.sheffcat.co.uk/
A_catering_engineers,Sheffield,Manitowoc Food Service,"Provincial Park, Nether Lane, Ecclesfield, Sheffield S35 9ZX, UK",0114 257 0100,
A_catering_engineers,Sheffield,Elite Catering Equipment LTD,"Unit 13, vanguard trading estate, Britannia Rd, Chesterfield S40 2TZ, UK",01246 914300,http://elitecateringequipmentltd.co.uk/
A_catering_engineers,Sheffield,AD Catering Equipment Engineering,"11 Vale St, Brighouse HD6 1TR, UK",07432 563323,http://www.adcee.co.uk/
A_catering_engineers,Sheffield,Callaghan Paul,"1 Waverley Rd, Darnall, Sheffield S9 4PJ, UK",0114 243 3050,
A_catering_engineers,Sheffield,Southcroft Engineering Co Ltd,"Thurcroft Industrial Estate, New Orchard Rd, Thurcroft, Rotherham S66 9HY, UK",01709 545147,https://www.southcroftengineering.co.uk/
A_catering_engineers,Sheffield,Taste Revolution | Gastronomy & Catering Supplies,"103 Arundel St, Sheffield City Centre, Sheffield S1 2NT, UK",0114 272 1136,
A_catering_engineers,Sheffield,Supreme Grazing,"6 Wesley Ave, Swallownest, Sheffield S26 4UW, UK",07969 669281,
A_catering_engineers,Sheffield,Vixen Catering Equipment Ltd,"464-466 Manchester Rd, Stocksbridge, Sheffield S36 2DU, UK",0114 288 8416,
A_catering_engineers,Sheffield,Expo Hire - Sheffield Catering & Event Hire,"1 Tudor Square, Sheffield City Centre, Sheffield S1 2LA, UK",0800 910 1100,https://www.expohire.com/sheffield-catering-hire
A_catering_engineers,Sheffield,Emcat Ltd,"Burley Cl, Chesterfield S40 2UB, UK",01246 558523,http://www.emcatltd.co.uk/
A_catering_engineers,Sheffield,H K Projects,"Globe Works, Penistone Rd, Sheffield S6 3AE, UK",0114 299 5290,http://hkprojects.com/
A_catering_engineers,Sheffield,Northern Catering Equipment,"Richmond House, Lawnswood Business Park, Leeds LS16 6QY, UK",0113 833 1234,http://northerncatering.co.uk/
A_catering_engineers,Sheffield,The Bo-Ho Catering Co.,"183 White Ln, Gleadless, Sheffield S12 3GF, UK",07786 937881,https://www.thebohocateringco.co.uk/
A_catering_engineers,Sheffield,Catering Projects Ltd,"Unit 2, Waterloo Court, Markham Ln, Markham Vale, Chesterfield S44 5HN, UK",01246 811575,http://www.cateringprojects.co.uk/
A_catering_engineers,Sheffield,Brytone,"Park St, Rotherham S61 1RL, UK",01709 740316,https://www.brytone.co.uk/
A_catering_engineers,Sheffield,Skyline Supplies Ltd,"Burley Cl, Chesterfield S40 2UB, UK",01246 221203,http://skylinesupplies.com/
A_catering_engineers,Sheffield,EXPRESS CATERING EQUIPMENT,"Attercliffe, Sheffield S9 3RE, UK",,
A_catering_engineers,Sheffield,Welbilt,"Unit, 5, 6 Nether Ln, Ecclesfield, Sheffield S35 9ZX, UK",,
A_catering_engineers,Sheffield,Anchor Manufacturing,"70 Broad Oaks, Sheffield S9 3HJ, UK",0114 242 0444,http://www.anchormanufacturing.co.uk/
A_catering_engineers,Sheffield,Quickfire Tableware Ltd,"Unit 7 Westthorpe Fields Business Park, Westthorpe Fields Road, Killamarsh, Sheffield S21 1TZ, UK",0114 248 9416,http://www.coffeecups.co.uk/
A_catering_engineers,Sheffield,Advanced Catering Services Ltd,"Unit 4A, 4B, High St, Bassingham, Lincoln LN5 9JZ, UK",07834 615965,http://www.adcatservs.co.uk/
A_catering_engineers,Sheffield,Russums,"Tenter St, Rotherham S60 1LB, UK",01709 372345,https://www.russums.co.uk/
A_catering_engineers,Sheffield,M A Tooling,"565-571 Attercliffe Rd, Attercliffe, Sheffield S9 3RD, UK",0114 256 0700,
A_catering_engineers,Sheffield,Luncheon Express,"Unit A1, Valley Business Park, Grange Ln, Sheffield S5 0DQ, UK",0114 245 6600,http://www.luncheonexpress.co.uk/
A_catering_engineers,Sheffield,You Can Hire Ltd,"Rotherham Rd, Eckington, Sheffield S21 4FH, UK",01246 435703,https://youcanhire.net/
A_catering_engineers,Sheffield,Icarus And Apollo,"18-20 Union St, Sheffield City Centre, Sheffield S1 2EH, UK",07871 460150,http://www.icarusandapollo.com/
A_catering_engineers,Sheffield,Chefs Tableware,"Unit 9, Callywhite Business Park, Callywhite Ln, Dronfield S18 2XP, UK",01246 411626,https://chefstableware.co.uk/
A_catering_engineers,Sheffield,IDL Commercial Kitchen Design,"Unit 22, Century Park Network Centre, Dearne Ln, Wath upon Dearne, Rotherham S63 5DE, UK",01709 871392,http://www.idlengineeringservices.co.uk/
A_catering_engineers,Sheffield,RHE Catering Equipment Sevices,"The Courtyard, Burnsall Rd, Coventry CV5 6UT, UK",024 7666 7541,http://www.rheservices.co.uk/
A_catering_engineers,Sheffield,Food Service Solutions (UK) Ltd,"Unit 52, Works Rd, Hollingwood, Chesterfield S43 2PE, UK",01246 477223,http://foodservicesolutions.co.uk/
A_catering_engineers,Sheffield,Reyt Good Burger Co.,"22 Owlthorpe Dr, Mosborough, Sheffield S20 5JU, UK",07799 667056,http://www.reytgoodburgerco.co.uk/
B_equipment_repair,Sheffield,Phoenix Catering Equipment,"Unit 1, Rutland Business Park, 50 Rutland Rd, Neepsend, Sheffield S3 8BD, UK",0114 272 7600,http://phoenixcateringequipment.co.uk/
B_equipment_repair,Sheffield,Sheffield Catering Supplies,"Unit 4 Rutland Way, Sheffield S3 8DG, UK",0114 275 1991,http://www.sheffieldcatering.co.uk/
B_equipment_repair,Sheffield,RTH Traders Ltd - Catering Equipment,"Hillside Business Park, New St, Holbrook, Sheffield S20 3GH, UK",0114 248 4466,http://www.rthtraders.com/
B_equipment_repair,Sheffield,Lloyd Catering Equipment,"New Rd, Sheffield, Rotherham S61 2DU, UK",01709 740540,http://www.lloyd-catering.co.uk/
B_equipment_repair,Sheffield,C & R Fabrications catering equipment,"5 Waverley Rd, Darnall, Sheffield S9 4PJ, UK",0114 244 9502,https://www.candrfabricationsholdings.co.uk/
B_equipment_repair,Sheffield,AD Catering Equipment Engineering,"11 Vale St, Brighouse HD6 1TR, UK",07432 563323,http://www.adcee.co.uk/
B_equipment_repair,Sheffield,Steel City Food Service Equipment,"Unit 4C, Parkway Business Centre Ltd, Parkway Rise, Sheffield S9 4WQ, UK",07912 857843,http://www.steelcityfse.co.uk/
B_equipment_repair,Sheffield,Agam Catering Equipment Suppliers,"47 Sheffield Rd, Rotherham S60 1DA, UK",01709 379684,http://www.agamcatering.co.uk/
B_equipment_repair,Sheffield,Fox Catering Equipment,"3, Woodbourn Business Centre, 230 Woodbourn Rd, Sheffield S9 3LQ, UK",0844 272 9742,http://foxcateringequipment.co.uk/
B_equipment_repair,Sheffield,Express Catering Equipment,"Unit 4, Shepcote Centre, Shepcote Ln, Tinsley, Sheffield S9 1US, UK",0114 352 1074,https://www.expresscateringandfabrications.co.uk/
B_equipment_repair,Sheffield,Barnsley Catering Services Ltd,"37 Mowbray St, Neepsend, Sheffield S3 8EN, UK",01226 280222,http://www.bcs-solutions.co.uk/
B_equipment_repair,Sheffield,Catering Kitchens,"100 Lyons Street, Off Carlisle Street, Sheffield S4 7QS, UK",0114 276 3550,http://www.cateringkitchenssheffield.co.uk/
B_equipment_repair,Sheffield,Nisbets Catering Equipment Sheffield Store,"Redvers House, 49 Furnival Gate, Sheffield City Centre, Sheffield S1 4QQ, UK",0114 408 1624,https://www.nisbets.co.uk/sheffieldstore
B_equipment_repair,Sheffield,Vip Catering Spares,"105 Lindsay Ave, Parson Cross, Sheffield S5 7SD, UK",07539 934422,http://vipcateringparts.co.uk/
B_equipment_repair,Sheffield,Catering Equipment Repair ‍ ️,"Unit 12, Shorncliffe Industrial Estate, North Cl, Folkestone CT20 3UH, UK",01304 873469,https://www.catering-equipment-repair.co.uk/
B_equipment_repair,Sheffield,Phoenix Commercial Catering Equipment Ltd,"Unit 11, 94 Bell Ln, Kitt's Green, Birmingham B33 0HX, UK",0121 684 5078,https://www.phoenixcommercialcatering.co.uk/
B_equipment_repair,Sheffield,NOVA electronics,"700-702 Attercliffe Rd, Attercliffe, Sheffield S9 3RP, UK",0114 244 7257,http://www.nova-electronics.co.uk/
B_equipment_repair,Sheffield,B&P Wholesale - Packaging & Catering Supplies,"9AParkway Dr, Darnall, Sheffield S9 4WN, UK",0114 244 4446,https://www.bandpwholesale.co.uk/
B_equipment_repair,Sheffield,NWCE Foodservice Equipment,"Folds Rd, Bolton BL1 2SB, UK",0161 764 8688,http://www.nwce.co.uk/
B_equipment_repair,Sheffield,Sheffield Kitchen Supplies,"17, Kingfisher Works, Neepsend Ln, Neepsend, Sheffield S3 8AU, UK",0114 273 7524,http://www.sheffieldsupplies.co.uk/
B_equipment_repair,Sheffield,Cater-Equip Ltd,"Unit 1, Junction Industrial Estate, Pontyclun CF72 9ES, UK",01443 225325,https://www.cater-equip.co.uk/
B_equipment_repair,Sheffield,KES Facilities Limited,"Commer house, Station Rd, Tadcaster LS24 9JF, UK",0113 347 1234,http://www.kesfacilities.co.uk/?utm_source=gbp
B_equipment_repair,Sheffield,Expo Hire - Sheffield Catering & Event Hire,"1 Tudor Square, Sheffield City Centre, Sheffield S1 2LA, UK",0800 910 1100,https://www.expohire.com/sheffield-catering-hire
B_equipment_repair,Sheffield,White Goods Rescue,"27 Archdale Rd, Sheffield S2 1PL, UK",07873 632372,https://www.whitegoodsrescue.co.uk/
B_equipment_repair,Sheffield,Caterfix UK,"8 Testwood Ave, Totton, Southampton SO40 3LW, UK",0800 808 7760,https://www.commercialkitchenrepairs.co.uk/
B_equipment_repair,Sheffield,South Coast Catering Equipment Limited,"Unit 4-5, Commercial House, Apex Park, Hailsham BN27 3JU, UK",01323 444530,http://www.southcoastcatering.co.uk/
B_equipment_repair,Sheffield,H K Projects,"Globe Works, Penistone Rd, Sheffield S6 3AE, UK",0114 299 5290,http://hkprojects.com/
B_equipment_repair,Sheffield,Wok Cooker Services Ltd,"Unit H3, Westfield Industrial Estate, Second Ave, Midsomer Norton, Radstock BA3 4BH, UK",01761 411772,http://www.wokcookerservices.co.uk/
B_equipment_repair,Sheffield,Pro Property ltd,"69 Middlewood Rd And 395 South Road and, chesterfield rd, Woodseats, Sheffield S6 4GX, UK",0114 233 7766,http://www.propropertyltd.co.uk/
B_equipment_repair,Sheffield,Anchor Manufacturing,"70 Broad Oaks, Sheffield S9 3HJ, UK",0114 242 0444,http://www.anchormanufacturing.co.uk/
B_equipment_repair,Sheffield,CaterChoice Cash & Carry,"22A Atlas Way, Sheffield S4 7QQ, UK",0114 256 7670,http://www.cater-choice.com/
B_equipment_repair,Sheffield,Granton Knives,"131 Carlisle St, Sheffield S4 7LJ, UK",0114 263 4832,https://grantonknives.co.uk/
B_equipment_repair,Sheffield,J Adams,"124 Scotland St, Sheffield S3 7DE, UK",0114 272 3612,http://www.sheffieldknives.co.uk/
B_equipment_repair,Sheffield,CATRA - Cutlery & Allied Trades Research Association,"Henry St, Sheffield S3 7EQ, UK",0114 276 9736,http://www.catra.org/
B_equipment_repair,Sheffield,Icarus And Apollo,"18-20 Union St, Sheffield City Centre, Sheffield S1 2EH, UK",07871 460150,http://www.icarusandapollo.com/
B_equipment_repair,Sheffield,MFS Wholesale,"Unit 2, 3 Rutland Way, Sheffield S3 8DG, UK",0114 321 1791,http://www.mfsglobal.co.uk/
B_equipment_repair,Sheffield,Gas Force One Ltd,"60 Waltheof Rd, Sheffield S2 1NU, UK",07821 899426,http://www.gasforceone.co.uk/
B_equipment_repair,Sheffield,Ecotech Yorkshire,"Aizlewoods Mill, Nursery St, Sheffield S3 8GG, UK",0114 400 0454,https://ecotechyorkshire.co.uk/
B_equipment_repair,Sheffield,Cater Solutions,"Unit 8, Integra:ME Bircholt Rd, Maidstone ME15 9GQ, UK",0845 066 9966,http://www.catersolutions.co.uk/
B_equipment_repair,Sheffield,React Boiler Repair,"159 Bannerdale Rd, Sheffield S7 2DS, UK",07540 582986,
B_equipment_repair,Sheffield,Home Team,"Courtwood House, Silver Street Head, Sheffield City Centre, Sheffield S8 0EZ, UK",0800 644 6750,http://www.hometeam.co.uk/
B_equipment_repair,Sheffield,"Kutchenhaus Meadowhall, Sheffield","734-736 Attercliffe Rd, Attercliffe, Sheffield S9 3RQ, UK",0114 256 0888,https://uk.kutchenhaus.com/store-finder/sheffield?lat=53.4140142&long=-1.4111333&q=sheffield%20meadow
A_catering_engineers,Southampton,Knight Catering Services Ltd,"52 Water Ln, Totton, Southampton SO40 3DN, UK",07973 181453,http://www.k-c-s.co.uk/
A_catering_engineers,Southampton,Catering Equipment Support Ltd,"Unit 12 Deer Park Farm Ind Est, Knowle Ln, Fair Oak, Eastleigh SO50 7DZ, UK",023 8000 6082,https://www.cateringequipmentsupport.co.uk/
A_catering_engineers,Southampton,Caterfix UK,"8 Testwood Ave, Totton, Southampton SO40 3LW, UK",0800 808 7760,https://www.commercialkitchenrepairs.co.uk/
A_catering_engineers,Southampton,Allens Catering Equipment Hire Southampton,"7, Aercon Trading Estate, Woodside Rd, Eastleigh, Southampton SO50 4ET, UK",023 8065 2316,https://www.allenshire.co.uk/?utm_source=Google_Business_Southampton&utm_medium=organic&utm_campaign=HSGMB
A_catering_engineers,Southampton,HCE Foodservice Equipment,"School Lane Chandlers Ford Industrial Estate, School Ln, Chandler's Ford, Eastleigh SO53 4DG, UK",023 8027 1010,http://www.hce-catering.co.uk/
A_catering_engineers,Southampton,Nisbets Catering Equipment Southampton Store,"14, Orchard House, 53 Commercial Rd, Southampton SO15 1GG, UK",023 8166 1615,https://www.nisbets.co.uk/southamptonstore?utm_source=google%20places&utm_medium=maps&utm_campaign=google%20places
A_catering_engineers,Southampton,Meridian Catering Engineers,"Wessex House, Upper Market St, Eastleigh SO50 9FD, UK",023 8064 7062,https://www.meridiancateringengineers.co.uk/
A_catering_engineers,Southampton,Gamma Catering Equipment,"30 Primrose Way, Park Gate, Southampton SO31 6WX, UK",07577 969799,http://www.gammacatering.co.uk/
A_catering_engineers,Southampton,Catering Products Direct,"Chandler's Ford, Southampton SO142AL, UK",,https://cateringproductsdirect.co.uk/?utm_source=Google+Business+Profile&utm_medium=Catering+Products+Direct&utm_campaign=Catering+Products+Direct+Google+Business+Profile
A_catering_engineers,Southampton,BF Engineering Servics Limited,"Unit A, Lake Works, Cranleigh Rd, Portchester, Fareham PO16 9DR, UK",023 9249 8080,http://www.bfes.co.uk/
A_catering_engineers,Southampton,Catering Products Direct,"29 Field View, Chandler's Ford, Eastleigh SO53 4LJ, UK",,https://cateringproductsdirect.co.uk/
A_catering_engineers,Southampton,Hamble Catering Ltd,"Unit 10 South Point, Ensign Way, Hamble-le-Rice, Southampton SO31 4RF, UK",023 8045 7262,http://www.hamblecatering.co.uk/
A_catering_engineers,Southampton,Catering Services International,"F1, 81 London Rd, Southampton SO15 2AA, UK",023 8033 4999,https://www.cateringinternational.co.uk/
A_catering_engineers,Southampton,City Catering Southampton,"Drummond House, Drummond Dr, Southampton SO14 0SS, UK",023 8033 2226,https://citycateringsouthampton.co.uk/
A_catering_engineers,Southampton,P P Catering and events,"Winsor Rd, Bartley, Southampton SO40 2HJ, UK",07765 225889,http://www.ppcateringandevents.co.uk/
A_catering_engineers,Southampton,Yum Street,"R/O, 28-30 Chapel Rd, Southampton SO14 5GL, UK",07590 670405,https://yumstreet.co.uk/?utm_source=google&utm_medium=organic&utm_campaign=gbp-website
A_catering_engineers,Southampton,Southampton Caterers,"3 Yew Tree Cl, Hedge End, Southampton SO30 4ED, UK",01489 787899,http://www.southamptoncaterers.com/
A_catering_engineers,Southampton,Behave and Graze,"Royal Crescent Apartments, Southampton SO14 3AD, UK",07584 037605,http://www.behaveandgraze.com/
A_catering_engineers,Southampton,Wessex Cater Hire,"Unit 10/11, Scallows Ln, West Wellow, Romsey SO51 6DX, UK",01794 884566,https://wessexcaterhire.co.uk/
A_catering_engineers,Southampton,Ice Cool Servicing Ltd,"Unit 5, Hounsdown Business Park, Copse Business Centre, Bulls Copse Rd, Totton, Southampton SO40 9LR, UK",01869 247947,https://www.icecoolservicing.co.uk/
B_equipment_repair,Southampton,Catering Equipment Support Ltd,"Unit 12 Deer Park Farm Ind Est, Knowle Ln, Fair Oak, Eastleigh SO50 7DZ, UK",023 8000 6082,https://www.cateringequipmentsupport.co.uk/
B_equipment_repair,Southampton,Knight Catering Services Ltd,"52 Water Ln, Totton, Southampton SO40 3DN, UK",07973 181453,http://www.k-c-s.co.uk/
B_equipment_repair,Southampton,Caterfix UK,"8 Testwood Ave, Totton, Southampton SO40 3LW, UK",0800 808 7760,https://www.commercialkitchenrepairs.co.uk/
B_equipment_repair,Southampton,HCE Foodservice Equipment,"School Lane Chandlers Ford Industrial Estate, School Ln, Chandler's Ford, Eastleigh SO53 4DG, UK",023 8027 1010,http://www.hce-catering.co.uk/
B_equipment_repair,Southampton,Nisbets Catering Equipment Southampton Store,"14, Orchard House, 53 Commercial Rd, Southampton SO15 1GG, UK",023 8166 1615,https://www.nisbets.co.uk/southamptonstore?utm_source=google%20places&utm_medium=maps&utm_campaign=google%20places
B_equipment_repair,Southampton,Gamma Catering Equipment,"30 Primrose Way, Park Gate, Southampton SO31 6WX, UK",07577 969799,http://www.gammacatering.co.uk/
B_equipment_repair,Southampton,Allens Catering Equipment Hire Southampton,"7, Aercon Trading Estate, Woodside Rd, Eastleigh, Southampton SO50 4ET, UK",023 8065 2316,https://www.allenshire.co.uk/?utm_source=Google_Business_Southampton&utm_medium=organic&utm_campaign=HSGMB
B_equipment_repair,Southampton,Catering Products Direct,"Chandler's Ford, Southampton SO142AL, UK",,https://cateringproductsdirect.co.uk/?utm_source=Google+Business+Profile&utm_medium=Catering+Products+Direct&utm_campaign=Catering+Products+Direct+Google+Business+Profile
B_equipment_repair,Southampton,Catering Equipment Repair ‍ ️,"Unit 12, Shorncliffe Industrial Estate, North Cl, Folkestone CT20 3UH, UK",01304 873469,https://www.catering-equipment-repair.co.uk/
B_equipment_repair,Southampton,Catering Products Direct,"29 Field View, Chandler's Ford, Eastleigh SO53 4LJ, UK",,https://cateringproductsdirect.co.uk/
B_equipment_repair,Southampton,Apeiron Catering,"Unit 7, Pintail Business Park, 165 Christchurch Rd, Ringwood BH24 3AL, UK",01425 511693,https://www.apeironcatering.co.uk/
B_equipment_repair,Southampton,Ice Cool Servicing Ltd,"Unit 5, Hounsdown Business Park, Copse Business Centre, Bulls Copse Rd, Totton, Southampton SO40 9LR, UK",01869 247947,https://www.icecoolservicing.co.uk/
A_catering_engineers,Newcastle upon Tyne,5 Star Catering Equipment Supplier,"246-250 Westgate Rd, Newcastle upon Tyne NE4 6AQ, UK",0800 999 1535,https://5starcateringequipment.co.uk/
A_catering_engineers,Newcastle upon Tyne,NE Catering Equipment,"16 Riversdale Ct, Newcastle upon Tyne NE15 8SG, UK",07507 565162,
A_catering_engineers,Newcastle upon Tyne,Acorn Catering Equipment,"1 Cowen Rd, Blaydon-on-Tyne NE21 5TW, UK",0191 414 4140,https://acorn-catering.co.uk/
A_catering_engineers,Newcastle upon Tyne,Pro Catering Equipment,"2 Leicester Cl, Wallsend NE28 9YZ, UK",0191 682 5394,http://www.procateringequipment.co.uk/
A_catering_engineers,Newcastle upon Tyne,Sigma Catering Equipment,"Opus Yard, Potter St, Willington Quay, Wallsend NE28 6TZ, UK",0191 263 6363,https://www.sigma-ce.co.uk/
A_catering_engineers,Newcastle upon Tyne,CNG Foodservice Equipment,"2, Parker Ct, St. Omers Rd, Dunston, Gateshead NE11 9EW, UK",0191 460 9408,http://www.cngfoodserv.co.uk/
A_catering_engineers,Newcastle upon Tyne,Equippe- Catering Equipment Hire,"25 Peldon Cl, Newcastle upon Tyne NE7 7PB, UK",07930 645628,http://www.equippe.co.uk/
A_catering_engineers,Newcastle upon Tyne,Nisbets Catering Equipment Newcastle Store,"211-229 Scotswood Rd, Newcastle upon Tyne NE4 7AP, UK",0191 653 1590,https://www.nisbets.co.uk/newcastlestore?utm_source=google%20places&utm_medium=maps&utm_campaign=google%20places
A_catering_engineers,Newcastle upon Tyne,Northstar Catering,"246-250 Westgate Rd, Newcastle upon Tyne NE4 6AQ, UK",07542 334210,
A_catering_engineers,Newcastle upon Tyne,Catering Repair Services,"unit 4, Eleventh Ave N, Gateshead NE11 0NJ, UK",0191 447 7020,
A_catering_engineers,Newcastle upon Tyne,United Hygiene & Catering Equipment Ltd,"221 Kingsway S, Gateshead NE11 0SQ, UK",0800 024 8680,
A_catering_engineers,Newcastle upon Tyne,P and N Associates Ltd,"Unit 4, The Willows Business Centre, Blaydon-on-Tyne NE21 4SQ, UK",0191 414 6080,http://www.pnassociates.co.uk/
A_catering_engineers,Newcastle upon Tyne,Phoenix Refrigeration & Catering Ltd,"Unit 99/1 Chollerton Drive, Whitley Road, North Tyne Industrial Estate, Benton, Newcastle upon Tyne NE12 9SZ, UK",0191 268 4288,https://www.phoenix-refrigeration.co.uk/
A_catering_engineers,Newcastle upon Tyne,Core Catering Maintenance Ltd,"Unit 8, 211 Split Crow Rd, Deckham, Gateshead NE8 3UB, UK",0191 490 2510,
A_catering_engineers,Newcastle upon Tyne,5 star catering equipment Second Hand & Repair,"HARD FITNESS, Blenheim Pl, Dunston, Gateshead, GRIND NE11 9HF, UK",07493 386162,
A_catering_engineers,Newcastle upon Tyne,Britannia Catering Supplies,"75 Condercum Rd, Newcastle upon Tyne NE4 8XN, UK",0191 272 2257,
A_catering_engineers,Newcastle upon Tyne,North East Commercial Catering and Gas Services Ltd,"14 Pk Pl E, Hendon, Sunderland SR2 8EE, UK",07958 205378,
A_catering_engineers,Newcastle upon Tyne,Crosbys,"Unit 14, Brough Park Way, Newcastle upon Tyne NE6 2YF, UK",0191 228 4800,http://www.crosbys.co.uk/
A_catering_engineers,Newcastle upon Tyne,Catertech North East Ltd,"31-32 Market St, Ferryhill DL17 8JH, UK",01740 652777,https://www.cater-tech.co.uk/
A_catering_engineers,Newcastle upon Tyne,Clear Cool,"Hawthorn House, Newcastle upon Tyne NE13 7BA, UK",0800 731 1026,https://clear-cool.co.uk/
A_catering_engineers,Newcastle upon Tyne,CaterQuip,"1 Burt St, Blyth NE24 1NE, UK",01670 546363,http://www.caterquip-gb.co.uk/
A_catering_engineers,Newcastle upon Tyne,Upnorth Engineering Services Ltd.,"Unit 2, Kings Court, Kingsway S, Gateshead NE11 0SH, UK",0191 414 2882,http://www.upnorthgroup.com/
A_catering_engineers,Newcastle upon Tyne,Bidfood Gateshead - Wholesale Food Supplier,"22, 22 Green Ln, Bath Rd, Felling, Gateshead NE10 0QH, UK",0191 402 4622,https://www.bidfood.co.uk/get-in-touch/depot/bidfood-gateshead/?utm_source=googlemaps&utm_medium=organic&utm_campaign=maplistinggateshead
A_catering_engineers,Newcastle upon Tyne,"Tsang Foods, Scotswood Road","231 Scotswood Rd, Newcastle upon Tyne NE4 7AW, UK",0191 226 0843,
A_catering_engineers,Newcastle upon Tyne,Kingdom of Catering Ltd.,"25, North East Fruit & Vegetable Market, Gateshead NE11 0QY, UK",07578 520525,https://www.kingdomofcatering.co.uk/
A_catering_engineers,Newcastle upon Tyne,Jones Refrigeration Services,"22 Greystead Cl, Newcastle upon Tyne NE5 1SR, UK",0191 622 1081,https://www.jonesrefrigerationservices.co.uk/
A_catering_engineers,Newcastle upon Tyne,Caterform Ltd,"4 Mary's Pl, Newcastle upon Tyne NE6 3PZ, UK",0191 262 1254,http://www.caterform.co.uk/
A_catering_engineers,Newcastle upon Tyne,JJ Foodservice,"Sanderson St, Newcastle upon Tyne NE4 7LA, UK",01992 701701,https://www.jjfoodservice.com/
A_catering_engineers,Newcastle upon Tyne,Gaswork - Domestic & Commercial | Boiler Repair | Commercial Boiler | LPG Certificate,"53 Kenilworth Rd, Elswick, Newcastle upon Tyne NE4 6RQ, UK",07756 627900,http://gasworkltd.co.uk/
A_catering_engineers,Newcastle upon Tyne,Cater Direct,"50 Valley Dr, Low Fell, Gateshead NE9 5DH, UK",0191 482 0875,https://www.cater-direct-equipment.co.uk/
A_catering_engineers,Newcastle upon Tyne,Crosby Hire,"Wesley Dr, Newcastle upon Tyne NE12 9UP, UK",0191 266 5951,http://www.crosbyhire.co.uk/
A_catering_engineers,Newcastle upon Tyne,Jasmins Canapes,"72 Thorntree Dr, Newcastle upon Tyne NE15 7AS, UK",0191 660 6064,http://www.jasminscanapes.co.uk/
A_catering_engineers,Newcastle upon Tyne,Catering Units,"Unit 28, Team Valley Business Centre, Team Valley, Gateshead NE11 0QH, UK",0845 519 5065,https://www.cateringunits.co.uk/
A_catering_engineers,Newcastle upon Tyne,John Brown Caterhire,"2 Brunswick Industrial Estate, Sandison Ct, Newcastle upon Tyne NE13 7BA, UK",0191 226 0188,http://www.johnbrowncaterhire.co.uk/
A_catering_engineers,Newcastle upon Tyne,GastroNorth Ltd,"Unit 8, Queens Court, Third Ave, Gateshead NE11 0BU, UK",0191 620 0180,http://www.gastronorth.co.uk/
A_catering_engineers,Newcastle upon Tyne,Lowrie Foods Ltd,"153 Brinkburn St, Byker, Newcastle upon Tyne NE6 2BU, UK",0191 265 9161,http://www.lowriefoods.co.uk/
A_catering_engineers,Newcastle upon Tyne,Catering Service Engineers,"Unit 9 Richmond Ct, Kells Ln, Deckham, Gateshead NE9 5JG, UK",0191 686 9778,
A_catering_engineers,Newcastle upon Tyne,Diverse Catering Maintenance,"Unit 9g, Tanfield Lea Industrial Estate North, Tanfield Lea, Stanley DH9 9UU, UK",01207 775936,http://www.diversecateringmaintenance.co.uk/
A_catering_engineers,Newcastle upon Tyne,CMS - Commercial Maintenance Services UK Ltd,"Gateshead NE8 3AD, UK",0330 174 8200,https://www.cmsltd.co.uk/
A_catering_engineers,Newcastle upon Tyne,North East Gas | Domestic Commercial Boiler repair Installation | Lpg | Domestic and Commercial gas work and Certificate,"Grainger Park Rd, Newcastle upon Tyne NE4 8RY, UK",07825 663350,https://www.northeastgas.co.uk/
A_catering_engineers,Newcastle upon Tyne,Ramside Event Catering,"Lancaster Rd, Lancaster Rd, Dunston, Gateshead NE11 9JR, UK",0191 493 2300,https://ramsideeventcatering.co.uk/
A_catering_engineers,Newcastle upon Tyne,Ata's Catering Equipment,"Newcastle upon Tyne NE6 2UU, UK",,
A_catering_engineers,Newcastle upon Tyne,LJ Catering Services Ltd,"30 Swan Rd, Washington NE38 8JJ, UK",07852 961082,
A_catering_engineers,Newcastle upon Tyne,John Dodds Incorporated by Crosbys,"Unit 14, Brough Park Way, Newcastle upon Tyne NE6 2YF, UK",0191 482 1122,
A_catering_engineers,Newcastle upon Tyne,Epicurus Catering Ltd,"17, Mandale Park, Wallsend Rd, North Shields NE29 7FN, UK",07976 374629,http://www.epicurus.co.uk/
A_catering_engineers,Newcastle upon Tyne,RDA,"B5, Marquis Court, Team Valley, Gateshead NE11 0RU, UK",0844 873 4993,http://www.rdalimited.co.uk/
A_catering_engineers,Newcastle upon Tyne,Tyne Spice Ltd,"Newburn, Newburn Haugh Industrial Estate, Unit 4 Riversdale Ct, Newcastle upon Tyne NE15 8SG, UK",,
A_catering_engineers,Newcastle upon Tyne,Ignite Gas Training,"Unit 4 Larch Ct, North Shields NE29 8SG, UK",0191 258 0674,http://www.ignitegastraining.co.uk/
A_catering_engineers,Newcastle upon Tyne,Progressive Product Developments Ltd (Grease Traps),"Unit 21, Algernon Industrial Estate, New York Rd, Newcastle upon Tyne NE27 0NB, UK",0330 058 5633,https://ppd-ltd.com/
A_catering_engineers,Newcastle upon Tyne,Catering Equipment Services Ltd,"Unit 3D, Maryland Industrial Estate, Belfast, Newtownards BT23 6BL, UK",028 9049 1616,https://cescatering.co.uk/
A_catering_engineers,Newcastle upon Tyne,DRA PAT Testing,"Centre for Advanced Industry, Coble Dene, North Shields NE29 6DE, UK",0191 666 1009,https://www.draelectricals.co.uk/
A_catering_engineers,Newcastle upon Tyne,ITALIACONCEPT LTD,"Swalwell, Newcastle upon Tyne NE16 3DS, UK",07557 942777,http://italiaconcept.co.uk/
B_equipment_repair,Newcastle upon Tyne,5 Star Catering Equipment Supplier,"246-250 Westgate Rd, Newcastle upon Tyne NE4 6AQ, UK",0800 999 1535,https://5starcateringequipment.co.uk/
B_equipment_repair,Newcastle upon Tyne,NE Catering Equipment,"16 Riversdale Ct, Newcastle upon Tyne NE15 8SG, UK",07507 565162,
B_equipment_repair,Newcastle upon Tyne,Sigma Catering Equipment,"Opus Yard, Potter St, Willington Quay, Wallsend NE28 6TZ, UK",0191 263 6363,https://www.sigma-ce.co.uk/
B_equipment_repair,Newcastle upon Tyne,Catering Repair Services,"unit 4, Eleventh Ave N, Gateshead NE11 0NJ, UK",0191 447 7020,
B_equipment_repair,Newcastle upon Tyne,CNG Foodservice Equipment,"2, Parker Ct, St. Omers Rd, Dunston, Gateshead NE11 9EW, UK",0191 460 9408,http://www.cngfoodserv.co.uk/
B_equipment_repair,Newcastle upon Tyne,Acorn Catering Equipment,"1 Cowen Rd, Blaydon-on-Tyne NE21 5TW, UK",0191 414 4140,https://acorn-catering.co.uk/
B_equipment_repair,Newcastle upon Tyne,Pro Catering Equipment,"2 Leicester Cl, Wallsend NE28 9YZ, UK",0191 682 5394,http://www.procateringequipment.co.uk/
B_equipment_repair,Newcastle upon Tyne,5 star catering equipment Second Hand & Repair,"HARD FITNESS, Blenheim Pl, Dunston, Gateshead, GRIND NE11 9HF, UK",07493 386162,
B_equipment_repair,Newcastle upon Tyne,Catertech North East Ltd,"31-32 Market St, Ferryhill DL17 8JH, UK",01740 652777,https://www.cater-tech.co.uk/
B_equipment_repair,Newcastle upon Tyne,United Hygiene & Catering Equipment Ltd,"221 Kingsway S, Gateshead NE11 0SQ, UK",0800 024 8680,
B_equipment_repair,Newcastle upon Tyne,Equippe- Catering Equipment Hire,"25 Peldon Cl, Newcastle upon Tyne NE7 7PB, UK",07930 645628,http://www.equippe.co.uk/
B_equipment_repair,Newcastle upon Tyne,Phoenix Refrigeration & Catering Ltd,"Unit 99/1 Chollerton Drive, Whitley Road, North Tyne Industrial Estate, Benton, Newcastle upon Tyne NE12 9SZ, UK",0191 268 4288,https://www.phoenix-refrigeration.co.uk/
B_equipment_repair,Newcastle upon Tyne,CaterQuip,"1 Burt St, Blyth NE24 1NE, UK",01670 546363,http://www.caterquip-gb.co.uk/
B_equipment_repair,Newcastle upon Tyne,P and N Associates Ltd,"Unit 4, The Willows Business Centre, Blaydon-on-Tyne NE21 4SQ, UK",0191 414 6080,http://www.pnassociates.co.uk/
B_equipment_repair,Newcastle upon Tyne,Nisbets Catering Equipment Newcastle Store,"211-229 Scotswood Rd, Newcastle upon Tyne NE4 7AP, UK",0191 653 1590,https://www.nisbets.co.uk/newcastlestore?utm_source=google%20places&utm_medium=maps&utm_campaign=google%20places
B_equipment_repair,Newcastle upon Tyne,Appliance Repairs Northeast,"119 New Bridge St, Shieldfield, Newcastle upon Tyne NE1 2SW, UK",0191 716 5080,https://www.appliancerepairsne.com/
B_equipment_repair,Newcastle upon Tyne,Britannia Catering Supplies,"75 Condercum Rd, Newcastle upon Tyne NE4 8XN, UK",0191 272 2257,
B_equipment_repair,Newcastle upon Tyne,Core Catering Maintenance Ltd,"Unit 8, 211 Split Crow Rd, Deckham, Gateshead NE8 3UB, UK",0191 490 2510,
B_equipment_repair,Newcastle upon Tyne,Crosbys,"Unit 14, Brough Park Way, Newcastle upon Tyne NE6 2YF, UK",0191 228 4800,http://www.crosbys.co.uk/
B_equipment_repair,Newcastle upon Tyne,Clear Cool,"Hawthorn House, Newcastle upon Tyne NE13 7BA, UK",0800 731 1026,https://clear-cool.co.uk/
B_equipment_repair,Newcastle upon Tyne,HLA Services,"1, Boldon Business Park, Boldon Colliery NE35 9PY, UK",0191 548 6699,http://hlaservices.co.uk/
B_equipment_repair,Newcastle upon Tyne,CMS - Commercial Maintenance Services UK Ltd,"Gateshead NE8 3AD, UK",0330 174 8200,https://www.cmsltd.co.uk/
B_equipment_repair,Newcastle upon Tyne,Catering Equipment Services Ltd,"Unit 3D, Maryland Industrial Estate, Belfast, Newtownards BT23 6BL, UK",028 9049 1616,https://cescatering.co.uk/
B_equipment_repair,Newcastle upon Tyne,NWCE Foodservice Equipment,"Folds Rd, Bolton BL1 2SB, UK",0161 764 8688,http://www.nwce.co.uk/
B_equipment_repair,Newcastle upon Tyne,Cater-Equip Ltd,"Unit 1, Junction Industrial Estate, Pontyclun CF72 9ES, UK",01443 225325,https://www.cater-equip.co.uk/
B_equipment_repair,Newcastle upon Tyne,Bidfood Gateshead - Wholesale Food Supplier,"22, 22 Green Ln, Bath Rd, Felling, Gateshead NE10 0QH, UK",0191 402 4622,https://www.bidfood.co.uk/get-in-touch/depot/bidfood-gateshead/?utm_source=googlemaps&utm_medium=organic&utm_campaign=maplistinggateshead
B_equipment_repair,Newcastle upon Tyne,Newcastle Appliance Repair Co,"73 St George's Terrace, Jesmond, Newcastle upon Tyne NE2 2DL, UK",0191 237 0077,http://www.newcastleappliances.co.uk/contact
B_equipment_repair,Newcastle upon Tyne,JJ Foodservice,"Sanderson St, Newcastle upon Tyne NE4 7LA, UK",01992 701701,https://www.jjfoodservice.com/
B_equipment_repair,Newcastle upon Tyne,South Coast Catering Equipment Limited,"Unit 4-5, Commercial House, Apex Park, Hailsham BN27 3JU, UK",01323 444530,http://www.southcoastcatering.co.uk/
B_equipment_repair,Newcastle upon Tyne,North East Gas | Domestic Commercial Boiler repair Installation | Lpg | Domestic and Commercial gas work and Certificate,"Grainger Park Rd, Newcastle upon Tyne NE4 8RY, UK",07825 663350,https://www.northeastgas.co.uk/
A_catering_engineers,Norwich,MCT - Multi Catering Technologies,"Multi Catering Technologies, Airport Industrial Estate, Unit 43A Hurricane Way, Norwich NR6 6HE, UK",0800 224 8204,https://www.mctonline.co.uk/
A_catering_engineers,Norwich,SGH Catering & Bakery Engineers Ltd,"Ste 6, Third Floor, St Georges Works, 51 Colegate, Norwich NR3 1DD, UK",01603 801320,https://www.sghengineers.co.uk/
A_catering_engineers,Norwich,Commercial Catering Engineers Anglia Limited,"29 Miller Cl, Hethersett, Norwich NR9 3GD, UK",01603 320270,https://cceanglia.co.uk/
A_catering_engineers,Norwich,Norfolk Cooling & catering equipment,"8 Barrow Cl, Norwich NR3 2AT, UK",01603 402701,https://www.norfolkcoolingltd.co.uk/
A_catering_engineers,Norwich,Hotel Catering Supplies,"28 Harrisons Dr, Norwich NR7 9HU, UK",01603 439459,http://www.thecateringequipmentcompany.co.uk/
A_catering_engineers,Norwich,Multifunction,"155 Reepham Rd, Norwich NR6 5PH, UK",07908 034103,https://multifunctioncommercialcateringengineers.co.uk/
A_catering_engineers,Norwich,Crown Catering Engineers Ltd,"unit 3 Vulcan Rd N, Norwich NR6 6AQ, UK",01603 336069,
A_catering_engineers,Norwich,Anglia Culinary Suppliers Ltd,"Spar Rd, Norwich NR6 6BY, UK",01603 309030,http://www.acsnorwich.com/
A_catering_engineers,Norwich,Peachman,"City Rd, Norwich NR1 3AN, UK",01603 756134,http://www.peachman.co.uk/
A_catering_engineers,Norwich,Norse Catering,"280 Fifers Ln, Norwich NR6 6EQ, UK",01603 894100,http://norsecatering.co.uk/
A_catering_engineers,Norwich,Nisbets Catering Equipment,"47-51 St Stephens St, Norwich NR1 3QR, UK",01603 520366,https://www.nisbets.co.uk/norwichstore?utm_source=google%20places&utm_medium=maps&utm_campaign=google%20places
A_catering_engineers,Norwich,Crown Supplies,"3 Vulcan Rd N, Norwich NR6 6AQ, UK",01603 403333,https://www.crownsupplies.co.uk/
A_catering_engineers,Norwich,CHS HEATING - Commercial Catering Engineer & Domestic Heating Service & Repair,"3 Hawthorn Dr, Norwich NR13 6LN, UK",07850 060427,http://www.chsheating.co.uk/
A_catering_engineers,Norwich,Zenith Catering Equipment Ltd,"45 Rectory Ln, Poringland, Norwich NR14 7SW, UK",,
B_equipment_repair,Norwich,MCT - Multi Catering Technologies,"Multi Catering Technologies, Airport Industrial Estate, Unit 43A Hurricane Way, Norwich NR6 6HE, UK",0800 224 8204,https://www.mctonline.co.uk/
B_equipment_repair,Norwich,Anglia Catering Equipment Repairs,"Ind Estate, Unit 2 Ambassador Way, Yaxham Rd, Dereham NR20 3TL, UK",01953 851339,https://www.angliacks.co.uk/
B_equipment_repair,Norwich,Norfolk Cooling & catering equipment,"8 Barrow Cl, Norwich NR3 2AT, UK",01603 402701,https://www.norfolkcoolingltd.co.uk/
B_equipment_repair,Norwich,SGH Catering & Bakery Engineers Ltd,"Ste 6, Third Floor, St Georges Works, 51 Colegate, Norwich NR3 1DD, UK",01603 801320,https://www.sghengineers.co.uk/
B_equipment_repair,Norwich,Hotel Catering Supplies,"28 Harrisons Dr, Norwich NR7 9HU, UK",01603 439459,http://www.thecateringequipmentcompany.co.uk/
B_equipment_repair,Norwich,Multifunction,"155 Reepham Rd, Norwich NR6 5PH, UK",07908 034103,https://multifunctioncommercialcateringengineers.co.uk/
B_equipment_repair,Norwich,Anglia Catering Equipment Ltd,"Long Meadow Workshop High Road, A1066, Roydon, Diss IP22 5XN, UK",01379 641223,http://angliacateringequipment.com/
B_equipment_repair,Norwich,Commercial Catering Engineers Anglia Limited,"29 Miller Cl, Hethersett, Norwich NR9 3GD, UK",01603 320270,https://cceanglia.co.uk/
B_equipment_repair,Norwich,Peachman,"City Rd, Norwich NR1 3AN, UK",01603 756134,http://www.peachman.co.uk/
B_equipment_repair,Norwich,JD Catering Equipment Solutions Ltd,"Industrial Estate, Unit 2 Ambassador Way, Yaxham Rd, Dereham NR20 3TL, UK",01953 851339,http://www.jdcateringequip.co.uk/
B_equipment_repair,Norwich,Crown Supplies,"3 Vulcan Rd N, Norwich NR6 6AQ, UK",01603 403333,https://www.crownsupplies.co.uk/
B_equipment_repair,Norwich,CaterTech,"Unit F, Orchard Business Units, Maurice Gaymer Rd, Attleborough NR17 2QZ, UK",01953 454200,http://catertechnorwich.co.uk/
B_equipment_repair,Norwich,Nisbets Catering Equipment,"47-51 St Stephens St, Norwich NR1 3QR, UK",01603 520366,https://www.nisbets.co.uk/norwichstore?utm_source=google%20places&utm_medium=maps&utm_campaign=google%20places
B_equipment_repair,Norwich,Zenith Catering Equipment Ltd,"45 Rectory Ln, Poringland, Norwich NR14 7SW, UK",,
B_equipment_repair,Norwich,Universal Foodservice,"Airport Industrial Estate, 20 Meteor Cl, Norwich NR6 6HG, UK",01603 301780,http://www.universalfoods.co.uk/
B_equipment_repair,Norwich,CHS HEATING - Commercial Catering Engineer & Domestic Heating Service & Repair,"3 Hawthorn Dr, Norwich NR13 6LN, UK",07850 060427,http://www.chsheating.co.uk/
B_equipment_repair,Norwich,Alliance East Anglia,"5 Delta Cl, Norwich NR6 6BQ, UK",01603 401221,https://www.alliancenational.co.uk/
B_equipment_repair,Norwich,Catering Equipment Solutions,"30 Shrewsbury Ave, Peterborough PE2 7BF, UK",01733 236033,http://www.catering-equipment-solutions.co.uk/
B_equipment_repair,Norwich,Norse Catering,"280 Fifers Ln, Norwich NR6 6EQ, UK",01603 894100,http://norsecatering.co.uk/
B_equipment_repair,Norwich,A&S Cooling Services Ltd,"Hornbeam House, Bidwell Rd, Rackheath, Norwich NR13 6PT, UK",01603 722897,http://www.ascooling.co.uk/
B_equipment_repair,Norwich,Catershop,"Bowthorpe Park Industrial Estate, 3 Robberds Way, Bowthorpe Employment Area, Norwich NR5 9JF, UK",01603 741133,
