Country,Town,Name,Address,Phone,Website
Wales,Cardiff,Revolution Laundry,"14 Station Rd, Cardiff CF14 2FF, UK",,https://stores.revolution-laundry.com/en-uk/?utm_source=google&utm_medium=directory&utm_campaign=local_visibility&utm_content=google_maps
Wales,Cardiff,Johnsons The Cleaners,"The Old Three Elms, Petrol Station, Merthyr Rd, Cardiff CF14 1DX, UK",029 2062 5486,http://www.johnsoncleaners.com/branch/Three-Elms-Whitchurch
Wales,Cardiff,Revolution Laundry,"n/a, South, Hadfield Rd, Cardiff CF11 8WD, UK",,https://stores.revolution-laundry.com/en-uk/?utm_source=google&utm_medium=directory&utm_campaign=local_visibility&utm_content=google_maps
Wales,Cardiff,Revolution Laundry,"Pentwyn Road Texaco, Cardiff CF23 7XH, UK",,https://stores.revolution-laundry.com/en-uk/?utm_source=google&utm_medium=directory&utm_campaign=local_visibility&utm_content=google_maps
Wales,Cardiff,Revolution Laundry,"Dk Forecourts, Newport Rd, St. Mellons, Cardiff CF3 5UG, UK",,https://stores.revolution-laundry.com/en-uk/?utm_source=google&utm_medium=directory&utm_campaign=local_visibility&utm_content=google_maps
Wales,Newport,Johnsons The Cleaners,"Unit 4a, Newport NP20 3AE, UK",01633 266430,http://www.johnsoncleaners.com/branch/Newport-Drive-In
Wales,Newport,Revolution Laundry,"Texaco, Monnow Way, Bettws, Newport NP20 7DB, UK",,https://stores.revolution-laundry.com/en-uk/?utm_source=google&utm_medium=directory&utm_campaign=local_visibility&utm_content=google_maps
Wales,Bridgend,Revolution Laundry,"Unit 1, One Stop Convenience, Main Ave, Bridgend CF31 2AL, UK",,https://stores.revolution-laundry.com/en-uk/?utm_source=google&utm_medium=directory&utm_campaign=local_visibility&utm_content=google_maps
Wales,Cwmbran,Revolution Laundry,"Grange Rd, Cwmbran NP44 3XU, UK",,https://stores.revolution-laundry.com/en-uk/?utm_source=google&utm_medium=directory&utm_campaign=local_visibility&utm_content=google_maps
Wales,Cwmbran,Timpson,"2 South Walk, Cwmbran NP44 1PU, UK",01633 865217,https://www.timpson.co.uk/stores/Cwmbran-South-Walk
Wales,Llanelli,Revolution Laundry,"Vst Forecourts, Gelli Rd, Llanelli SA14 9AD, UK",,https://stores.revolution-laundry.com/en-uk/?utm_source=google&utm_medium=directory&utm_campaign=local_visibility&utm_content=google_maps
Wales,Neath,Revolution Laundry,"CK Foodstores, Cimla Rd, Neath SA11 3UG, UK",,https://stores.revolution-laundry.com/en-uk/?utm_source=google&utm_medium=directory&utm_campaign=local_visibility&utm_content=google_maps
Wales,Aberdare,Revolution Laundry,"13 Well Pl, Aberdare CF44 0PN, UK",,https://stores.revolution-laundry.com/en-uk/?utm_source=google&utm_medium=directory&utm_campaign=local_visibility&utm_content=google_maps
Wales,Aberdare,Timpson,"Aberdare CF44 0AH, UK",01685 872782,https://www.timpson.co.uk/stores/Aberdare-Asda
Wales,Caerphilly,Revolution Laundry,"Castle Court Shopping Centre, Castle St, Caerphilly CF83 1NU, UK",,https://stores.revolution-laundry.com/en-uk/?utm_source=google&utm_medium=directory&utm_campaign=local_visibility&utm_content=google_maps
Wales,Port Talbot,Revolution Laundry,"Filco Supermarket, 2-16 Commercial Rd, Port Talbot SA13 1LG, UK",,https://stores.revolution-laundry.com/en-uk/?utm_source=google&utm_medium=directory&utm_campaign=local_visibility&utm_content=google_maps
Wales,Pontypool,Revolution Laundry,"Osborne Rd, Pontnewynydd, Pontypool NP4 6NR, UK",,https://stores.revolution-laundry.com/en-uk/?utm_source=google&utm_medium=directory&utm_campaign=local_visibility&utm_content=google_maps
Wales,Rhyl,Revolution Laundry,"Football Club, Belle Vue, Grange Rd., Rhyl LL18 4BY, UK",,https://stores.revolution-laundry.com/en-uk/?utm_source=google&utm_medium=directory&utm_campaign=local_visibility&utm_content=google_maps
Wales,Ebbw Vale,Revolution Laundry,"Wm Morrison Supermarkets, Beaufort Rd, Ebbw Vale, Tredegar NP23 5WS, UK",,https://stores.revolution-laundry.com/en-uk/?utm_source=google&utm_medium=directory&utm_campaign=local_visibility&utm_content=google_maps
Wales,Bangor,REVOLUTION Laundry,"Beach Rd, Bangor LL57 1AB, UK",,https://stores.revolution-laundry.com/en-uk/?utm_source=google&utm_medium=directory&utm_campaign=local_visibility&utm_content=google_maps
Wales,Conwy,Timpson,"Ffordd 6G Rd, Llandudno, Llandudno Junction LL31 9XY, UK",01492 585452,https://www.timpson.co.uk/stores/Llandudno-Junction-Tesco
Wales,Risca,Timpson,"Pontymister Industrial Estate, Risca, Newport NP11 6NP, UK",01633 614876,https://www.timpson.co.uk/stores/Risca-Tesco
Wales,Aberystwyth,Revolution Laundry,"Ffordd Parc y Llyn Wm Morrison Supermarkets, Parcydolau, Llanbadarn Fawr, Aberystwyth SY23 3RD, UK",,https://stores.revolution-laundry.com/en-uk/?utm_source=google&utm_medium=directory&utm_campaign=local_visibility&utm_content=google_maps
Wales,Gorseinon,Revolution Laundry,"Gorseinon Rd, Gorseinon, Swansea SA4 4DQ, UK",,https://stores.revolution-laundry.com/en-uk/?utm_source=google&utm_medium=directory&utm_campaign=local_visibility&utm_content=google_maps
Wales,Abergavenny,Johnsons The Cleaners,"3A High St, Abergavenny NP7 5RY, UK",01873 851111,http://www.johnsoncleaners.com/branch/Abergavenny
Wales,Porth,Revolution Laundry,"Morrisons, Pontypridd Rd, Porth CF39 9BA, UK",,https://stores.revolution-laundry.com/en-uk/?utm_source=google&utm_medium=directory&utm_campaign=local_visibility&utm_content=google_maps
Wales,Rhondda,Revolution Laundry,"The Lamb And Flag Pub, 1 Wellfield Pl, Glynneath, Neath SA11 5ER, UK",0800 208 1299,https://www.thelaundryrevolution.co.uk/find-a-machine
Wales,Rhondda,Revolution Laundry,"Ynyswen Industrial Estate, Ynyswen Rd, Treorchy CF42 6EP, UK",,https://stores.revolution-laundry.com/en-uk/?utm_source=google&utm_medium=directory&utm_campaign=local_visibility&utm_content=google_maps
Wales,Blackwood,Revolution Laundry,"Llewellyn Service Station, 275 High St, Blackwood NP12 1AW, UK",,https://stores.revolution-laundry.com/en-uk/?utm_source=google&utm_medium=directory&utm_campaign=local_visibility&utm_content=google_maps
Wales,Blackwood,Timpson,"98 High St, Blackwood NP12 1AF, UK",01495 221744,https://www.timpson.co.uk/stores/Blackwood-High-Street
Wales,Chepstow,Elis,"Bulwark Trading Estate, Bulwark, Chepstow NP16 5QZ, UK",01291 620441,https://uk.elis.com/en/about-elis/contact-us/find-location#!/l/bulwark-industrial-estate/bulwark-rd/1768516
Wales,Chepstow,Revolution Laundry,"54 Beachley Rd, Sedbury, Chepstow NP16 7AA, UK",,https://stores.revolution-laundry.com/en-uk/?utm_source=google&utm_medium=directory&utm_campaign=local_visibility&utm_content=google_maps
Wales,Sarn,Timpson,"The Derwen, Bridgend CF32 9ST, UK",01656 530804,https://www.timpson.co.uk/stores/bridgend-asda-1
Wales,Holyhead,Timpson,"Penrhos Industrial Estate, Penrhos Industrial Estate, Holyhead LL65 2UH, UK",01407 765732,https://www.timpson.co.uk/stores/holyhead-tesco-1/
Wales,Monmouth,Johnsons Cleaners,"Waitrose, 110-114 Monnow St, Monmouth NP25 3EQ, UK",01600 772552,https://www.johnsoncleaners.com/
Wales,Caernarfon,Revolution Laundry,"Caer Service Station, South Rd, Caernarfon LL55 2HP, UK",,https://stores.revolution-laundry.com/en-uk/?utm_source=google&utm_medium=directory&utm_campaign=local_visibility&utm_content=google_maps
Wales,Pontllanfraith,Revolution Laundry,"Bryn Rd Texaco, Pontllanfraith, Crown, Cross Service Station, Pontllanfraith, Blackwood NP12 2HA, UK",,https://stores.revolution-laundry.com/en-uk/?utm_source=google&utm_medium=directory&utm_campaign=local_visibility&utm_content=google_maps
Wales,Kinmel Bay,Revolution Laundry,"Sunnys Bar, Towyn Rd, Towyn, Abergele LL22 9EN, UK",,https://stores.revolution-laundry.com/en-uk/?utm_source=google&utm_medium=directory&utm_campaign=local_visibility&utm_content=google_maps
Wales,Brecon,Revolution Laundry,"Morrisons, Free St, Brecon LD3 7SE, UK",,https://stores.revolution-laundry.com/en-uk/?utm_source=google&utm_medium=directory&utm_campaign=local_visibility&utm_content=google_maps
Wales,Brecon,Timpson,"3 Castle St, Brecon LD3 9DD, UK",01874 620779,https://www.timpson.co.uk/stores/Brecon-Castle-Street
Wales,Brecon,Revolution Laundry,"A40, Sennybridge, Brecon LD3 8PS, UK",,https://stores.revolution-laundry.com/en-uk/?utm_source=google&utm_medium=directory&utm_campaign=local_visibility&utm_content=google_maps
Wales,Dinas Powys,Revolution Laundry,"Texaco, Cardiff Rd, Dinas Powys CF64 4JS, UK",,https://stores.revolution-laundry.com/en-uk/?utm_source=google&utm_medium=directory&utm_campaign=local_visibility&utm_content=google_maps
Wales,Rogerstone,Morrisons,"Azalea Rd, Rogerstone, Bassaleg, Newport NP10 9HZ, UK",01633 895724,https://my.morrisons.com/storefinder/87?utm_content=Morrisons+Rogerstone&utm_medium=localistico&utm_source=google
Wales,Gwersyllt,Revolution Laundry,"Mold Rd, Gwersyllt, Wrexham LL11 4AH, UK",,https://stores.revolution-laundry.com/en-uk/?utm_source=google&utm_medium=directory&utm_campaign=local_visibility&utm_content=google_maps
Wales,Gwersyllt,Johnsons The Cleaners,"C/o Sainsburys, Plas Coch Rd, Wrexham LL11 2BW, UK",01978 290921,http://www.johnsoncleaners.com/branch/Wrexham-Sainsburys
Wales,Pontyclun,Timpson,"Green Park, Talbot Green, Pontyclun CF72 8RB, UK",01443 222985,https://www.timpson.co.uk/stores/Llantrisant-Tesco-Talbot-Green
Wales,Pontyclun,Timpson,"Heol Y Pant, Talbot Green, Pontyclun CF72 8FN, UK",01443 547949,https://www.timpson.co.uk/stores/talbot-green-sainsburys
Wales,Undy and Magor,Revolution Laundry,"23a M4 Roadchef, Magor, Caldicot NP26 3YL, UK",,https://stores.revolution-laundry.com/en-uk/?utm_source=google&utm_medium=directory&utm_campaign=local_visibility&utm_content=google_maps
Wales,Ruthin,Revolution Laundry,"bp, Park Rd, Ruthin LL15 1NB, UK",,https://stores.revolution-laundry.com/en-uk/?utm_source=google&utm_medium=directory&utm_campaign=local_visibility&utm_content=google_maps
Wales,Pontardawe,Revolution Laundry,"117 Peniel Green Rd, Peniel Green, Llansamlet, Swansea SA7 9BA, UK",,https://stores.revolution-laundry.com/en-uk/?utm_source=google&utm_medium=directory&utm_campaign=local_visibility&utm_content=google_maps
Wales,Pontardawe,Revolution Laundry,"CK Foodstores, 3 Heol Nant Bran, Birchgrove, Swansea SA7 9LS, UK",,https://stores.revolution-laundry.com/en-uk/?utm_source=google&utm_medium=directory&utm_campaign=local_visibility&utm_content=google_maps
Wales,Pontardawe,Revolution Laundry,"50 Park Ave Texaco, Skewen Service Station, Birchgrove, Neath SA10 6RY, UK",,https://stores.revolution-laundry.com/en-uk/?utm_source=google&utm_medium=directory&utm_campaign=local_visibility&utm_content=google_maps
Wales,Welshpool,Revolution Laundry,"Wm Morrison Supermarkets, Berriew St, Welshpool SY21 7SQ, UK",,https://stores.revolution-laundry.com/en-uk/?utm_source=google&utm_medium=directory&utm_campaign=local_visibility&utm_content=google_maps
Wales,Llantwit Major,Revolution Laundry,"Filco Supermarket, 19 Boverton Rd, Llantwit Major CF61 1XZ, UK",,https://stores.revolution-laundry.com/en-uk/?utm_source=google&utm_medium=directory&utm_campaign=local_visibility&utm_content=google_maps
Wales,Llangefni,Revolution Laundry,"Siop Ellis, Church St, Llangefni LL77 7DU, UK",,https://stores.revolution-laundry.com/en-uk/?utm_source=google&utm_medium=directory&utm_campaign=local_visibility&utm_content=google_maps
Wales,Gresford,Revolution Laundry,"Brooklands Service Station, 194 Holt Rd, Wrexham LL13 9EB, UK",,https://stores.revolution-laundry.com/en-uk/?utm_source=google&utm_medium=directory&utm_campaign=local_visibility&utm_content=google_maps
Wales,Loughor,Revolution Laundry,"Glebe Rd, Loughor, Swansea SA4 6SR, UK",,https://stores.revolution-laundry.com/en-uk/?utm_source=google&utm_medium=directory&utm_campaign=local_visibility&utm_content=google_maps
Wales,Nantyglo,LAUNDERETTE REVOLUTION,"R & B FOOD & WINE, Waen Fawr, Nantyglo, WINCHESTOWN NP23 4BB, UK",0800 035 6600,https://stores.revolution-laundry.com/en-uk/england-gbr/winchestown/laverie-revolution-laundry-5126089897521840000
Wales,Rhuddlan,Timpson,"Rhyl Rd, Rhuddlan, Rhyl LL18 2TJ, UK",01745 343303,https://www.timpson.co.uk/stores/Rhyl-Rhuddlan-Sainsburys
Wales,Llanbradach,Timpson,"Pontygwindy Rd, Caerphilly CF83 3SX, UK",029 2280 9181,https://www.timpson.co.uk/stores/caerphilly-morrisons
Wales,Cowbridge,Revolution Laundry,"Filco Supermarket, 2 High St, Cowbridge CF71 7AG, UK",,https://stores.revolution-laundry.com/en-uk/?utm_source=google&utm_medium=directory&utm_campaign=local_visibility&utm_content=google_maps
Wales,Pwllheli,LAUNDERETTE REVOLUTION,"Yr Hafan, Glan Y Don Industrial Estate, Pwllheli LL53 5YT, UK",0800 035 6600,https://stores.revolution-laundry.com/en-uk/england-gbr/pwllheli/laverie-revolution-laundry-3982078393298780000
Wales,Blaenau Ffestiniog,LAUNDERETTE REVOLUTION,"THE, LONDIS, Newmarket square, Blaenau Ffestiniog LL41 3UN, UK",0800 035 6600,https://stores.revolution-laundry.com/en-uk/england-gbr/blaenau-ffestiniog/laverie-revolution-laundry-242198467634565000
Wales,Gwaun-Cae-Gurwen,Revolution Laundry,"2-6 Heol-Cae-Gurwen Ck Foodstores, Gwaun-Cae-Gurwen, Ammanford SA18 1HB, UK",,https://stores.revolution-laundry.com/en-uk/?utm_source=google&utm_medium=directory&utm_campaign=local_visibility&utm_content=google_maps
Wales,Builth Wells,Revolution Laundry,"95 Station Rd, Fs1038, Mfg, Builth Wells LD2 3SS, UK",,https://stores.revolution-laundry.com/en-uk/?utm_source=google&utm_medium=directory&utm_campaign=local_visibility&utm_content=google_maps
Wales,Porthmadog,Revolution Laundry,"Hamdden Caravans, Penamser Rd, Porthmadog LL49 9NY, UK",,https://stores.revolution-laundry.com/en-uk/?utm_source=google&utm_medium=directory&utm_campaign=local_visibility&utm_content=google_maps
Wales,Llandybie,Revolution Laundry,"Park Street Vst, Forecourts T/A Services, Ammanford SA18 2ET, UK",,https://stores.revolution-laundry.com/en-uk/?utm_source=google&utm_medium=directory&utm_campaign=local_visibility&utm_content=google_maps
Wales,Narberth,Revolution Laundry,"Old Brewery Site, Spring Gardens, The Drang, Narberth SA67 7BW, UK",,https://stores.revolution-laundry.com/en-uk/?utm_source=google&utm_medium=directory&utm_campaign=local_visibility&utm_content=google_maps
England,Birmingham,Revolution Laundry,"Murco, Summer Ln, Birmingham B19 3ND, UK",,https://stores.revolution-laundry.com/en-uk/?utm_source=google&utm_medium=directory&utm_campaign=local_visibility&utm_content=google_maps
England,Leeds,Revolution Laundry,"Town Street Jet, Stanningley, Pudsey LS28 6HQ, UK",,https://stores.revolution-laundry.com/en-uk/?utm_source=google&utm_medium=directory&utm_campaign=local_visibility&utm_content=google_maps
England,Leeds,Johnsons The Cleaners,"83, Slaid Hill, Leeds LS17 8TX, UK",0113 266 8246,http://www.johnsoncleaners.com/branch/Shadwell
England,Leeds,Revolution Laundry,"Morrisons, Harehills Ln, Harehills, Leeds LS8 3RG, UK",,https://stores.revolution-laundry.com/en-uk/?utm_source=google&utm_medium=directory&utm_campaign=local_visibility&utm_content=google_maps
England,Leeds,Revolution Laundry,"Park Garage, Ring Rd W Park, Moor Grange Dr, Leeds LS16 6EB, UK",,https://stores.revolution-laundry.com/en-uk/?utm_source=google&utm_medium=directory&utm_campaign=local_visibility&utm_content=google_maps
England,Leeds,Johnsons The Cleaners,"White Rose Shopping Centre, Leeds LS11 8LS, UK",0113 276 0002,http://www.johnsoncleaners.com/branch/White-Rose-Shopping-Centre-Sainsburys
England,Sheffield,Revolution launderette,"104 Birley Moor Rd, Sheffield S12 4WH, UK",,https://www.thelaundryrevolution.co.uk/
England,Sheffield,Revolution Laundry,"Best One, 300 Leighton Rd, Sheffield S14 1QD, UK",0800 208 1299,https://www.thelaundryrevolution.co.uk/find-a-machine
England,Sheffield,Revolution Laundry,"Greenland Road Shell, Darnall, Sheffield S9 5HE, UK",,https://stores.revolution-laundry.com/en-uk/?utm_source=google&utm_medium=directory&utm_campaign=local_visibility&utm_content=google_maps
England,Manchester,Johnsons The Cleaners,"61 Cross St, Manchester M2 4JW, UK",0161 832 2138,http://www.johnsoncleaners.com/branch/Manchester-Cross-St
England,Manchester,Revolution Laundry,"441 Stockport Rd, Longsight, Manchester M12 4JB, UK",,https://stores.revolution-laundry.com/en-uk/?utm_source=google&utm_medium=directory&utm_campaign=local_visibility&utm_content=google_maps
England,Manchester,Revolution Laundry,"Welcome Inn, 61 Bury Old Rd, Prestwich, Manchester M45 6TA, UK",,https://stores.revolution-laundry.com/en-uk/?utm_source=google&utm_medium=directory&utm_campaign=local_visibility&utm_content=google_maps
England,Liverpool,Revolution Laundry Edge Lane Liverpool,"Derwent Group, Liverpool Shopping Park, Binns Rd, Edge Ln, Old Swan, Liverpool L13 1EW, UK",,https://stores.revolution-laundry.com/en-uk/?utm_source=google&utm_medium=directory&utm_campaign=local_visibility&utm_content=google_maps
England,Liverpool,Revolution Laundry,"2 Whittle Street Powerleague, Liverpool L5 2SQ, UK",,https://stores.revolution-laundry.com/en-uk/?utm_source=google&utm_medium=directory&utm_campaign=local_visibility&utm_content=google_maps
England,Liverpool,Johnsons The Cleaners,"Unit 3 Sainsbury, James Rd, Liverpool L25 5QA, UK",0151 428 5291,http://www.johnsoncleaners.com/branch/Woolton-Sainsburys
England,Leicester,Revolution Laundry,"Bp, 270 Melton Rd, Leicester LE4 7PB, UK",,https://stores.revolution-laundry.com/en-uk/?utm_source=google&utm_medium=directory&utm_campaign=local_visibility&utm_content=google_maps
England,Leicester,Elis,"Charnwood Laundry, Groby Rd, Leicester LE3 9QH, UK",0116 287 7851,https://uk.elis.com/en/about-elis/contact-us/find-location#!/l/leicester/groby-road/1768339
England,Leicester,Revolution Laundry,"Oadby Rd, Wigston LE18 3QJ, UK",,https://stores.revolution-laundry.com/en-uk/?utm_source=google&utm_medium=directory&utm_campaign=local_visibility&utm_content=google_maps
England,Bradford,Timpson,"Victoria Shopping Centre, Bradford BD8 9BN, UK",01274 488617,https://www.timpson.co.uk/stores/Bradford-Victoria-Morrisons
England,Coventry,Revolution Laundry,"Heart Of England Co-operative Society, 221 Rotherham Rd, Coventry CV2 3GF, UK",,https://stores.revolution-laundry.com/en-uk/?utm_source=google&utm_medium=directory&utm_campaign=local_visibility&utm_content=google_maps
England,Nottingham,Revolution Laundry,"Texaco, Hucknall Rd, Nottingham NG5 1BJ, UK",,https://stores.revolution-laundry.com/en-uk/?utm_source=google&utm_medium=directory&utm_campaign=local_visibility&utm_content=google_maps
England,Nottingham,Revolution launderette,"Tg Convenience Stores, 68 Westdale Ln E, Gedling, Nottingham NG4 3NA, UK",,https://stores.revolution-laundry.com/en-uk/?utm_source=google&utm_medium=directory&utm_campaign=local_visibility&utm_content=google_maps
England,Nottingham,Revolution Laundry,"Texaco Petrol Station, Meadow Ln, Nottingham NG2 3HE, UK",,https://stores.revolution-laundry.com/en-uk/?utm_source=google&utm_medium=directory&utm_campaign=local_visibility&utm_content=google_maps
England,Nottingham,Revolution Laundry,"5-11 Nottingham Rd, Attenborough, Beeston, Nottingham NG9 6DN, UK",0800 208 1299,https://stores.revolution-laundry.com/en-uk/
England,Nottingham,Timpson,"11 Castle Bridge Rd, Nottingham NG7 1GX, UK",0115 950 2918,https://www.timpson.co.uk/stores/Nottingham-Sainsburys
England,Nottingham,Revolution Launderette 24hr,"The Quay, Riverside Rd, Beeston, Nottingham NG9 1NA, UK",,https://stores.revolution-laundry.com/en-uk/?utm_source=google&utm_medium=directory&utm_campaign=local_visibility&utm_content=google_maps
England,Newcastle upon Tyne,Revolution Laundry,"Shell, Scotswood Rd, Newcastle upon Tyne NE4 7NN, UK",,https://stores.revolution-laundry.com/en-uk/?utm_source=google&utm_medium=directory&utm_campaign=local_visibility&utm_content=google_maps
England,Newcastle upon Tyne,Revolution laundry,"200 Two Ball Lonnen Morrisons, Cowgate, Newcastle upon Tyne NE4 9SZ, UK",,https://stores.revolution-laundry.com/en-uk/?utm_source=google&utm_medium=directory&utm_campaign=local_visibility&utm_content=google_maps
England,Plymouth,Revolution Laundry,"Ascona Retail, 6 Billacombe Rd, Plymouth PL9 7HP, UK",,https://stores.revolution-laundry.com/en-uk/?utm_source=google&utm_medium=directory&utm_campaign=local_visibility&utm_content=google_maps
England,Hull,Revolution Laundry,"Robson Way, Sutton-on-Hull, Hull HU8 9XL, UK",,https://stores.revolution-laundry.com/en-uk/?utm_source=google&utm_medium=directory&utm_campaign=local_visibility&utm_content=google_maps
England,Hull,Revolution Laundry,"751 Spring Bank West Triangle, Junction Service Station, Hull HU5 5BA, UK",0800 208 1299,https://stores.revolution-laundry.com/en-uk/?utm_source=google&utm_medium=directory&utm_campaign=local_visibility&utm_content=google_maps
England,Hull,Revolution Laundry,"Maybury Road Sewell, On The Go, Maybury Rd, Hull HU9 3LA, UK",,https://stores.revolution-laundry.com/en-uk/?utm_source=google&utm_medium=directory&utm_campaign=local_visibility&utm_content=google_maps
England,Southampton,Revolution Laundry,"Bursledon Road Lawrences, Garages (London) Ltd, Sholing, Southampton SO19 8NG, UK",,https://stores.revolution-laundry.com/en-uk/?utm_source=google&utm_medium=directory&utm_campaign=local_visibility&utm_content=google_maps
England,Stoke-on-Trent,Revolution Laundry,"Nisa Local, Leek New Rd, Baddeley Green, Stoke-on-Trent ST2 7HG, UK",,https://stores.revolution-laundry.com/en-uk/?utm_source=google&utm_medium=directory&utm_campaign=local_visibility&utm_content=google_maps
England,Stoke-on-Trent,Revolution Laundry,"Car Park, 68 Bryan St, Hanley, Stoke-on-Trent, Centre ST1 1PP, UK",,https://stores.revolution-laundry.com/en-uk/?utm_source=google&utm_medium=directory&utm_campaign=local_visibility&utm_content=google_maps
England,Stoke-on-Trent,Revolution Laundry,"Abbots Rd, Stoke-on-Trent ST2 8EA, UK",,https://stores.revolution-laundry.com/en-uk/?utm_source=google&utm_medium=directory&utm_campaign=local_visibility&utm_content=google_maps
England,Stoke-on-Trent,Revolution Laundry,"Simply Local, 71 Haywood Rd, Burslem, Stoke-on-Trent ST6 7AH, UK",,https://stores.revolution-laundry.com/en-uk/?utm_source=google&utm_medium=directory&utm_campaign=local_visibility&utm_content=google_maps
England,Stoke-on-Trent,Revolution Laundry,"Goldernhill Limited, 823 High St, Goldenhill, Stoke-on-Trent ST6 5QH, UK",,https://stores.revolution-laundry.com/en-uk/?utm_source=google&utm_medium=directory&utm_campaign=local_visibility&utm_content=google_maps
England,Stoke-on-Trent,Revolution Laundry,"KEYA GROUP, 38 Beaconsfield Dr, Stoke-on-Trent ST3 3DY, UK",,https://stores.revolution-laundry.com/en-uk/?utm_source=google&utm_medium=directory&utm_campaign=local_visibility&utm_content=google_maps
England,Stoke-on-Trent,Johnsons The Cleaners,"Brunswick St, Newcastle-under-Lyme, Newcastle ST5 1HF, UK",01782 740403,http://www.johnsoncleaners.com/branch/Newcastle-u-Lyme-Drive-In
England,Wolverhampton,Revolution Laundry,"TG CONVENIENCE STORES, 451-473 Cannock Rd, Wolverhampton WV10 0AE, UK",,https://stores.revolution-laundry.com/en-uk/?utm_source=google&utm_medium=directory&utm_campaign=local_visibility&utm_content=google_maps
England,Wolverhampton,Revolution Laundry,"M6 Moto Hospitality Ltd, Essington, Wolverhampton WV11 2AT, UK",,https://stores.revolution-laundry.com/en-uk/?utm_source=google&utm_medium=directory&utm_campaign=local_visibility&utm_content=google_maps
England,Wolverhampton,Revolution Laundry,"Texaco, 5 Stafford Rd, Wolverhampton WV10 6JF, UK",,https://stores.revolution-laundry.com/en-uk/?utm_source=google&utm_medium=directory&utm_campaign=local_visibility&utm_content=google_maps
England,Wolverhampton,Johnsons The Cleaners,"7 Upper Grn, Tettenhall, Wolverhampton WV6 8QQ, UK",01902 754801,http://www.johnsoncleaners.com/branch/Tettenhall-1
England,Reading,Elis,"72 George St, Reading RG4 8DW, UK",0118 948 3838,https://uk.elis.com/en/about-elis/contact-us/find-location#!/l/reading/72-george-street/1768345
England,Luton,Revolution Laundry,"2 Trinity Road TRINITY FUEL, GULF SERVICE STATION, 2 Trinity Rd, Luton LU3 1TP, UK",0800 208 1299,https://www.thelaundryrevolution.co.uk/find-a-machine
England,Portsmouth,Revolution Laundry - Cosham (Wash ME Laundrette),"Lonsdale Ave, Cosham, Portsmouth PO6 2PX, UK",023 9237 1393,https://www.revolution-laundry.com/en-uk/
England,Portsmouth,Elis,"144 North End Ave, North End, Portsmouth PO2 8NS, UK",023 9266 7737,https://uk.elis.com/en/about-elis/contact-us/find-location#!/l/portsmouth/144-north-end-avenue/1768523
England,Peterborough,Self Service Launderette by Johnsons Cleaners,"Lincoln Rd, Peterborough PE4 6WS, UK",,https://www.johnsoncleaners.com/branch/peterborough-morrisons-self-service-launderette
England,Peterborough,Revolution Laundry,"Peterborough Services, Extra Msa, Ltd, Peterborough PE7 3UQ, UK",0800 035 6600,https://stores.revolution-laundry.com/en-uk/england-gbr/peterborough/laverie-revolution-laundry-8659664890981870000
England,Peterborough,Revolution Laundry,"Eastfield Service Station, 343 Eastfield Rd, Peterborough PE1 4RA, UK",,https://stores.revolution-laundry.com/en-uk/?utm_source=google&utm_medium=directory&utm_campaign=local_visibility&utm_content=google_maps
England,Peterborough,Revolution Laundry,"Access Point, Goldhay Way, Peterborough PE2 5TD, UK",,https://stores.revolution-laundry.com/en-uk/?utm_source=google&utm_medium=directory&utm_campaign=local_visibility&utm_content=google_maps
England,Peterborough,Revolution Laundry,"30 Scotgate Sgn, Service Station Rock, Stamford PE9 2YQ, UK",,https://stores.revolution-laundry.com/en-uk/?utm_source=google&utm_medium=directory&utm_campaign=local_visibility&utm_content=google_maps
England,Peterborough,Timpson,"Flaxlands, Bretton Centre, Peterborough PE3 8DA, UK",01733 332848,https://www.timpson.co.uk/stores/Peterborough-Sainsburys-Bretton-Centre
England,Bolton,Revolution Laundry,"687 Bury Road Nisa, Bury Rd, Breightmet, Bolton BL2 6HP, UK",,https://stores.revolution-laundry.com/en-uk/?utm_source=google&utm_medium=directory&utm_campaign=local_visibility&utm_content=google_maps
England,Bolton,Johnsons The Cleaners,"Burnden Park Retail Park, Unit 4d Burnden Park Drive, Manchester Rd, Burnden, Bolton BL3 2NE, UK",01204 532801,http://www.johnsoncleaners.com/branch/Bolton-Burnden-Park-Drive
England,Dudley,Revolution Laundry,"The Lamp Tavern, 116 High St, Dudley, Bathams DY1 1QT, UK",,https://stores.revolution-laundry.com/en-uk/?utm_source=google&utm_medium=directory&utm_campaign=local_visibility&utm_content=google_maps
England,Norwich,Revolution Laundry,"160 Plumstead Rd E, Norwich NR7 9NQ, UK",,https://stores.revolution-laundry.com/en-uk/?utm_source=google&utm_medium=directory&utm_campaign=local_visibility&utm_content=google_maps
England,Croydon,Launderette Revolution - Morrisons Croydon,"Morrisons, 500 Purley Way, Croydon CR0 4NZ, UK",,https://stores.revolution-laundry.com/en-uk/?utm_source=google&utm_medium=directory&utm_campaign=local_visibility&utm_content=google_maps
England,Bournemouth,Revolution Laundry,"341-345, 341-345 Holdenhurst Rd, Bournemouth BH8 8BS, UK",,https://stores.revolution-laundry.com/en-uk/?utm_source=google&utm_medium=directory&utm_campaign=local_visibility&utm_content=google_maps
England,Bournemouth,Revolution Laundry,"Bear Cross Ave Sgn, Service Station, Bournemouth BH11 9LG, UK",,https://stores.revolution-laundry.com/en-uk/?utm_source=google&utm_medium=directory&utm_campaign=local_visibility&utm_content=google_maps
England,Southend-on-Sea,Revolution Laundry,"Park Garage Group, 682-696 Southchurch Rd, Southend-on-Sea SS1 2PS, UK",,https://stores.revolution-laundry.com/en-uk/?utm_source=google&utm_medium=directory&utm_campaign=local_visibility&utm_content=google_maps
England,Walsall,Revolution Laundry,"4-8 Ablewell St, Walsall WS1 2EQ, UK",,https://stores.revolution-laundry.com/en-uk/?utm_source=google&utm_medium=directory&utm_campaign=local_visibility&utm_content=google_maps
England,Walsall,LAUNDERETTE REVOLUTION,"125 Elmore Green Rd, Bloxwich, Walsall WS3 2HS, UK",0800 035 6600,https://stores.revolution-laundry.com/en-uk/england-gbr/walsall/laverie-revolution-laundry-11016969535245200000
England,Warrington,Revolution Laundry,"18 Benson Rd, Birchwood, Warrington WA3 7PG, UK",,https://stores.revolution-laundry.com/en-uk/?utm_source=google&utm_medium=directory&utm_campaign=local_visibility&utm_content=google_maps
England,Warrington,Revolution Laundry,"76 Warrington Rd, Penketh, Warrington WA5 2JZ, UK",0800 208 1299,https://stores.revolution-laundry.com/en-uk/?utm_source=google&utm_medium=directory&utm_campaign=local_visibility&utm_content=google_maps
England,Warrington,Revolution Laundry,"8, Welcome Break Burtonwood East Services, M62, Burtonwood, Warrington WA5 3AX, UK",,https://stores.revolution-laundry.com/en-uk/?utm_source=google&utm_medium=directory&utm_campaign=local_visibility&utm_content=google_maps
England,Warrington,Timpson,"18 Benson Rd, Birchwood, Warrington WA3 7PQ, UK",01925 816717,https://www.timpson.co.uk/stores/Warrington-Birchwood-Benson-Road
England,Warrington,Timpson,"Winwick Rd, Warrington WA2 7NE, UK",01925 243313,https://www.timpson.co.uk/stores/warrington-tesco-extra-1/
England,Warrington,Revolution Laundry,"69 High St, Golborne, Warrington WA3 3AH, UK",,https://stores.revolution-laundry.com/en-uk/?utm_source=google&utm_medium=directory&utm_campaign=local_visibility&utm_content=google_maps
England,Warrington,Timpson,"100 Church St, Warrington WA1 2TN, UK",01925 639204,https://www.timpson.co.uk/stores/Warrington-Sainsburys-Church-Street
England,Slough,Revolution Laundry,"Checkout Superstore, 370-386 Farnham Rd, Manor Park, Slough SL2 1JD, UK",,https://stores.revolution-laundry.com/en-uk/?utm_source=google&utm_medium=directory&utm_campaign=local_visibility&utm_content=google_maps
England,Huddersfield,Johnsons The Cleaners,"1 Southgate, Huddersfield HD1 6QR, UK",01484 432212,http://www.johnsoncleaners.com/branch/Huddersfield-Sainsburys
England,Oxford,Johnsons The Cleaners,"61 Woodstock Rd, Oxford OX2 6HJ, UK",01865 552560,http://www.johnsoncleaners.com/branch/Oxford-Woodstock-Rd
England,Cambridge,Johnsons The Cleaners,"Unit 1 Cambridge Rd, Milton, Cambridge CB24 6AY, UK",01223 420306,http://www.johnsoncleaners.com/branch/Milton
England,Ipswich,Johnsons The Cleaners,"190, 192 Felixstowe Rd, Ipswich IP3 9AE, UK",01473 712424,http://www.johnsoncleaners.com/branch/Ipswich-1
England,Middlesbrough,Revolution Laundry,"This Is Flourish, Dalby Way, Coulby Newham, Cleveland, Middlesbrough TS8 0TJ, UK",,https://stores.revolution-laundry.com/en-uk/?utm_source=google&utm_medium=directory&utm_campaign=local_visibility&utm_content=google_maps
England,Middlesbrough,Revolution Laundry,"Penrith Road Morrisons, The Berwick Hills Centre, Middlesbrough TS3 7RP, UK",,https://stores.revolution-laundry.com/en-uk/?utm_source=google&utm_medium=directory&utm_campaign=local_visibility&utm_content=google_maps
England,Middlesbrough,Revolution Laundry,"A66, Gateway Retail Park, Middlesbrough TS3 6AT, UK",,https://stores.revolution-laundry.com/en-uk/?utm_source=google&utm_medium=directory&utm_campaign=local_visibility&utm_content=google_maps
England,Gloucester,Revolution Laundry,"St Ann Way, Gloucester GL1 5SH, UK",,https://stores.revolution-laundry.com/en-uk/?utm_source=google&utm_medium=directory&utm_campaign=local_visibility&utm_content=google_maps
England,Gloucester,Revolution Laundry,"Wm Morrison Supermarkets, Heron Way, Abbeydale, Gloucester GL4 4FF, UK",,https://stores.revolution-laundry.com/en-uk/?utm_source=google&utm_medium=directory&utm_campaign=local_visibility&utm_content=google_maps
England,Gloucester,Revolution Laundry,"Sgn Service Station, 121 Bristol Rd, Quedgeley, Gloucester GL2 4NB, UK",,https://stores.revolution-laundry.com/en-uk/?utm_source=google&utm_medium=directory&utm_campaign=local_visibility&utm_content=google_maps
England,Exeter,LAUNDERETTE REVOLUTION,"M5, Junction, 30 Sandygate Roundabout, Exeter EX2 7HF, UK",0800 035 6600,https://www.revolution-laundry.com/en-uk/
England,Exeter,Revolution Laundry,"Moto Hospitality, Sidmouth Rd, Exeter EX2 7HF, UK",,https://stores.revolution-laundry.com/en-uk/?utm_source=google&utm_medium=directory&utm_campaign=local_visibility&utm_content=google_maps
England,Cheltenham,Revolution Laundry,"BP, London Rd, Charlton Kings, Cheltenham GL52 6YY, UK",,https://stores.revolution-laundry.com/en-uk/?utm_source=google&utm_medium=directory&utm_campaign=local_visibility&utm_content=google_maps
England,Cheltenham,Revolution Laundry,"Caernarvon Road MORRISONS, Cheltenham GL51 3BW, UK",,https://stores.revolution-laundry.com/en-uk/?utm_source=google&utm_medium=directory&utm_campaign=local_visibility&utm_content=google_maps
England,Gateshead,Johnsons The Cleaners,"Kingsway N, Gateshead NE11 0HB, UK",0191 482 8936,http://www.johnsoncleaners.com/branch/Team-Valley-Drive-In
England,Gateshead,Revolution Laundry,"Ropery Road Powerleague, Gateshead NE8 2HD, UK",,https://stores.revolution-laundry.com/en-uk/?utm_source=google&utm_medium=directory&utm_campaign=local_visibility&utm_content=google_maps
England,Gateshead,Revolution Laundry,"White Mare Pool, Wardley Dr, Gateshead NE10 8YB, UK",,https://stores.revolution-laundry.com/en-uk/?utm_source=google&utm_medium=directory&utm_campaign=local_visibility&utm_content=google_maps
England,High Wycombe,Revolution Laundry,"246 New Rd, High Wycombe HP12 4RG, UK",,https://stores.revolution-laundry.com/en-uk/?utm_source=google&utm_medium=directory&utm_campaign=local_visibility&utm_content=google_maps
England,High Wycombe,Timpson,"Temple End, High Wycombe HP13 5XX, UK",01494 437669,https://www.timpson.co.uk/stores/High-Wycombe-Morrisons/
England,Basingstoke,Johnsons The Cleaners,"Unit 16, Chineham Shopping Centre, Chineham, Basingstoke RG24 8BQ, UK",01256 322975,http://www.johnsoncleaners.com/branch/Chineham-1
England,Basingstoke,Revolution Laundry,"Texaco, Churchill Way W, Basingstoke RG22 6PL, UK",,https://stores.revolution-laundry.com/en-uk/?utm_source=google&utm_medium=directory&utm_campaign=local_visibility&utm_content=google_maps
England,Preston,Revolution Laundry,"Bp, 834-836 Blackpool Rd, Lea, Preston PR2 1XL, UK",,https://stores.revolution-laundry.com/en-uk/?utm_source=google&utm_medium=directory&utm_campaign=local_visibility&utm_content=google_maps
England,Bedford,Johnsons The Cleaners,"Unit 4 Riverfield Dr, Bedford MK41 0SF, UK",01234 213013,http://www.johnsoncleaners.com/branch/Bedford-Tesco
England,Doncaster,Revolution Laundry,"Texaco Petrol Station, York Rd, Doncaster DN5 8LY, UK",,https://stores.revolution-laundry.com/en-uk/?utm_source=google&utm_medium=directory&utm_campaign=local_visibility&utm_content=google_maps
England,Doncaster,Revolution Laundry,"Shell Bentley Service Stn, Bentley Rd, Doncaster DN5 9SA, UK",,https://stores.revolution-laundry.com/en-uk/?utm_source=google&utm_medium=directory&utm_campaign=local_visibility&utm_content=google_maps
England,Doncaster,Johnsons The Cleaners,"GV8X+5F Asda Superstore, Gliwice Way, Bawtry Rd, Doncaster DN4 5NW, UK",01302 371031,http://www.johnsoncleaners.com/branch/Doncaster-Asda-Bawtry-Road
England,Doncaster,Revolution Laundry,"Brocklesby Services, 237 Warmsworth Rd, Doncaster DN4 0TP, UK",,https://stores.revolution-laundry.com/en-uk/?utm_source=google&utm_medium=directory&utm_campaign=local_visibility&utm_content=google_maps
England,Doncaster,Revolution Laundry,"Sgn Whiterose, North Bound, A1, Doncaster DN6 8LR, UK",,https://stores.revolution-laundry.com/en-uk/?utm_source=google&utm_medium=directory&utm_campaign=local_visibility&utm_content=google_maps
England,Worthing,Revolution Laundry,"42 Findon Rd, Worthing BN14 0AB, UK",,https://stores.revolution-laundry.com/en-uk/?utm_source=google&utm_medium=directory&utm_campaign=local_visibility&utm_content=google_maps
England,Rotherham,Revolution launderette,"29 Herringthorpe Valley Rd, East Dene, Rotherham S65 2UQ, UK",,https://stores.revolution-laundry.com/en-uk/?utm_source=google&utm_medium=directory&utm_campaign=local_visibility&utm_content=google_maps
England,Mansfield,Revolution Laundry,"122 Clipstone Rd W, Forest Town, Mansfield NG19 0HL, UK",,https://stores.revolution-laundry.com/en-uk/?utm_source=google&utm_medium=directory&utm_campaign=local_visibility&utm_content=google_maps
England,Mansfield,Revolution Laundry,"SPAR - Harvest - Skegby, Mansfield Rd, Skegby, Sutton-in-Ashfield NG17 3DU, UK",,https://stores.revolution-laundry.com/en-uk/?utm_source=google&utm_medium=directory&utm_campaign=local_visibility&utm_content=google_maps
England,Mansfield,Timpson,"Old Mill Ln, Forest Town, Mansfield NG19 0HA, UK",01623 629001,https://www.timpson.co.uk/stores/Mansfield-Asda-1
England,Mansfield,Revolution Laundry,"2 Southwell Rd W, Mansfield NG18 4EN, UK",,https://stores.revolution-laundry.com/en-uk/?utm_source=google&utm_medium=directory&utm_campaign=local_visibility&utm_content=google_maps
England,Mansfield,Timpson,"Jubilee Way South, Oak Tree, Mansfield NG18 3RT, UK",01623 621776,https://www.timpson.co.uk/stores/mansfield-tesco-1/
England,Mansfield,Timpson,"Sutton Rd, Sutton-in-Ashfield, Mansfield NG17 4NX, UK",01623 621843,https://www.timpson.co.uk/stores/Mansfield-Morrisons/
England,Eastbourne,Revolution Laundry,"Trinity Place Gulf, Service Station, Trinity Pl, Eastbourne BN21 3BZ, UK",,https://stores.revolution-laundry.com/en-uk/?utm_source=google&utm_medium=directory&utm_campaign=local_visibility&utm_content=google_maps
England,Wigan,Revolution Laundry,"Park Garage, Challenge Way, Scot Ln, Wigan WN5 0PS, UK",,https://stores.revolution-laundry.com/en-uk/?utm_source=google&utm_medium=directory&utm_campaign=local_visibility&utm_content=google_maps
England,Sutton Coldfield,Johnsons The Cleaners,"Victoria Rd, The Parade, Birmingham, Sutton Coldfield B72 1SY, UK",0121 354 8590,http://www.johnsoncleaners.com/branch/Sutton-Coldfield-Victoria-Rd
England,Lincoln,Revolution Laundry,"CO-OP FS WINNING POST, Carholme Rd, Lincoln LN1 1RU, UK",,https://stores.revolution-laundry.com/en-uk/?utm_source=google&utm_medium=directory&utm_campaign=local_visibility&utm_content=google_maps
England,Worcester,Launderette Revolution,"Tg Convenience Stores, Blackpole Rd, Worcester WR3 8SE, UK",,https://stores.revolution-laundry.com/en-uk/?utm_source=google&utm_medium=directory&utm_campaign=local_visibility&utm_content=google_maps
England,Salford,Revolution Laundry,"BP, Seedley Rd, Salford M6 5WN, UK",,https://stores.revolution-laundry.com/en-uk/?utm_source=google&utm_medium=directory&utm_campaign=local_visibility&utm_content=google_maps
England,Salford,Revolution Laundry,"Roked Filling Stations, Wellington Rd, Eccles, Manchester M30 0NP, UK",,https://stores.revolution-laundry.com/en-uk/?utm_source=google&utm_medium=directory&utm_campaign=local_visibility&utm_content=google_maps
England,Salford,Revolution Launderette,"91 New Ln, Eccles, Manchester M30 7JW, UK",,https://stores.revolution-laundry.com/en-uk/?utm_source=google&utm_medium=directory&utm_campaign=local_visibility&utm_content=google_maps
England,Salford,Timpson,"Regent Rd, Salford M5 4QU, UK",0161 839 3673,https://www.timpson.co.uk/stores/Salford-Sainsburys
England,St Helens,Self Service Launderette by Johnsons Cleaners,"Boundary Rd, St Helens, Saint Helens WA10 2PX, UK",,https://www.johnsoncleaners.com/branch/st-helens-morrisons-self-service-launderette
England,St Helens,Revolution Laundry,"Ashcroft Service Station, Ashcroft St, St Helens, Saint Helens WA9 1BQ, UK",,https://stores.revolution-laundry.com/en-uk/?utm_source=google&utm_medium=directory&utm_campaign=local_visibility&utm_content=google_maps
England,St Helens,Revolution Laundry,"192-194 Robins Ln, St Helens, Saint Helens WA9 3PB, UK",,https://stores.revolution-laundry.com/en-uk/?utm_source=google&utm_medium=directory&utm_campaign=local_visibility&utm_content=google_maps
England,Hastings,Revolution Laundry,"Texaco Elva Service Station, Sedlescombe Rd N, Hastings, Saint Leonards-on-sea TN37 7PB, UK",,https://stores.revolution-laundry.com/en-uk/?utm_source=google&utm_medium=directory&utm_campaign=local_visibility&utm_content=google_maps
England,Birkenhead,Johnsons The Cleaners,"474 Borough Rd, Birkenhead CH42 9NA, UK",0151 652 1140,http://www.johnsoncleaners.com/branch/Birkenhead-Drive-In
England,Birkenhead,Revolution Laundry,"Bp, Hoylake Rd, Moreton, Wirral CH46 5NA, UK",,https://stores.revolution-laundry.com/en-uk/?utm_source=google&utm_medium=directory&utm_campaign=local_visibility&utm_content=google_maps
England,Birkenhead,Revolution Laundry,"Laird St, Birkenhead CH41 7AJ, UK",,https://stores.revolution-laundry.com/en-uk/?utm_source=google&utm_medium=directory&utm_campaign=local_visibility&utm_content=google_maps
England,Birkenhead,Revolution Laundry,"Park Garage Leverhulme, 892 New Chester Rd, Bromborough, Wirral CH62 6AT, UK",,https://stores.revolution-laundry.com/en-uk/?utm_source=google&utm_medium=directory&utm_campaign=local_visibility&utm_content=google_maps
England,Bath,Johnsons Cleaners,"Waitrose & Partners, The Podium, Bath BA1 5AL, UK",01225 442550,https://www.johnsoncleaners.com/
England,Halifax,Revolution Laundry,"4 Jubilee Way Morrisons, Elland, Halifax HX5 9DT, UK",,https://stores.revolution-laundry.com/en-uk/?utm_source=google&utm_medium=directory&utm_campaign=local_visibility&utm_content=google_maps
England,Bromley,Revolution Laundry,"Park Garage Group, 53 Hastings Rd, Bromley BR2 8NA, UK",,https://stores.revolution-laundry.com/en-uk/?utm_source=google&utm_medium=directory&utm_campaign=local_visibility&utm_content=google_maps
England,Nuneaton,Revolution Laundry,"Co-operative Food, Kem St, Attleborough, Nuneaton CV11 4LH, UK",,https://stores.revolution-laundry.com/en-uk/?utm_source=google&utm_medium=directory&utm_campaign=local_visibility&utm_content=google_maps
England,Harlow,Revolution Laundry,"K And S Fuels Service Station, Elizabeth Way, Harlow CM19 5AR, UK",,https://stores.revolution-laundry.com/en-uk/?utm_source=google&utm_medium=directory&utm_campaign=local_visibility&utm_content=google_maps
England,Harrow,Johnsons Cleaners,"Waitrose Harrow, Weald News, Homebase Ltd, 350 High Rd, Weald, Harrow HA3 6HF, UK",020 8861 3911,https://www.johnsoncleaners.com/
England,Harrow,Timpson,"313 Station Rd, London, Harrow HA1 2TA, UK",020 8861 0389,https://www.timpson.co.uk/stores/Harrow-Station-Road
England,Stockton-on-Tees,Self Service Launderette by Johnsons Cleaners,"Durham Rd, Stockton-on-Tees TS21 3LU, UK",,https://www.johnsoncleaners.com/branch/stockton-on-tees-tesco-self-service-launderette
England,Stockton-on-Tees,Johnsons The Cleaners,"45 Norton Rd, High St, Norton, Stockton-on-Tees TS20 1AH, UK",01642 557953,http://www.johnsoncleaners.com/branch/Norton
England,Stockton-on-Tees,Revolution Laundry,"JET, Mandale Rd, Thornaby, Stockton-on-Tees TS17 6AF, UK",,https://stores.revolution-laundry.com/en-uk/?utm_source=google&utm_medium=directory&utm_campaign=local_visibility&utm_content=google_maps
England,Scunthorpe,Revolution Laundry,"Sgn Service Station, Station Rd, Scunthorpe DN16 3BJ, UK",,https://stores.revolution-laundry.com/en-uk/?utm_source=google&utm_medium=directory&utm_campaign=local_visibility&utm_content=google_maps
England,Scunthorpe,Timpson,"Lakeside Parkway, Lakeside Pkwy, Scunthorpe DN16 3UA, UK",01724 845086,https://www.timpson.co.uk/stores/scunthorpe-morrisons/?utm_source=google_location&utm_medium=organic&utm_campaign=1538
England,Chesterfield,Self Service Launderette by Johnsons Cleaners,"Morrisons, Chatsworth Rd, Chesterfield S40 3BQ, UK",,https://www.johnsoncleaners.com/branch/chesterfield-morrisons-self-service-launderette
England,West Bromwich,Revolution Laundry,"4 Community Trust Hub, Wiltshire Way, West Bromwich B71 1JU, UK",,https://stores.revolution-laundry.com/en-uk/?utm_source=google&utm_medium=directory&utm_campaign=local_visibility&utm_content=google_maps
England,Bury,Revolution Laundry,"609-621 Rochdale Old Road Hooley, Bridge Service Station, Bury BL9 7TL, UK",,https://stores.revolution-laundry.com/en-uk/?utm_source=google&utm_medium=directory&utm_campaign=local_visibility&utm_content=google_maps
England,Tamworth,Revolution Laundry,"Moto Hospitality, Green Ln, Dordon, Tamworth B77 5PS, UK",,https://stores.revolution-laundry.com/en-uk/?utm_source=google&utm_medium=directory&utm_campaign=local_visibility&utm_content=google_maps
England,Chatham,Revolution Laundry,"Magpie Service Station, 128 Magpie Hall Rd, Chatham ME4 5XJ, UK",0800 208 1299,https://www.thelaundryrevolution.co.uk/find-a-machine
England,Chatham,Elis,"Maidstone Rd, Chatham ME4 6DE, UK",01634 830030,https://uk.elis.com/en/about-elis/contact-us/find-location#!/l/medway/maidstone-road/1768446
England,Harrogate,Revolution Laundry,"Park Garage Group PLC, Skipton Rd, Harrogate HG1 3EZ, UK",,https://stores.revolution-laundry.com/en-uk/?utm_source=google&utm_medium=directory&utm_campaign=local_visibility&utm_content=google_maps
England,Harrogate,Johnsons The Cleaners,"28 Leeds Rd, Harrogate HG2 8AA, UK",01423 503390,http://www.johnsoncleaners.com/branch/Harrogate-Leeds-Rd-Drive-In
England,Harrogate,Revolution Laundry,"Morrisons, Plumpton Park, Hookstone Chase, Harrogate HG2 7LD, UK",,https://stores.revolution-laundry.com/en-uk/?utm_source=google&utm_medium=directory&utm_campaign=local_visibility&utm_content=google_maps
England,Newcastle-under-Lyme,Timpson,"Off Goose St, Brook Ln, Newcastle-under-Lyme, Newcastle ST5 3HY, UK",01782 632025,https://www.timpson.co.uk/stores/Newcastle-under-Lyme-Morrisons
England,Newcastle-under-Lyme,Timpson,"Wolstanton Retail Park, Wolstanton, Newcastle-under-Lyme, Newcastle ST5 0AP, UK",01782 626491,https://www.timpson.co.uk/stores/Wolstanton-Asda
England,Newcastle-under-Lyme,Morrisons,"Goose St, Newcastle-under-Lyme, Newcastle ST5 3HY, UK",01782 710968,https://my.morrisons.com/storefinder/256?utm_content=Morrisons+Goose+Street+-+Newcastle-u-l&utm_medium=localistico&utm_source=google
England,Newcastle-under-Lyme,Timpson,"291 Newcastle Rd, Stoke-on-Trent ST4 6PL, UK",01782 620303,https://www.timpson.co.uk/stores/Stoke-on-Trent-Tesco-Trent-Vale
England,Enfield,Revolution Laundry,"Morrisons, 327 Southbury Rd, Enfield EN1 1TW, UK",,https://stores.revolution-laundry.com/en-uk/?utm_source=google&utm_medium=directory&utm_campaign=local_visibility&utm_content=google_maps
England,Gravesend,Revolution Laundry,"100 Old Road West Hsrl, Service Station, Esso, Gravesend DA11 0LR, UK",,https://stores.revolution-laundry.com/en-uk/?utm_source=google&utm_medium=directory&utm_campaign=local_visibility&utm_content=google_maps
England,South Shields,Revolution Laundry,"DS & AL Penny T/A Penny Petroleum, 2 Jarrow Rd, Redwood Servic, Jarrow, South Shields NE34 9PS, UK",,https://stores.revolution-laundry.com/en-uk/?utm_source=google&utm_medium=directory&utm_campaign=local_visibility&utm_content=google_maps
England,South Shields,Revolution Laundry,"Shell, Boldon Ln, South Shields NE34 0NB, UK",,https://stores.revolution-laundry.com/en-uk/?utm_source=google&utm_medium=directory&utm_campaign=local_visibility&utm_content=google_maps
England,Burton-on-Trent,Revolution Laundry,"Applegreen, Wellington Rd, Burton upon Trent, Burton-on-Trent DE14 2AP, UK",,https://stores.revolution-laundry.com/en-uk/?utm_source=google&utm_medium=directory&utm_campaign=local_visibility&utm_content=google_maps
England,Shrewsbury,Revolution Laundry,"Park Garage, Thieves Lane Roundabout, Thieves Ln, Shrewsbury SY2 6GF, UK",,https://stores.revolution-laundry.com/en-uk/?utm_source=google&utm_medium=directory&utm_campaign=local_visibility&utm_content=google_maps
England,Rugby,Revolution Laundry,"Aa Filling Station, 54-56 Lawford Rd, Rugby CV21 2EA, UK",,https://stores.revolution-laundry.com/en-uk/?utm_source=google&utm_medium=directory&utm_campaign=local_visibility&utm_content=google_maps
England,Rugby,Revolution Laundry,"I Valley Retail, 256 Hillmorton Rd, Rugby CV22 5BQ, UK",,https://stores.revolution-laundry.com/en-uk/?utm_source=google&utm_medium=directory&utm_campaign=local_visibility&utm_content=google_maps
England,Taunton,Johnsons The Cleaners,"3 Station Rd, Taunton TA1 1NH, UK",01823 276424,http://www.johnsoncleaners.com/branch/Taunton-Station-Rd
England,Taunton,Revolution Laundry,"Manor Drive WELCOME, Staplegrove, Taunton TA2 6AN, UK",,https://stores.revolution-laundry.com/en-uk/?utm_source=google&utm_medium=directory&utm_campaign=local_visibility&utm_content=google_maps
England,Taunton,Timpson,"Deller's Wharf, Taunton TA1 1DX, UK",01823 251455,https://www.timpson.co.uk/stores/Taunton-Morrisons
England,Tynemouth,Morrisons,"Collingwood Centre, Preston N Rd, Tynemouth, North Shields NE29 9QR, UK",0191 296 4494,https://my.morrisons.com/storefinder/64?utm_content=Morrisons+Tynemouth&utm_medium=localistico&utm_source=google
England,Cannock,Timpson,"Orbital Retail Centre, 12 Voyager Dr, Norton Canes, Cannock WS11 8XP, UK",01543 570957,https://www.timpson.co.uk/stores/Cannock-Sainsburys
England,Farnborough,Revolution Laundry,"Sgn, 16 Bridge Rd, Farnborough GU14 0HS, UK",,https://stores.revolution-laundry.com/en-uk/?utm_source=google&utm_medium=directory&utm_campaign=local_visibility&utm_content=google_maps
England,Ellesmere Port,Revolution Laundry,"155 Chester Rd, Childer Thornton, Ellesmere Port CH66 1QF, UK",,https://stores.revolution-laundry.com/en-uk/?utm_source=google&utm_medium=directory&utm_campaign=local_visibility&utm_content=google_maps
England,Ellesmere Port,Revolution Laundry,"MFG FS146, Strawberry Way E, Whitby, Ellesmere Port CH66 2PY, UK",,https://stores.revolution-laundry.com/en-uk/?utm_source=google&utm_medium=directory&utm_campaign=local_visibility&utm_content=google_maps
England,Ellesmere Port,Revolution Laundry,"Overpool Rd, Great Sutton, Ellesmere Port CH66 2JF, UK",,https://stores.revolution-laundry.com/en-uk/?utm_source=google&utm_medium=directory&utm_campaign=local_visibility&utm_content=google_maps
England,Ellesmere Port,Timpson,"Chester Rd, Whitby, Ellesmere Port CH65 6RX, UK",0151 355 9291,https://www.timpson.co.uk/stores/Ellesmere-Port-Morrisons/
England,Ellesmere Port,Timpson,"Kinsey Rd, Ellesmere Port CH65 9HN, UK",0151 355 3191,https://www.timpson.co.uk/stores/Ellesmere-Port-Sainsburys-Cheshire-Oaks
England,Scarborough,Self Service Launderette by Johnsons Cleaners,"Market Ln, Eastfield, Scarborough YO11 3YN, UK",,https://www.johnsoncleaners.com/branch/scarbourough-morrisons-self-service-launderette
England,Scarborough,Revolution Laundry,"Seamer Rd, Scarborough YO12 4DH, UK",,https://stores.revolution-laundry.com/en-uk/united-kingdom-gbr/scarborough/revolution-laundry-2SKW
England,Scarborough,Revolution Laundry,"Penny Petroleum, Seamer Rd, Scarborough YO12 4DH, UK",,https://stores.revolution-laundry.com/en-uk/?utm_source=google&utm_medium=directory&utm_campaign=local_visibility&utm_content=google_maps
England,Wallasey,Revolution Laundry,"109 King St, Wallasey CH44 0BZ, UK",,https://stores.revolution-laundry.com/en-uk/?utm_source=google&utm_medium=directory&utm_campaign=local_visibility&utm_content=google_maps
England,Halesowen,Revolution Laundry,"116 Colley Gate, Halesowen B63 2BU, UK",,https://stores.revolution-laundry.com/en-uk/?utm_source=google&utm_medium=directory&utm_campaign=local_visibility&utm_content=google_maps
England,Tunbridge Wells,Johnsons The Cleaners,"35 Mount Pleasant Rd, Royal Tunbridge Wells, Tunbridge Wells TN1 1PN, UK",01892 522967,https://www.johnsoncleaners.com/branch/tunbridge-wells-3/
England,Barrow-in-Furness,Revolution Laundry,"Yarlside Road Yarlside, Stores, Roose, Barrow-in-Furness LA13 0ES, UK",,https://stores.revolution-laundry.com/en-uk/?utm_source=google&utm_medium=directory&utm_campaign=local_visibility&utm_content=google_maps
England,Washington,Revolution Laundry,"Durham Road Jet, Birtley, Chester-le-Street DH3 2PF, UK",,https://stores.revolution-laundry.com/en-uk/?utm_source=google&utm_medium=directory&utm_campaign=local_visibility&utm_content=google_maps
England,Washington,Timpson,"The Galleries, Washington NE38 7NF, UK",0191 417 6889,https://www.timpson.co.uk/stores/washington-asda/?utm_source=google_location&utm_medium=organic&utm_campaign=5644
England,Washington,Johnsons The Cleaners,"Asda Shopping Complex, Boldon Colliery NE35 9AR, UK",0191 536 5442,http://www.johnsoncleaners.com/branch/Boldon-Colliery-Asda-1
England,Hornchurch,Revolution Laundry,"Park Garage Group, Essex, 699 Rainham Rd S, Dagenham RM10 8UX, UK",,https://stores.revolution-laundry.com/en-uk/?utm_source=google&utm_medium=directory&utm_campaign=local_visibility&utm_content=google_maps
England,Corby,Revolution Laundry,"Northants, Rockingham Rd, Corby NN17 2AE, UK",,https://stores.revolution-laundry.com/en-uk/?utm_source=google&utm_medium=directory&utm_campaign=local_visibility&utm_content=google_maps
England,Leamington Spa,Revolution Laundry,"34-56 Clemens Street Spar, Market, Royal Leamington Spa, Leamington Spa CV31 2DN, UK",,https://stores.revolution-laundry.com/en-uk/?utm_source=google&utm_medium=directory&utm_campaign=local_visibility&utm_content=google_maps
England,Leamington Spa,Revolution Laundry,"Wm Morrison Supermarkets Plc, Old Warwick Rd, Royal Leamington Spa, Leamington Spa CV31 3NT, UK",,https://stores.revolution-laundry.com/en-uk/?utm_source=google&utm_medium=directory&utm_campaign=local_visibility&utm_content=google_maps
England,Crosby,Timpson,"1-3 Liverpool Rd, Crosby, Liverpool L23 2SA, UK",0151 924 8000,https://www.timpson.co.uk/stores/Crosby-Sainsburys
England,Keighley,Timpson,"Sainsburys Centre, Cavendish St, Keighley BD21 3RU, UK",01535 661465,https://www.timpson.co.uk/stores/Keighley-Sainsburys
England,Lancaster,Revolution Laundry,"Ascona Retail, 166 Scotforth Rd, Lancaster LA1 4NS, UK",,https://stores.revolution-laundry.com/en-uk/?utm_source=google&utm_medium=directory&utm_campaign=local_visibility&utm_content=google_maps
England,Lancaster,Johnsons The Cleaners,"Asda Superstore, Lancaster LA1 5JR, UK",01524 840058,http://www.johnsoncleaners.com/branch/Lancaster-Asda
England,Lancaster,Elis,"Caton Rd, Lancaster LA1 1DG, UK",01524 541570,https://uk.elis.com/en/about-elis/contact-us/find-location#!/l/lancaster/caton-road/1768330
England,Romford,Revolution Laundry,"61-63 Eastern Ave E, Romford RM1 4SD, UK",,https://stores.revolution-laundry.com/en-uk/?utm_source=google&utm_medium=directory&utm_campaign=local_visibility&utm_content=google_maps
England,Paignton,Revolution Laundry,"147 Torquay Road Sgn, Service Station Riviera, Paignton TQ3 2AG, UK",,https://stores.revolution-laundry.com/en-uk/?utm_source=google&utm_medium=directory&utm_campaign=local_visibility&utm_content=google_maps
England,Banbury,Revolution Laundry,"Shell, Upper Windsor St, Banbury OX16 5AQ, UK",,https://stores.revolution-laundry.com/en-uk/?utm_source=google&utm_medium=directory&utm_campaign=local_visibility&utm_content=google_maps
England,Bridgwater,Revolution Laundry,"Host Sedgemoor Campus, Power Ln, Bridgwater TA6 4DE, UK",,https://stores.revolution-laundry.com/en-uk/?utm_source=google&utm_medium=directory&utm_campaign=local_visibility&utm_content=google_maps
England,Bridgwater,Revolution Laundry,"A38, Bridgwater TA6 6DF, UK",,https://stores.revolution-laundry.com/en-uk/?utm_source=google&utm_medium=directory&utm_campaign=local_visibility&utm_content=google_maps
England,Hinckley,Johnsons The Cleaners,"Rugby Rd, Burbage, Hinckley LE10 2ND, UK",01455 634060,http://www.johnsoncleaners.com/branch/Hinckley-Drive-In
England,Hinckley,Revolution Laundry,"Unit 1 Rainbow Way, Burbage, Hinckley LE10 2FR, UK",,https://stores.revolution-laundry.com/en-uk/?utm_source=google&utm_medium=directory&utm_campaign=local_visibility&utm_content=google_maps
England,Ashton-under-Lyne,Johnsons The Cleaners,"Unit 2, Asda, Cavendish St, Ashton-under-Lyne OL6 7PE, UK",0161 343 2481,http://www.johnsoncleaners.com/branch/Ashton-Under-Lyne-Asda
England,Sutton-in-Ashfield,Revolution launderette,"1 The Oval, Sutton-in-Ashfield NG17 2FR, UK",,https://stores.revolution-laundry.com/en-uk/?utm_source=google&utm_medium=directory&utm_campaign=local_visibility&utm_content=google_maps
England,Sutton-in-Ashfield,Revolution Laundry,"6 Leamington Dr, Leamington Buildings, Sutton-in-Ashfield NG17 5AY, UK",,https://stores.revolution-laundry.com/en-uk/?utm_source=google&utm_medium=directory&utm_campaign=local_visibility&utm_content=google_maps
England,Worksop,Revolution Laundry,"Morrisons, Kilton Rd, Worksop S80 2DJ, UK",,https://stores.revolution-laundry.com/en-uk/?utm_source=google&utm_medium=directory&utm_campaign=local_visibility&utm_content=google_maps
England,Worksop,Timpson,"9a Bridge St, Worksop S80 1DP, UK",01909 485875,https://www.timpson.co.uk/stores/worksop-bridge-street-1/?utm_source=google_location&utm_medium=organic&utm_campaign=805
England,Altrincham,Johnsons The Cleaners,"Unit 2a Draybank Rd, West Timperley, Timperley, Altrincham WA14 5ZL, UK",0161 929 7092,http://www.johnsoncleaners.com/branch/Altrincham
England,Boston,Revolution Laundry,"Park Garage, John Adams Way, Boston PE21 6TQ, UK",,https://stores.revolution-laundry.com/en-uk/?utm_source=google&utm_medium=directory&utm_campaign=local_visibility&utm_content=google_maps
England,Margate,Revolution Laundry,"Bradgate Holiday Park, Manston Ct Rd, Margate CT9 4LG, UK",,https://stores.revolution-laundry.com/en-uk/?utm_source=google&utm_medium=directory&utm_campaign=local_visibility&utm_content=google_maps
England,Sittingbourne,Revolution Laundry,"Park Garage Group, 15-21 Key St, Sittingbourne ME10 1YX, UK",,https://stores.revolution-laundry.com/en-uk/?utm_source=google&utm_medium=directory&utm_campaign=local_visibility&utm_content=google_maps
England,Wokingham,Timpson,"King St Ln, Winnersh, Wokingham RG41 5AR, UK",0118 989 3053,https://www.timpson.co.uk/stores/winnersh-sainsburys
England,Farnham,Johnsons The Cleaners,"116 West St, Farnham GU9 7HH, UK",01252 726232,http://www.johnsoncleaners.com/branch/Farnham-1
England,Farnham,Revolution Laundry,"168 Farnborough Rd, Farnham GU9 9AZ, UK",,https://stores.revolution-laundry.com/en-uk/?utm_source=google&utm_medium=directory&utm_campaign=local_visibility&utm_content=google_maps
England,Farnham,Timpson,"Water Ln, Farnham GU9 9NJ, UK",01252 726173,https://www.timpson.co.uk/stores/Waterlane-Sainsburys
England,Farnham,Revolution Laundry,"314 High St, Aldershot GU12 4LT, UK",,https://stores.revolution-laundry.com/en-uk/?utm_source=google&utm_medium=directory&utm_campaign=local_visibility&utm_content=google_maps
England,Fareham,Timpson,"Newgate Ln, Fareham PO14 1TT, UK",01329 233680,https://www.timpson.co.uk/stores/Fareham-Asda
England,Fareham,Timpson,"Wickham Rd, Fareham PO16 7EZ, UK",01329 284182,https://www.timpson.co.uk/stores/Fareham-Sainsburys-Wickham-Road
England,Castleford,Revolution Laundry,"Carlton St Carlton, Lanes S-c Revolution, Castleford WF10 1AD, UK",,https://stores.revolution-laundry.com/en-uk/?utm_source=google&utm_medium=directory&utm_campaign=local_visibility&utm_content=google_maps
England,Castleford,Revolution Laundry,"15 Wood Ln, Castleford WF10 5PQ, UK",,https://stores.revolution-laundry.com/en-uk/?utm_source=google&utm_medium=directory&utm_campaign=local_visibility&utm_content=google_maps
England,Arnold,Timpson,"Sir John Robinson Way, Arnold, Daybrook, Nottingham NG5 6BN, UK",0115 920 6410,https://www.timpson.co.uk/stores/Arnold-Sainsburys
England,Blyth,Revolution Laundry,"The Isabella Centre, Ogle Dr, Blyth NE24 5JF, UK",,https://stores.revolution-laundry.com/en-uk/?utm_source=google&utm_medium=directory&utm_campaign=local_visibility&utm_content=google_maps
England,Skelmersdale,LAUNDERETTE REVOLUTION,"Ormskirk Rd, Skelmersdale WN8 9AH, UK",,
England,Long Eaton,Revolution Laundry,"Valero, Wilsthorpe Rd, Long Eaton, Nottingham NG10 3JX, UK",,https://stores.revolution-laundry.com/en-uk/?utm_source=google&utm_medium=directory&utm_campaign=local_visibility&utm_content=google_maps
England,Long Eaton,Revolution Laundry,"45 Wharfedale Road Londis, Dhavina's News, The Paper Shop, Long Eaton, Nottingham NG10 3HG, UK",,https://stores.revolution-laundry.com/en-uk/?utm_source=google&utm_medium=directory&utm_campaign=local_visibility&utm_content=google_maps
England,North Shields,Revolution Laundry,"Park View Shopping Centre, Park Ave, Whitley Bay NE26 1DG, UK",,https://stores.revolution-laundry.com/en-uk/?utm_source=google&utm_medium=directory&utm_campaign=local_visibility&utm_content=google_maps
England,Wednesbury,Revolution Laundry,"Texaco, 299 Walsall Rd, Darlaston, Wednesbury WS10 8LZ, UK",,https://stores.revolution-laundry.com/en-uk/?utm_source=google&utm_medium=directory&utm_campaign=local_visibility&utm_content=google_maps
England,Wednesbury,Elis,"70-72 Crankhall Ln, Wednesbury WS10 0EQ, UK",0121 505 3636,https://uk.elis.com/en/about-elis/contact-us/find-location#!/l/wednesbury/70-72-crankhall-lane/1768536
England,Denton,Revolution Laundry,"Park Garage, Crown Point, 65 Stockport Rd, Denton, Manchester M34 6DD, UK",,https://stores.revolution-laundry.com/en-uk/?utm_source=google&utm_medium=directory&utm_campaign=local_visibility&utm_content=google_maps
England,Houghton le Spring,Revolution Laundry,"Durham Rd Jet, Middle Herrington, Sunderland SR3 3ND, UK",,https://stores.revolution-laundry.com/en-uk/?utm_source=google&utm_medium=directory&utm_campaign=local_visibility&utm_content=google_maps
England,Amesbury,Johnsons The Cleaners,"33 High St, Amesbury, Salisbury SP4 7ET, UK",01980 623246,http://www.johnsoncleaners.com/branch/Amesbury
England,Amesbury,Revolution Laundry,"2 London Road Amesbury Filling, Station, Amesbury, Salisbury SP4 7DY, UK",,https://stores.revolution-laundry.com/en-uk/?utm_source=google&utm_medium=directory&utm_campaign=local_visibility&utm_content=google_maps
England,Amesbury,Timpson,"London Rd, Amesbury, Salisbury SP4 7RT, UK",01980 623423,https://www.timpson.co.uk/stores/Amesbury-Tesco
England,Warwick,Self Service Launderette by Johnsons Cleaners,"Emscote Rd, Warwick CV34 5QJ, UK",,https://www.johnsoncleaners.com/branch/warwick-tesco-self-service-launderette
England,Warwick,Revolution Laundry,"Unit 1, Co-operative Food, Lower, Vickers Way, Heathcote Way, Warwick CV34 7BR, UK",,https://stores.revolution-laundry.com/en-uk/?utm_source=google&utm_medium=directory&utm_campaign=local_visibility&utm_content=google_maps
England,Erith,Revolution Laundry,"bp, 295-313 Bexley Rd, Erith DA8 3EX, UK",,https://stores.revolution-laundry.com/en-uk/?utm_source=google&utm_medium=directory&utm_campaign=local_visibility&utm_content=google_maps
England,Dunstable,Revolution Laundry,"Quadrant Shopping Centre, 17-19 Broadwalk, Dunstable LU5 4RH, UK",,https://stores.revolution-laundry.com/en-uk/?utm_source=google&utm_medium=directory&utm_campaign=local_visibility&utm_content=google_maps
England,Wickford,revolution laundry,"HGRC+62, Southend Arterial Rd, Wickford SS12 9HZ, UK",,
England,Beverley,Revolution Laundry,"Jet, Mill Ln, Beverley HU17 9DH, UK",,https://stores.revolution-laundry.com/en-uk/?utm_source=google&utm_medium=directory&utm_campaign=local_visibility&utm_content=google_maps
England,Dover,Revolution Laundry,"Lord Warden Square Motis, Freight Services Limited, Dover CT17 9DH, UK",,https://stores.revolution-laundry.com/en-uk/?utm_source=google&utm_medium=directory&utm_campaign=local_visibility&utm_content=google_maps
England,Trowbridge,Revolution Laundry,"W Ashton Rd, Trowbridge BA14 6DW, UK",,https://stores.revolution-laundry.com/en-uk/?utm_source=google&utm_medium=directory&utm_campaign=local_visibility&utm_content=google_maps
England,Trowbridge,Revolution Laundry,"Car Park, 1 The Shires, Trowbridge BA14 8AT, UK",,https://stores.revolution-laundry.com/en-uk/?utm_source=google&utm_medium=directory&utm_campaign=local_visibility&utm_content=google_maps
England,Lichfield,Revolution Laundry,"Central England Co-op, Ryknild St, Lichfield WS14 9XU, UK",,https://stores.revolution-laundry.com/en-uk/?utm_source=google&utm_medium=directory&utm_campaign=local_visibility&utm_content=google_maps
England,Stretford,Revolution Laundry,"White City Retail Park, White City Way, Old Trafford, Stretford, Manchester M16 0RP, UK",,https://stores.revolution-laundry.com/en-uk/?utm_source=google&utm_medium=directory&utm_campaign=local_visibility&utm_content=google_maps
England,Pudsey,Timpson,"Stanningley, Pudsey LS28 6AR, UK",0113 257 2391,https://www.timpson.co.uk/stores/pudsey-asda/?utm_source=google_location&utm_medium=organic&utm_campaign=5692
England,Epsom,Revolution Laundry,"Service Station, 274-276 Kingston Rd, Epsom KT19 0SH, UK",,https://stores.revolution-laundry.com/en-uk/?utm_source=google&utm_medium=directory&utm_campaign=local_visibility&utm_content=google_maps
England,Epsom,Timpson,"1B Kiln Ln, Epsom KT17 1EQ, UK",01372 742188,https://www.timpson.co.uk/stores/Epsom-Sainsburys
England,Epsom,Revolution Laundry,"242 Ruxley Ln, Epsom KT19 9EY, UK",,https://stores.revolution-laundry.com/en-uk/?utm_source=google&utm_medium=directory&utm_campaign=local_visibility&utm_content=google_maps
England,Sevenoaks,Johnsons The Cleaners,"Waitrose, 58 High St, Sevenoaks TN13 1JR, UK",01732 450180,https://www.johnsoncleaners.com/
England,Rushden,Revolution Laundry,"Park Garage Group, John Clark Way, Rushden NN10 0FW, UK",,https://stores.revolution-laundry.com/en-uk/?utm_source=google&utm_medium=directory&utm_campaign=local_visibility&utm_content=google_maps
England,Rushden,Revolution Laundry,"Premier, 2 Church Hall Rd, Rushden NN10 9PA, UK",,https://stores.revolution-laundry.com/en-uk/?utm_source=google&utm_medium=directory&utm_campaign=local_visibility&utm_content=google_maps
England,Rushden,Johnsons The Cleaners,"Waitrose Store, Nothampton Road, Rushden NN10 6AR, UK",01933 350844,http://www.johnsoncleaners.com/branch/Waitrose-Rushden
England,Pontefract,Timpson,"Stuart Rd, Pontefract WF8 4PQ, UK",01977 799226,https://www.timpson.co.uk/stores/pontefract-morrisons/?utm_source=google_location&utm_medium=organic&utm_campaign=2083
England,Pontefract,Morrisons,"Stuart Rd, Pontefract WF8 1BT, UK",01977 600808,https://my.morrisons.com/storefinder/51?utm_content=Morrisons+Pontefract&utm_medium=localistico&utm_source=google
England,Kendal,Elis,"Shap Rd, Kendal LA9 6DQ, UK",01539 723378,https://uk.elis.com/en/about-elis/contact-us/find-location#!/l/kendal/shap-road/1768423
England,Malvern,Revolution Laundry,"Sgn Service Station, 214-216, 216 Worcester Rd, Malvern WR14 1AG, UK",,https://stores.revolution-laundry.com/en-uk/?utm_source=google&utm_medium=directory&utm_campaign=local_visibility&utm_content=google_maps
England,Heywood,Revolution Laundry,"M62 Moto Hospitality, Heywood OL10 2QH, UK",,https://stores.revolution-laundry.com/en-uk/?utm_source=google&utm_medium=directory&utm_campaign=local_visibility&utm_content=google_maps
England,Littlehampton,Revolution Laundry,"Hawthorn Rd, Wick, Littlehampton BN17 7LR, UK",,https://stores.revolution-laundry.com/en-uk/?utm_source=google&utm_medium=directory&utm_campaign=local_visibility&utm_content=google_maps
England,Nelson,Revolution Laundry,"Netherfield Road Penny Petroleum (St Helens, Walverden Cres, Nelson BB9 9PS, UK",,https://stores.revolution-laundry.com/en-uk/?utm_source=google&utm_medium=directory&utm_campaign=local_visibility&utm_content=google_maps
England,Radcliffe,Johnsons The Cleaners,"163a Radcliffe New Rd, Whitefield, Manchester M45 7RG, UK",0161 796 8966,http://www.johnsoncleaners.com/branch/Radcliffe
England,Fleet,Johnsons The Cleaners,"267 Fleet Rd, Fleet GU51 3BN, UK",01252 615508,http://www.johnsoncleaners.com/branch/Solent-Dry-Cleaners
England,Willenhall,Revolution Laundry,"274-276, Lichfield Rd, Willenhall WV12 5BT, UK",,https://stores.revolution-laundry.com/en-uk/?utm_source=google&utm_medium=directory&utm_campaign=local_visibility&utm_content=google_maps
England,Willenhall,Timpson,"Middle Piece Way, Willenhall WV13 1QG, UK",01902 635186,https://www.timpson.co.uk/stores/Willenhall-Morrisons
England,Willenhall,Morrisons,"Middle Piece Way, Willenhall WV13 1QG, UK",01902 636794,https://my.morrisons.com/storefinder/442?utm_content=Morrisons+Willenhall&utm_medium=localistico&utm_source=google
England,Ashington,Revolution Laundry,"Local Convenience Store Ashington, Central Arcade, 14 Woodhorn Rd, Ashington NE63 9AE, UK",,https://stores.revolution-laundry.com/en-uk/?utm_source=google&utm_medium=directory&utm_campaign=local_visibility&utm_content=google_maps
England,Ashington,Revolution Laundry,"JET, Stakeford Ln, Stakeford, Choppington NE62 5QQ, UK",,https://stores.revolution-laundry.com/en-uk/?utm_source=google&utm_medium=directory&utm_campaign=local_visibility&utm_content=google_maps
England,Ashington,Timpson,"Portland Park, 23 Lintonville Terrace, Ashington NE63 9XG, UK",01670 858182,https://www.timpson.co.uk/stores/ashington-asda/?utm_source=google_location&utm_medium=organic&utm_campaign=5651
England,Ashington,Revolution Laundry,"JET, Morpeth Rd, Ashington NE63 8QG, UK",,https://stores.revolution-laundry.com/en-uk/?utm_source=google&utm_medium=directory&utm_campaign=local_visibility&utm_content=google_maps
England,Gosforth,Johnsons The Cleaners,"102 High St, Gosforth, Newcastle upon Tyne NE3 1HP, UK",0191 285 9778,http://www.johnsoncleaners.com/branch/Gosforth
England,Gosforth,Johnsons The Cleaners,"29 Acorn Rd, Jesmond, Newcastle upon Tyne NE2 2DJ, UK",0191 281 1527,http://www.johnsoncleaners.com/branch/Jesmond
England,Hertford,Timpson,"Tesco Superstore, Ware Rd, Hertford SG14 1QA, UK",01992 937170,https://www.timpson.co.uk/stores/hertford-tesco
England,Burntwood,Revolution Laundry,"Sgn Service Station, Cannock Rd, Springhill, Burntwood WS7 0BQ, UK",,https://stores.revolution-laundry.com/en-uk/?utm_source=google&utm_medium=directory&utm_campaign=local_visibility&utm_content=google_maps
England,Burntwood,Timpson,"High St, Chasetown, Burntwood WS7 8XA, UK",01543 674423,https://www.timpson.co.uk/stores/Burntwood-Morrisons/
England,Jarrow,Revolution Laundry,"38 Bede Precinct The, VIKING SHOPPING CENTRE, Jarrow NE32 3LQ, UK",0800 208 1299,https://stores.revolution-laundry.com/en-uk/?utm_source=google&utm_medium=directory&utm_campaign=local_visibility&utm_content=google_maps
England,Congleton,Revolution Laundry,"3 Lower Heath, Congleton CW12 1NP, UK",,https://stores.revolution-laundry.com/en-uk/?utm_source=google&utm_medium=directory&utm_campaign=local_visibility&utm_content=google_maps
England,Thatcham,Johnsons Cleaners,"Waitrose, 48-53 The Broadway, Thatcham RG19 3HN, UK",01635 868113,https://www.johnsoncleaners.com/
England,Thatcham,Elis,"C1 Faraday Rd, Newbury RG14 2AD, UK",01635 234050,https://uk.elis.com/en/about-elis/contact-us/find-location#!/l/newbury/c1-faraday-road/1768455
England,Kingswinford,Revolution Laundry,"BP, Bromley Ln, Kingswinford DY6 8QF, UK",,https://stores.revolution-laundry.com/en-uk/?utm_source=google&utm_medium=directory&utm_campaign=local_visibility&utm_content=google_maps
England,Fleetwood,Revolution Laundry,"Anchorage Road Affinity, Lancashire Outlet Shopping, Fleetwood FY7 6AE, UK",,https://stores.revolution-laundry.com/en-uk/?utm_source=google&utm_medium=directory&utm_campaign=local_visibility&utm_content=google_maps
England,Fleetwood,Timpson,"Dock St, Fleetwood FY7 6NU, UK",01253 375953,https://www.timpson.co.uk/stores/fleetwood-asda-1
England,Bushey,Revolution Laundry,"Spar - Harvest - Colne, Wiggenhall Rd, Watford WD18 0FS, UK",,https://stores.revolution-laundry.com/en-uk/?utm_source=google&utm_medium=directory&utm_campaign=local_visibility&utm_content=google_maps
England,Newton Abbot,Johnsons The Cleaners,"4 Queen St, Newton Abbot TQ12 2EF, UK",01626 352839,http://www.johnsoncleaners.com/branch/Newton-Abbot-1
England,Evesham,Johnsons The Cleaners,"Abbey Rd, Evesham WR11 4ST, UK",01386 40212,http://www.johnsoncleaners.com/branch/Evesham-Drive-In
England,Evesham,Timpson,"The Link, Evesham WR11 1DX, UK",01386 446982,https://www.timpson.co.uk/stores/Evesham-Morrisons
England,Evesham,Morrisons,"Davies Rd, Evesham WR11 1DX, UK",01386 49351,https://my.morrisons.com/storefinder/247?utm_content=Morrisons+Evesham&utm_medium=localistico&utm_source=google
England,Fulwood,Timpson,"Eastway, Fulwood, Preston PR2 9NP, UK",01772 797335,https://www.timpson.co.uk/stores/Fulwood-Asda-1
England,Newton Aycliffe,Revolution Laundry,"Penny Petroleum Woodham, Burnhill Way, Newton Aycliffe DL5 4UU, UK",,https://stores.revolution-laundry.com/en-uk/?utm_source=google&utm_medium=directory&utm_campaign=local_visibility&utm_content=google_maps
England,Thornaby-on-Tees,Revolution Laundry,"Morrison Supermarkets Plc, Teesside Retail Park, Newmarket Ave, Thornaby, Wm TS17 7BP, UK",,https://stores.revolution-laundry.com/en-uk/?utm_source=google&utm_medium=directory&utm_campaign=local_visibility&utm_content=google_maps
England,Portishead,Johnsons The Cleaners,"5 The Precinct, Portishead, Bristol BS20 6AH, UK",01275 844692,http://www.johnsoncleaners.com/branch/Portishead
England,Portishead,Timpson,"Serbert Rd, Portishead, Bristol BS20 7GD, UK",01275 617556,https://www.timpson.co.uk/stores/portishead-sainsburys
England,Wilmslow,Johnsons The Cleaners,"43 Alderley Rd, Wilmslow SK9 1NZ, UK",01625 525151,http://www.johnsoncleaners.com/branch/Wilmslow
England,Grays Thurrock,Timpson,"1 London Rd, Grays RM17 5XZ, UK",01375 372003,https://www.timpson.co.uk/stores/Grays-Morrisons
England,Grays Thurrock,Timpson,"Cygnet View, West Thurrock, Grays RM20 1TX, UK",01708 861018,https://www.timpson.co.uk/stores/West-Thurrock-Tesco-Extra
England,Oadby,Johnsons The Cleaners,"152 Harborough Rd, Oadby, Leicester LE2 4LD, UK",0116 271 3792,http://www.johnsoncleaners.com/branch/Oadby-Drive-In
England,Oadby,Timpson,"Leicester Rd, Oadby, Frith LE2 4AH, UK",0116 271 3584,https://www.timpson.co.uk/stores/Oadby-Asda-1
England,Chapeltown,Revolution launderette,"Park Garage, Upper Wortley Rd, Scholes, Thorpe Hesley, Rotherham S61 2TA, UK",,https://stores.revolution-laundry.com/en-uk/?utm_source=google&utm_medium=directory&utm_campaign=local_visibility&utm_content=google_maps
England,Esher,Revolution Laundry,"Sgn Service Station Moleside, 3-5 Esher Rd, Hersham, Walton-on-Thames KT12 4JZ, UK",,https://stores.revolution-laundry.com/en-uk/?utm_source=google&utm_medium=directory&utm_campaign=local_visibility&utm_content=google_maps
England,Kenilworth,Johnsons The Cleaners,"7 Warwick Rd, Kenilworth CV8 1HD, UK",01926 864416,http://www.johnsoncleaners.com/branch/Kenilworth-1
England,Droylsden,Revolution Laundry,"17 Droylsden Rd, Audenshaw, Manchester M34 5SP, UK",,https://stores.revolution-laundry.com/en-uk/?utm_source=google&utm_medium=directory&utm_campaign=local_visibility&utm_content=google_maps
England,Stamford,Johnsons The Cleaners,"54 High St, Stamford PE9 2AW, UK",01780 753685,https://www.timpson.co.uk/stores/stamford-high-street/
England,Stamford,Revolution Laundry,"10-12 Green Ln, Stamford PE9 1HF, UK",,https://stores.revolution-laundry.com/en-uk/?utm_source=google&utm_medium=directory&utm_campaign=local_visibility&utm_content=google_maps
England,Belper,Revolution Laundry,"Pottery Service Station, Nottingham Rd, Belper DE56 1JL, UK",,https://stores.revolution-laundry.com/en-uk/?utm_source=google&utm_medium=directory&utm_campaign=local_visibility&utm_content=google_maps
England,Belper,Timpson,"Chapel St, Belper DY56 1YA, UK",01773 599136,https://www.timpson.co.uk/stores/Belper-Morrisons
England,Rawtenstall,Timpson,"Bocholt Way, Rawtenstall, Rossendale BB4 6DB, UK",01706 211183,https://www.timpson.co.uk/stores/Rawtenstall
England,Hindley,Revolution Laundry,"621 Atherton Rd, Hindley Green, Wigan WN2 4SJ, UK",,https://stores.revolution-laundry.com/en-uk/?utm_source=google&utm_medium=directory&utm_campaign=local_visibility&utm_content=google_maps
England,Clevedon,Timpson,"Kenn Rd, Clevedon BS21 6LH, UK",01275 868112,https://www.timpson.co.uk/stores/clavedon-tesco
England,Woodley,Johnsons The Cleaners,"London Rd, Shepherds Hill, Earley, Woodley, Reading RG6 1BB, UK",0118 966 7861,http://www.johnsoncleaners.com/branch/Shepherds-Hill
England,Woodley,Johnsons Cleaners,"Waitrose, 108 Crockhamwell Rd, Woodley, Berkshire, Reading RG5 3JW, UK",0118 969 0438,https://www.johnsoncleaners.com/branch/shepherds-hill
England,Woodley,Launderette Revolution,"658-660 Wokingham Rd, Earley, Reading RG6 7HN, UK",,https://stores.revolution-laundry.com/en-uk/?utm_source=google&utm_medium=directory&utm_campaign=local_visibility&utm_content=google_maps
England,Woodley,Revolution Laundry,"Rugby Football Club, Holme Park Farm Ln, Sonning, Reading RG4 6ST, UK",,https://stores.revolution-laundry.com/en-uk/?utm_source=google&utm_medium=directory&utm_campaign=local_visibility&utm_content=google_maps
England,Woodley,Revolution Laundry,"New Bath Rd, Charvil, Reading RG10 9RL, UK",,https://stores.revolution-laundry.com/en-uk/?utm_source=google&utm_medium=directory&utm_campaign=local_visibility&utm_content=google_maps
England,Crowborough,Revolution Launderette,"Eridge Rd, Crowborough TN6 2SP, UK",,https://stores.revolution-laundry.com/en-uk/?utm_source=google&utm_medium=directory&utm_campaign=local_visibility&utm_content=google_maps
England,Wellington,Launderette Revolution,"Global Fuel, Longforth Rd, Wellington TA21 8RQ, UK",,https://stores.revolution-laundry.com/en-uk/?utm_source=google&utm_medium=directory&utm_campaign=local_visibility&utm_content=google_maps
England,Seaham,Revolution Laundry,"Costcutter, Stockton Rd, Seaham SR7 0HJ, UK",,https://stores.revolution-laundry.com/en-uk/?utm_source=google&utm_medium=directory&utm_campaign=local_visibility&utm_content=google_maps
England,Seaham,Revolution Laundry,"Youth And Community Centre, Queen Alexandra Rd, Seaham SR7 7ND, UK",,https://stores.revolution-laundry.com/en-uk/?utm_source=google&utm_medium=directory&utm_campaign=local_visibility&utm_content=google_maps
England,Hailsham,Timpson,"20, Vicarage Field, Hailsham BN27 1BE, UK",01323 442297,https://www.timpson.co.uk/stores/Hailsham-Vicarage-Field
England,Gainsborough,Revolution Laundry,"Service Station Bridge, Bridge Rd, Gainsborough DN21 1JU, UK",,https://stores.revolution-laundry.com/en-uk/?utm_source=google&utm_medium=directory&utm_campaign=local_visibility&utm_content=google_maps
England,Shoreham-by-Sea,Timpson,"Holmbush centre, Holmbush Centre, Shoreham-by-Sea BN43 6TD, UK",01273 592646,https://www.timpson.co.uk/stores/Shoreham-By-Sea-Tesco
England,Shoreham-by-Sea,Elis,"Unit B3, Evershed Way, Shoreham-by-Sea BN43 6QB, UK",,
England,Stourport-on-Severn,Self Service Launderette by Johnsons Cleaners,"Severn Rd, Stourport-on-Severn DY13 9FB, UK",,https://www.johnsoncleaners.com/
England,Skegness,Revolution Laundry,"PARK GARAGE, 73 Burgh Rd, Churchill Ave, Skegness PE25 2RJ, UK",,https://stores.revolution-laundry.com/en-uk/?utm_source=google&utm_medium=directory&utm_campaign=local_visibility&utm_content=google_maps
England,Mirfield,Revolution Laundry,"Havelock Enterprise, Havelock St, Ravensthorpe, Dewsbury WF13 3LU, UK",,https://stores.revolution-laundry.com/en-uk/?utm_source=google&utm_medium=directory&utm_campaign=local_visibility&utm_content=google_maps
England,Mirfield,Revolution Laundry,"791 Huddersfield Rd MFG, FS387, Ravensthorpe, Dewsbury WF13 3LR, UK",,https://stores.revolution-laundry.com/en-uk/?utm_source=google&utm_medium=directory&utm_campaign=local_visibility&utm_content=google_maps
England,Faversham,Timpson,"Crescent Rd, Faversham ME13 7AS, UK",01795 591998,https://www.timpson.co.uk/stores/Faversham-Tesco-Crescent-Road
England,Horsforth,Timpson,"Holt Rd, Leeds LS16 7RY, UK",0113 261 2605,https://www.timpson.co.uk/stores/adel-asda/?utm_source=google_location&utm_medium=organic&utm_campaign=5740
England,Sandbach,Johnsons The Cleaners,"17 Congleton Rd, Sandbach CW11 1HG, UK",01270 768163,http://www.johnsoncleaners.com/branch/Sandbach-Drive-In
England,Normanton,LAUNDERETTE REVOLUTION,"LONDIS, 311-313 Castleford Rd, Normanton WF6 2HL, UK",,https://stores.revolution-laundry.com/en-uk/england-gbr/normanton/laverie-revolution-laundry-7247406997137860000
England,Ossett,Revolution Laundry,"Murco Petrol Station, 163 Towngate, Ossett WF5 0PP, UK",,https://stores.revolution-laundry.com/en-uk/?utm_source=google&utm_medium=directory&utm_campaign=local_visibility&utm_content=google_maps
England,Saltash,Revolution Laundry,"Callington Road Premier Muthus, Crossways, Saltash PL12 6JA, UK",,https://stores.revolution-laundry.com/en-uk/?utm_source=google&utm_medium=directory&utm_campaign=local_visibility&utm_content=google_maps
England,Featherstone,Revolution Laundry,"Wakefield Road Gulf, Featherstone, Pontefract WF7 5BP, UK",,https://stores.revolution-laundry.com/en-uk/?utm_source=google&utm_medium=directory&utm_campaign=local_visibility&utm_content=google_maps
England,Mexborough,Revolution Laundry,"Bridge St, Swinton, Mexborough S64 8AP, UK",,https://stores.revolution-laundry.com/en-uk/?utm_source=google&utm_medium=directory&utm_campaign=local_visibility&utm_content=google_maps
England,Mexborough,Revolution Laundry,"Co-Op Retail, Station St, Swinton, Mexborough S64 8PZ, UK",,https://stores.revolution-laundry.com/en-uk/?utm_source=google&utm_medium=directory&utm_campaign=local_visibility&utm_content=google_maps
England,Clitheroe,LAUNDERETTE REVOLUTION,"First Floor, Clitheroe BB7 1HU, UK",0800 035 6600,https://stores.revolution-laundry.com/en-uk/england-gbr/clitheroe/laverie-revolution-laundry-8476112814491470000
England,Bromborough,Revolution Laundry,"749 New Chester Rd, Bromborough, Wirral CH62 3PB, UK",,https://stores.revolution-laundry.com/en-uk/?utm_source=google&utm_medium=directory&utm_campaign=local_visibility&utm_content=google_maps
England,Bodmin,Revolution Laundry,"SMART FUELS, 3 Dennison Rd, Bodmin PL31 2LW, UK",,https://stores.revolution-laundry.com/en-uk/?utm_source=google&utm_medium=directory&utm_campaign=local_visibility&utm_content=google_maps
England,Heswall,Timpson,"194 Telegraph Rd, Heswall, Wirral CH60 0AL, UK",0151 342 7909,https://www.timpson.co.uk/stores/Heswall-Telegraph-Road
England,Prescot,Elis,"Stoney Ln, Rainhill, Prescot L35 9LW, UK",0151 493 1772,https://uk.elis.com/en/about-elis/contact-us/find-location#!/l/rainhill/stoney-lane/1768513
England,Prescot,Timpson,"Cables Retail Park, Prescot L34 5NQ, UK",0151 426 0880,https://www.timpson.co.uk/stores/prescot-tesco-1/
