Email Address,SITE,PHONE,TOWN,COUNTRY,SITECOUNT
12345fraser@gmail.com,Woodland Dry Cleaners,01273 881666,Brighton,England,1
20contactus@domitexlaundry.co.uk,DOMITEX LAUNDRY SERVICES,07432 730997,Gloucester,England,1
20info@everlastpro.co.uk,Everlast Pro Oven Cleaning & Repairs Worksop,0114 399 2538,Worksop,England,1
aaronrampling@hotmail.com,Margate 360 Laundromat (Laundry Services),,Margate,England,1
aaskehaley@aol.com,Rugby Laundry & Linen Hire Limited,07887 750130,Rugby,England,1
abouayman@live.co.uk,Laundrette Of Mossley,07740 045641,Ashton-under-Lyne,England,1
accounts@dropngomail.co.uk,Drop N Go Ashford,01233 611119,Ashford,England,1
admin@finishingtouchdrycleaners.co.uk,Finishing Touch Dry Cleaners,0115 923 3625,Nottingham,England,1
admin@laundrydeluxe.co.uk,Laundry De Luxe,07960 024009,Hull,England,1
admin@smartwash1.co.uk,Smartwash Laundrette,01727 860622,St Albans,England,1
admin@thecaringlaundry.co.uk,The Caring Laundry,01656 768222,Bridgend,Wales,1
admin@thelaunderette.co.uk,The Launderette,01603 767302,Norwich,England,1
anapbm@gmail.com,Express Laundry & Dry Cleaning,01926 831900,Leamington Spa,England,1
aqualaundrette@yahoo.com,Aqua Laundry Services,07496 765861,Bedford,England,1
astigma@astigmatic.com,Eastbourne Launderette,01323 723931,Eastbourne,England,1
autocoin331@gmail.com,Autocoin Laundrette & Dry Cleaning,01442 864203,Chesham,England,1
autolocksmith@hotmail.co.uk,East London Dry Cleaners and Locksmith Ltd,07930 453650,Ilford,England,1
bagry@hotmail.co.uk,Madeley Laundry & Dry-Cleaning,01952 585541,Telford,England,1
barkerteds@aol.com,The Laundry Basket by Elise,07771 661364,Farnborough,England,1
barry@rdcr.co.uk,Red Dragon Cleaning & Restoration Ltd.,01269 845718,Tycroes,Wales,1
beefreshlavendry@gmail.com,Bee-Fresh,07971 824611,Southampton,England,1
bestdrycleanerss@hotmail.com,Best Dry Cleaners & Alterations,01708 761070,Romford,England,1
bironing2018@gmail.com,Indra's Ironing,07515 908577,Wokingham,England,1
bluebaylaundryllangollen@gmail.com,"Blue Bay Launderette,Llangollen",01978 869227,Llangollen,Wales,1
bohmantony@gmail.com,5 Corners Laundry & Dry Cleaning,(715) 387-0920,Marshfield,Wales,1
bridgendironingcompany@gmail.com,Bridgend Ironing Company,07894 353260,Sarn,Wales,1
brightlaundryltd@gmail.com,Bright Laundry & Dry Cleaners,07916 536409,Derby,England,1
bromdaleslaundry@gmail.com,Bromdales Ironing Services,07884 436841,St Helens,England,1
cheadle@quickstitch.com,Quick Stitch - Davenport,0161 943 4581,Bramhall,England,1
cheapestservice@hotmail.com,Cheapest Ironing,07862 726230,Bracknell,England,1
chenowith52@gmail.com,The Stow Launderette,01279 454038,Harlow,England,1
circuitgo@circuitgroup.com,Manor Park Laundrette and 4 other launderettes,01422 820026,Guildford,England,5
claire.elliott@favershamtowncouncil.gov.uk,Faversham Market,,Faversham,England,1
classicleanofharrogate@gmail.com,Classiclean of Harrogate,01423 520930,Harrogate,England,1
clean@impressdrycleaning.co.uk,Impress Drycleaner,01254 702445,Darwen,England,1
cleanclothesexpress@yahoo.com,The Laundry & Dry Cleaning Hub,07412 295748,High Wycombe,England,1
cleanerredcar@gmail.com,Cleaner Redcar,01642 424302,Redcar,England,1
cleaning@aigburthcleaners.co.uk,Riverside Dry Cleaners,0151 283 3360,Liverpool,England,1
cleverwriting@aol.com,Laundrette,01202 840413,Bournemouth,England,1
contact.alphalld@gmail.com,Alpha laundrette and Laser Designs,07424 208849,Deal,England,1
contact@amslaundryservices.co.uk,AMS Launderette Services,01204 951010,Bolton,England,1
contact@bandboxlaundry.com,Bandbox Laundry and Dry cleaners and BandBox Laundry & Dry Cleaners Premier Outlet,0161 425 5940,Manchester,England,2
contact@deesdrycleaners.co.uk,Dees Dry Cleaners,01635 863988,Thatcham,England,1
contact@dinanway.com,Dinan Way Laundry Services,01395 262831,Exmouth,England,1
contact@easyironchelmsford.uk,Easy Iron,01245 491401,Chelmsford,England,1
contact@laundrylab.co.uk,Laundry Lab,07596 537358,Leeds,England,1
contact@marinosironing.co.uk,Marino's Ironing Bedford,07976 888762,Bedford,England,1
contact@mrsteedsoflondon.co.uk,"Mr Steeds Dry Cleaners Sutton, Surrey",020 8677 2374,Sutton,England,1
contact@shineoncharity.org.uk,Shine On Community Launderette,0191 261 5234,Newcastle upon Tyne,England,1
contact@thamesdrycleaning.com,Thames Dry Cleaning and Thames Dry Cleaning Pickup,07380 944634,Luton,England,2
contact@wishywashy.co.uk,Wishy Washy - Laundrette Sutton,020 8677 2374,Sutton,England,1
contacthaydn@gmail.com,Truro Launderette,07522 882772,Truro,England,1
contactpickupandpress@sky.com,Pick Up & Press,01633 816121,Newport,Wales,1
customer.care@blanksons.com,"Blankson's Linen Hire, Laundry and Dry Cleaners - Basingstoke",01256 460660,Basingstoke,England,1
customer.services@laundra.co.uk,"Laundra Dry Cleaning, Laundry, Alterations & Repairs - Bristol",0117 403 1831,Bristol,England,1
customerservice@beaumontshopping.co.uk,Beaumont Shopping Centre,0116 235 2561,Leicester,England,1
customerservices@search4local.co.uk,Brynmill Launderette,01792 448721,Swansea,Wales,1
daryl@pudseydrycleaners.co.uk,Pudsey Dry Cleaners,0113 257 7575,Pudsey,England,1
davison.sarah.sd@googlemail.com,SARAH'S LAUNDRY AND IRONING SERVICE,07500 245340,Lincoln,England,1
debbie@copnorcleaners.co.uk,Copnor Launderette & Dry Cleaners,,Portsmouth,England,1
development.i4interface@gmail.com,Gina's Drop 'N' Go,020 3649 8691,Walthamstow,England,1
diane@westburyironing.co.uk,Westbury Ironing,07887 481926,Newcastle-under-Lyme,England,1
dinmanagement@outlook.com,Continental Dry Cleaners & Launderers,01753 860375,Windsor,England,1
driftinlaundry@hotmail.com,Drift-In Launderette & Dry Cleaners,029 2023 9257,Cardiff,Wales,1
easthilllaunderette@gmail.com,East Hill Launderette (Self Service),,Dartford,England,1
easyclean-cumbria1@btconnect.com,Easyclean Launderette Barrow Island,01229 835034,Barrow-in-Furness,England,1
eben@eyebytes.com,The Laundry Hub,07946 620072,Broughton,Wales,1
ecowash@btinternet.com,Ecowash Launderette,07547 774630,Godalming,England,1
eddie@ironeasy.com,Iron Easy,01344 427070,Wokingham,England,1
eisadrycleaners@gmail.com,Eisa Drycleaners & Tailors,01234 325020,Bedford,England,1
elegant_stitches@yahoo.co.uk,Elegant Stitches Wolverhampton,07811 265794,Wolverhampton,England,1
enquires@royalquayscentre.com,Newcastle Quays Retail Park,0191 296 3743,North Shields,England,1
enquiries@absolutelysteaming.co.uk,Absolutely Steaming,01635 869133,Thatcham,England,1
enquiries@awashlaundry.co.uk,Awash Laundry Ltd,01635 869133,Thatcham,England,1
enquiries@beyondlivinggroup.co.uk,Bee Clean Spaces LTD / Beyond laundry Cleaning LTD and Beyond Laundry & Cleaning NW,0161 706 1058,Altrincham,England,2
enquiries@borrasbridal.co.uk,Borras Bridal - Wedding Dress Cleaning,,Gwersyllt,Wales,1
enquiries@bramhallcarpetcleaners.co.uk,Bramhall Carpet Cleaners,07769 687462,Bramhall,England,1
enquiries@eco-drycleaning.com,Erimus Cleaners,01642 812115,Middlesbrough,England,1
enquiries@gladlib.org,Gladstone's Library,01244 532350,Hawarden,Wales,1
enquiries@gslaundryservices.co.uk,G S Laundry Service,01935 700032,Yeovil,England,1
enquiries@iron-maid.com,Iron-Maid Ironing Cleaning,07551 587058,Esher,England,1
enquiries@kathryns-ironing.co.uk,Kathryn's Ironing Service,07909 695479,Pontefract,England,1
enquiries@kleanfreak.co.uk,Klean Freak Ltd,07546 106058,Portishead,England,1
enquiries@launderooltd.co.uk,Launderoo Ltd,01494 623116,High Wycombe,England,1
enquiries@mainwise.co.uk,Mainwise Launderette - Carrington and 3 other launderettes,0115 960 5126,Nottingham,England,4
enquiries@newburylaunderette.co.uk,Laundromat Speed Queen,01635 528529,Newbury,England,1
enquiries@pegandbasket.com,The Peg & Basket Ltd,0113 263 6361,Leeds,England,1
enquiries@pinnynpress.co.uk,Cleaning Tamworth | Ironing | Laundry | Pinny n Press Ltd,01827 838882,Tamworth,England,1
enquiries@protexrestoration.co.uk,ProTex Restoration Ltd and Protex Restoration Ltd,01269 527025,Tycroes,Wales,2
enquiries@regencyboston.co.uk,Regency Grooms,01205 354229,Boston,England,1
enquiries@smartimage-drycleaners.co.uk,Smart Image Dry Cleaners & Laundry Specialists,01603 766692,Norwich,England,1
enquiries@spenlanecleaners.co.uk,Spen Lane Launderette,0113 278 3345,Leeds,England,1
enquiries@the-keymaker.co.uk,Owen Road Laundrette & Key Cutting,07778 457800,Wolverhampton,England,1
enquiries@tiptopironingandcleaning.co.uk,Tip Top Ironing & Cleaning,01279 324759,Harlow,England,1
enquiries@townandcountrylaundry.co.uk,Town and Country Laundry / Dry Cleaners,01626 437930,Newton Abbot,England,1
enquiries@vikinglaundryblackpool.co.uk,Viking Dry Cleaners,01253 344353,Blackpool,England,1
enquiries@yorkshirewash.co.uk,Yorkshire Wash - Laundry & Ironing,01924 654182,Castleford,England,1
enquiry@cardifflaunderette.com,"Cardiff Perfections Launderette, Dry Cleaning and Alterations",029 2169 0360,Cardiff,Wales,1
eplaundryservice@gmail.com,The New City Road Laundry Service,0114 239 0514,Sheffield,England,1
example@domain.com,Lapels and Jacksons Dry Cleaners,(781) 837-4336,Marshfield,Wales,2
example@mysite.com,Bubbles of Rawdon and 6 other launderettes,0113 250 2713,Leeds,England,7
farrallcleaners@gmail.com,Farrall Cleaners Ltd,01270 765090,Sandbach,England,1
fishguardlaundry@gmail.com,Fishguard Laundry Services,01348 872140,Fishguard,Wales,1
forestecocleaners@hotmail.com,Forest Eco Cleaners,020 8521 1170,Walthamstow,England,1
forestgreg64@gmail.com,The Steam Shop,0115 921 2580,Nottingham,England,1
frederic.robinson@email.com,Garddfon Inn,01248 670359,Y Felinheli,Wales,1
frontdesk@buckinghamhotels.co.uk,Buckingham Laundry & Dry Cleaners,01494 442200,High Wycombe,England,1
gill@iron-maidens.co.uk,Iron Maidens,01924 666851,Ossett,England,1
harlow-dry-cleaners@btconnect.com,Bush Fair Launderette and Harlow Dry Cleaners,01279 452464,Harlow,England,2
harrogateironing@gmail.com,Pressed Harrogate Ironing Services,,Harrogate,England,1
heathrowlaundrydrycleaners@gmail.com,Heathrow Launderette & Dry Cleaners,07957 479626,Slough,England,1
hello@allironedout.co.uk,Ironing Matters,07508 743459,Beddau,Wales,1
hello@asndrycleaners.co.uk,ASN Dry Cleaners & Alterations,01708 442160,Hornchurch,England,1
hello@boardofironing.co.uk,Board of Ironing,07972 530134,Bolton,England,1
hello@canton-launderette.co.uk,Canton Launderette,029 2041 1111,Cardiff,Wales,1
hello@canveyironing.co.uk,Canvey Ironing & Laundry,01268 510591,Canvey Island,England,1
hello@cleanersforcauses.com,Cleaners For Causes,0345 900 2931,Gateshead,England,1
hello@company.com,Kemptown Dry Cleaners and Do You Hate Ironing,07506 030001,Brighton,England,2
hello@euroclean.co.uk,Euroclean,0191 477 9029,Gateshead,England,1
hello@everfreshlaundry.com,EverFresh Laundry,01634 303814,Chatham,England,1
hello@hitechlaundry.co.uk,Hi Tech Steam Cleaners and Laundry Shop,01305 760327,Weymouth,England,1
hello@itstrickys.co.uk,Trickys Dry Cleaning & Laundry,01270 914260,Sandbach,England,1
hello@kingsarmspentyrch.com,Kings Arms,029 2089 0202,Pentyrch,Wales,1
hello@ladiesthatlaunder.co.uk,Ladies that Launder,0117 962 4015,Bristol,England,1
hello@launderettebr6.co.uk,The Launderette BR6,07436 396147,Orpington,England,1
hello@launderettesw8.co.uk,The Launderette SW8,020 3859 9745,London,England,1
hello@laundrybird.co.uk,Laundrybird and Quality dry cleaners,07460 675750,Crawley,England,2
hello@luxdon.com,Luxdon Laundry,0191 501 6191,Gateshead,England,1
hello@rfuenzalida.com,Laundry Lane and Amanzi Laundry Self-Service Launderette,0121 714 5164,Birmingham,England,2
hello@sparkledrycleaner.com,Sparkle dry cleaners East Molesey,020 8979 4113,Esher,England,1
hello@speedqueenlaundry.uk,Speed Queen Launderette Halewood,0333 038 9569,Liverpool,England,1
hello@thebridgellangennech.co.uk,The Bridge,01554 821301,Llangennech,Wales,1
hello@thelaundryco.com,The Laundry Co,0191 490 1997,Gateshead,England,1
hello@trianglelaundry.com,The Triangle Launderette,07845 914086,Southampton,England,1
hello@waeshous.co.uk,Waeshous Launderette,0117 924 8697,Bristol,England,1
hello@well.co.uk,Well Pharmacy,01685 840283,Rhymney,Wales,1
help@aakdrycleaners.com,AAK Dry Cleaners,01494 774444,Chesham,England,1
help@ueni.com,Dapper Dry Cleaners,020 8904 5657,Wembley,England,1
hotelcustomer.service@welcomebreak.co.uk,Welcome Break Gordano Services M5,01275 373624,Portishead,England,1
husomm@live.co.uk,Final Touch Tailoring & Mens Wear,07860 917505,High Wycombe,England,1
ilforddrycleaners@gmail.com,Ilford Dry Cleaners and Key Cutting,07774 694552,Ilford,England,1
impallari@gmail.com,The Clean Team Launderette,01992 946946,Hertford,England,1
impressedenquiries@gmail.com,Impressed Launderette,01253 365335,Blackpool,England,1
inaspin2015@outlook.com,In A Spin Launderette (Self Service),01209 710198,Camborne,England,1
info.dawnlloyd.tc@gmail.com,Dry Clean Only,07880 693745,Prudhoe,England,1
info@1stchoicedrycleaners.com,1st Choice Dry Cleaners,07931 192265,Southampton,England,1
info@30degs.co.uk,30 Degrees Launderette & Dry Cleaning and The Denes Launderette,07802 365810,Luton,England,2
info@a1laundries.co.uk,A1 Laundries Ltd,07407 327738,Newcastle upon Tyne,England,1
info@abbeydrycleaner.com,Abbey Dry Cleaners & Laundry,0121 530 8487,Birmingham,England,1
info@ajcleaningservice.co.uk,AJ Laundry Services Ltd,07957 201574,Machynlleth,Wales,1
info@aldsworthwasheteria.co.uk,Aldsworth Washeteria,01903 507680,Worthing,England,1
info@allertonlaunderette.co.uk,Allerton Launderette,01274 483777,Bradford,England,1
info@altrinchamdrycleaners.com,Altrincham Dry Cleaners & Laundry and Press On - Altrincham Dry Cleaners,0161 926 8412,Altrincham,England,2
info@amershamdrycleaners.co.uk,The Natural Laundry by Amersham Dry Cleaners,01494 727051,Chesham,England,1
info@aquadrycleaners-launderette.com,Aqua Dry Cleaners and Launderette,01923 517802,Watford,England,1
info@arkwrightdrycleaners.com,Arkwright Dry Cleaners,0115 986 5716,Nottingham,England,1
info@ashbankgroup.co.uk,Ashbank Commercial Laundry Ltd,01642 763847,Middlesbrough,England,1
info@aycliffecleaning.co.uk,Aycliffe Cleaning Services,01325 327087,Newton Aycliffe,England,1
info@azdrycleaners.co.uk,A & Z Dry Cleaners : Curtain | Prom Dress | Wedding Dress | Leather Cleaners | Laundry & Ironing,01582 965980,Luton,England,1
info@beauchamplaundryservice.co.uk,Beauchamp Laundry Service,07896 998241,Birmingham,England,1
info@billden.co.uk,"BillDen Dry Cleaning, Ironing services",01202 740277,Poole,England,1
info@borodrycleaners.co.uk,Boro Cleaners,0151 334 1961,Birkenhead,England,1
info@borrasdrycleaners.com,Borras Launderette,01978 351768,Rhosllanerchrugog,Wales,1
info@brainloggers.co.uk,Classic Cleaners,020 8546 5138,Kingston upon Thames,England,1
info@bsdrycleaners.co.uk,Baker Street Dry Cleaners and Tailors,07784 131000,London,England,1
info@bubbleslinenandlaundry.co.uk,Bubbles Linen and Laundry Services Ltd,0121 798 2825,Birmingham,England,1
info@busheydrycleaners.com,Bushey Dry Cleaners,020 8950 9993,Bushey,England,1
info@bxdrycleaners.com,B X DRY CLEANERS : CURTAIN | WEDDING DRESS | LEATHER CLEANERS,01923 510751,Bushey,England,1
info@chevinwash.co.uk,Chevin View Launderette,01943 461306,Guiseley,England,1
info@clarendonlaundry.co.uk,Clarendon Laundry | Service Wash & Dry Cleaning | Mon–Fri 9am–6pm and Clarendon Laundry - Dry Cleaning & Service Wash (LONDON ROAD),0116 270 3093,Leicester,England,2
info@classic-goole.co.uk,Classic Cleaners,01405 763930,Goole,England,1
info@clean-laundry.co.uk,Cheltenham laundry,,Cheltenham,England,1
info@cleaner.com,Thames Express Drycleaners Laundry and cleaning Services,01604 796926,Northampton,England,1
info@cleanercare.co.uk,Cleaner Care Ltd,01492 592639,Conwy,Wales,1
info@cleanlinelaundry.co.uk,CLEAN LINE LAUNDRY,01843 609444,Margate,England,1
info@cleanservices.co.uk,CLEAN,0330 818 7001,Slough,England,1
info@colwynbay.info,Posh Wash Launderette,07344 332641,Colwyn Bay,Wales,1
info@creases.uk,Creases Laundry & Dry Cleaners,01494 440653,High Wycombe,England,1
info@crowndrycleaners.uk,Crown Dry Cleaners Ltd,01242 862166,Cheltenham,England,1
info@crystal-cleanltd.co.uk,Crystal Clean Ltd,01977 513947,Pontefract,England,1
info@dianasironing.co.uk,Diana's Ironing service,07843 018997,Rhosllanerchrugog,Wales,1
info@dolly-tub.co.uk,Dolly Tub,01978 353963,Rhosllanerchrugog,Wales,1
info@easylaundry.com,Easy Laundry Burbage,01455 632152,Hinckley,England,1
info@easywash-launderette.co.uk,Easy Wash Launderette,01773 863527,Nottingham,England,1
info@eclipsedrycleaners.co.uk,Eclipse Dry Cleaner’s,0121 707 7220,Solihull,England,1
info@efendi.co.uk,Efendi Dry Cleaners And Tailors- Hornchurch and Efendi Dry Cleaners And Tailors - Brentwood,01708 454992,Hornchurch,England,2
info@email.com,Press Inn - Dry Cleaners Essex,01708 442727,Hornchurch,England,1
info@essexdrycleaners.co.uk,Essex Dry Cleaners & laundry service,01708 745473,Hornchurch,England,1
info@estama.co.uk,Quadrant Shopping Centre,01582 602299,Dunstable,England,1
info@ewelldrycleanlaunderette.co.uk,Ewell Dryclean & Launderette - Epsom,020 3609 9139,Epsom,England,1
info@farnhamdrycleaners.co.uk,Farnham Dry Cleaners,07494 223079,Farnham,England,1
info@fresh-laundry.co.uk,Fresh Laundry,07367 280120,Hawarden,Wales,1
info@freshtouch.com,Fresh Touch Dry Cleaners,07543 547986,Walthamstow,England,1
info@ftcleaningwales.co.uk,Finishing Touches Cleaning Ltd,01554 776777,Llangennech,Wales,1
info@funkydrycleaners.com,I CLEAN DRY CLEANERS - NOW OPEN,07435 786858,Wembley,England,1
info@gideaparkdrycleaners.co.uk,Gidea Park Dry Cleaners,01708 701112,Hornchurch,England,1
info@goldenstitchescheshire.co.uk,GOLDEN STITCHES ESHER,01372 810716,Esher,England,1
info@gundersongroup.com,Tradition Cleaners,(715) 387-4656,Marshfield,Wales,1
info@haloleisure.org.uk,Halo Ogmore Valley Life Centre,01656 678845,Ogmore Vale,Wales,1
info@hambletonlaundry.co.uk,Hambleton Laundry,01253 702721,Poulton-le-Fylde,England,1
info@harefieldlaundrette.co.uk,Harefield Launderette & Dry Ceaning Centre,01924 477161,Batley,England,1
info@hartshopping.co.uk,Green Dry Cleaners & Tailoring,01252 266638,Fleet,England,1
info@hazelwoodlaundry.com,Hazelwood Laundry Services,0161 483 0673,Stockport,England,1
info@hdprofessionalcleaning.co.uk,HD Professional Cleaning Services,07543 810994,Buckley,Wales,1
info@heckofawash.co.uk,Heck Of A Wash,020 8883 0294,London,England,1
info@helliarlaundryservices.com,Helliar Laundry Services,01935 477747,Yeovil,England,1
info@hellolaundry.co.uk,Hello Laundry - Your Dry Cleaning Partner,020 8095 4906,Hornchurch,England,1
info@homeservicesne.co.uk,Home Services N E Ltd,0191 296 6838,Tynemouth,England,1
info@impressedlaundry.co.uk,Impressed laundry,01942 883111,Leigh,England,1
info@jasminelaunderette.com,Jasmine Laundrette,01843 448167,Ramsgate,England,1
info@kims-ironing.co.uk,Kim's Ironing Service,01708 730361,Romford,England,1
info@kittyslaunderette.org.uk,Kitty's Launderette,0151 260 8951,Liverpool,England,1
info@klothingkare.com,"Klothing Kare – Dry Cleaners, Laundry & Alterations",020 8520 1299,Walthamstow,England,1
info@krystalkleen.co.uk,Krystal Kleen,0121 474 3427,Birmingham,England,1
info@lansdownelaundry.com,Lansdowne Laundry Ltd,01926 420107,Leamington Spa,England,1
info@lastingimpressionsironing.co.uk,Lasting Impressions Ironing Service Ltd,07817 660395,Nelson,England,1
info@lattelaundrette.co.uk,The Latte Laundrette,07510 227186,Rushden,England,1
info@launderetteonline.co.uk,Fosseway Laundry Services and Stowe Cleaning Centre,0121 373 6077,Sutton Coldfield,England,2
info@laundrettemaids.co.uk,Laundrette Maids,0113 819 7839,Bradford,England,1
info@laundry-bliss.co.uk,Laundry Bliss Grantham,01476 386138,Grantham,England,1
info@laundryhome.co.uk,Laundry Home,01628 661872,Slough,England,1
info@laundryloungeservice.co.uk,Laundry Lounge,01792 517457,Swansea,Wales,1
info@littleoverlaunderette.com,Littleover Launderette & Dry Cleaners,01332 772122,Derby,England,1
info@loislaundrette.co.uk,Lois Laundrette & Dry Cleaners,01582 477337,Dunstable,England,1
info@magicironingandlaundry.co.uk,Magic Ironing and Laundry,07867 467025,Leeds,England,1
info@maidinnorthwales.com,MINW Laundry House,01492 593924,Conwy,Wales,1
info@mcommercial.co.uk,M Commercial Ltd,01905 317017,Droitwich,England,1
info@mcslaundry.co.uk,MCS Laundry,01305 796974,Dorchester,England,1
info@mdelitecleaningservices.co.uk,MD LAUNDERETTE and MD Elite Cleaning Services Ltd,01803 640041,Torquay,England,2
info@meltonlaunderette.co.uk,Melton Launderette,07961 080575,Leicester,England,1
info@miracledrycleaners.co.uk,Miracle Dry Cleaners And Laundry,020 3441 9255,London,England,1
info@monarchlaundry.net,Monarch Laundry (York) Ltd,01904 691150,York,England,1
info@motherslaundry.co.uk,Mother's Laundry Limited,01794 878339,Southampton,England,1
info@mybostinlaundrette.co.uk,My Bostin Laundrette,01384 596869,Dudley,England,1
info@mydrycleaners.co.uk,Quality Dry Cleaners ltd,020 8642 7676,Sutton,England,1
info@mysite.com,Soapy Suds Launderette,07551 012395,Milton Keynes,England,1
info@new.com,Snow White Laundrette,07885 758405,Clitheroe,England,1
info@newtownlaundryservice.co.uk,Newtown Laundry,01686 626964,Newtown,Wales,1
info@noblelinen.co.uk,Noble linen -Hotel linen- Commercial Laundry service- Gym& Spa- Events-Accommodations-Care-homes,07594 840263,Bradford,England,1
info@novacleanuk.com,Nova Clean Dry Cleaning Industries,01932 262425,Walton-on-Thames,England,1
info@oldstationlaundry.co.uk,Old Station Laundry Company,01208 73772,Bodmin,England,1
info@ostacardifflaunderette.co.uk,OSTA Cardiff Launderette Tailoring & Alterations,029 2132 5923,Cardiff,Wales,1
info@paragondrycleaners.co.uk,Paragon Dry Cleaners & Launderers,01753 518666,Slough,England,1
info@penzancelaunderette.co.uk,Penzance Launderette,07717 756934,Penzance,England,1
info@pimlicolaunderette.co.uk,Pimlico Launderette and Dry cleaner.,07391 001142,London,England,1
info@portisheadcleaning.co.uk,"Portishead Cleaning, Kapka LTD",07858 694273,Portishead,England,1
info@poshwash-regents.com,Posh Wash Launderette & Dry Cleaners,020 7486 6883,London,England,1
info@preenandclean.com,Preen & Clean Pontefract,01977 317004,Pontefract,England,1
info@prettyknitswoolshop.co.uk,Pretty Knits Wool Shop,01325 494440,Darlington,England,1
info@regencydryceanerscheltenham.co.uk,Regency Dry Cleaners,01242 520586,Cheltenham,England,1
info@rh6drycleaners.co.uk,"RH6 Dry Cleaners, Alteration and Laundry",01293 786777,Horley,England,1
info@rinseanddry.com,Rinse and Dry,0114 246 7624,Chapeltown,England,1
info@rubadubdubdrycleaner.co.uk,Rub a Dub Dub,01989 564652,Usk,Wales,1
info@rubadubdublaunderette.co.uk,Rub a Dub Dub,07923 496181,Oxford,England,1
info@savillescleaners.co.uk,Savilles Launderers and Dry Cleaning,,Guildford,England,1
info@selectserviceslaundrydrycleaning.co.uk,Select Services,01902 735300,Wolverhampton,England,1
info@shaunslaundryservice.com,Shauns Laundry Service,01723 364594,Scarborough,England,1
info@sheldonlaundry.co.uk,Sheldon Laundries,0121 742 9000,Birmingham,England,1
info@simplycleaned.co.uk,Simply Cleaned,01202 835222,Bournemouth,England,1
info@simplydrycleaners.co.uk,Simply Dry Cleaners,0113 258 4137,Leeds,England,1
info@simplythebestdrycleaning.co.uk,Simply the Best Dry Cleaners - Chesham,01494 773914,Chesham,England,1
info@snowflakelaundry.co.uk,Snowflake Laundry,01664 562046,Melton Mowbray,England,1
info@snowwhitelaundries.co.uk,Snow White Laundries and 2 other launderettes,029 2023 3550,Cardiff,Wales,3
info@sparkledrycleaner.co.uk,Sparkle Launderette & Dry Cleaners,020 3730 9567,London,England,1
info@speedylaundry.co.uk,Speedy Laundry,01494 445291,High Wycombe,England,1
info@spotandsew.com,Spot & Sew,0116 288 0170,Oadby,England,1
info@starfabriccare.co.uk,Star Fabric Care,0113 266 2333,Horsforth,England,1
info@starlightlaundry.co.uk,Starlight Laundry,07576 170392,Birmingham,England,1
info@starsdrycleaners.co.uk,Stars Dry Cleaners & Laundry,0161 773 2500,Manchester,England,1
info@stokedrycleaner.co.uk,The Stoke Dry Cleaners and Launderers,01483 531611,Guildford,England,1
info@sudscleaners.co.uk,Suds Launderette and Dry Cleaners,0113 253 5876,Leeds,England,1
info@sunshinelaundryservices.co.uk,Sunshine Peterborough Laundry Services LTD,01832 617011,Peterborough,England,1
info@the-washing-well.co.uk,The Washing Well Launderette,01904 783355,York,England,1
info@thecleanbean.co.uk,The Clean Bean,0117 924 1002,Bristol,England,1
info@thedrycleaningco.uk,The Dry Cleaning Co.,0161 928 0518,Altrincham,England,1
info@thelaunderettebradford.co.uk,The Launderette,07460 900271,Bradford,England,1
info@thelaundryinn.com,The Laundry Inn,020 3643 9524,London,England,1
info@thelaundryworx.co.uk,The Laundry Worx,,Newcastle upon Tyne,England,1
info@thelittleironinganddrycleaningshop.co.uk,The Little Ironing and Dry Cleaning Shop,020 8412 7617,Sutton,England,1
info@thewasherworks.co.uk,The Washer Works,0161 560 2982,Urmston,England,1
info@thoughtfulservices.co.uk,Thoughtful Services,020 8407 1078,Croydon,England,1
info@topdoglaundry.com,Top Dog Laundry,07946 381427,Eastbourne,England,1
info@twyncommunityhub.co.uk,Twyn Community Hub,01685 709430,Troed-y-rhiw and Pentrebach,Wales,1
info@ucleanbolton.com,U Clean Ltd,01204 841366,Bolton,England,1
info@uniquealterations.co.uk,Unique Alterations & Dry Cleaning,01925 269001,Warrington,England,1
info@villagedrycleaners.com,Village Dry Cleaners Limited,0161 860 4451,Manchester,England,1
info@wash-dry-fold.co.uk,Wash-dry-fold,07598 898649,Walthamstow,England,1
info@washandsew.co.uk,WASH & SEW,01865 790888,Oxford,England,1
info@washplus.co.uk,WASH PLUS LTD,07307 212317,Leicester,England,1
info@webist.uk,Eco Valet Dry Cleaners,0118 934 2497,Woodley,England,1
info@westburydrycleaners.co.uk,Westbury Dry Cleaners - [Laundry Service ],07526 251401,Newcastle-under-Lyme,England,1
info@westmoorslaunderama.co.uk,West Moors Launderama,07761 832314,Ferndown,England,1
info@weststreetlaundry.co.uk,West Street Laundry,01342 324201,East Grinstead,England,1
info@wigandrycleaners.co.uk,Wigan Dry Cleaners,01942 825655,Wigan,England,1
info@wilsonsdrycleaners.com,Wilsons Dry Cleaners,01582 660755,Dunstable,England,1
info@wncleaningservices.co.uk,WN Cleaning Services,01706 215124,Rawtenstall,England,1
info@wolflaundry.co.uk,Pee Gee Ltd,01642 244471,Middlesbrough,England,1
info@woolstonlaunderette.co.uk,Woolston Launderette,07438 820535,Southampton,England,1
info@zigzagsalterations.co.uk,Zig Zags Alterations Ltd.,0191 415 7783,Washington,England,1
infopembrey@carmarthenshire.gov.uk,Pembrey beach and 2 other launderettes,01554 742435,Pembrey,Wales,3
ir@me-group.com,Wash.me,,Chesterfield,England,1
ironandshinerhuddlan@gmail.com,Iron & Shine,07391 150831,Rhuddlan,Wales,1
jack@wffinbox.co.uk,Foxy Laundry,01202 425404,Bournemouth,England,1
jamaicaroadlaunderette@mail.com,Jamaica Road Launderette,020 7231 9598,London,England,1
jane@framer.com,"Laundry Happy – Dry Cleaning, Laundry, Ironing, Pickup & Delivery",020 3432 6444,Esher,England,1
jason@idlewells.co.uk,Idlewells Shopping Centre,01623 443368,Sutton-in-Ashfield,England,1
jay@blackpoolweb.com,Devonshire Launderette and 10 other launderettes,01253 301517,Blackpool,England,11
jay@eccles.org.uk,Monton Village Laundry Studio,0161 789 3202,Salford,England,1
jay@simplyswindon.com,Swindon Launderette and 2 other launderettes,07955 111600,Swindon,England,3
jay@warringtonfirst.co.uk,Launderette,,Warrington,England,1
jc111777@yahoo.co.uk,Madog Cleaners,01766 512121,Porthmadog,Wales,1
jonathan@washcycle.co.uk,Wash Cycle: Laundry Service Cardiff,07354 244981,Cardiff,Wales,1
julie@gochers.com,Gochers Laundry,01273 455755,Shoreham-by-Sea,England,1
jwinfo@jsg.com,Johnsons Workwear Gateshead,0191 482 0088,Gateshead,England,1
kadirinew@gmail.com,Kadiri Laundrette and Kadiri News,07960 091222,Leicester,England,2
katy@monogramchester.com,Monogram,01244 380216,Broughton,Wales,1
keynsham@washtub.co.uk,Keynsham Wash Tub,0117 329 2262,Bristol,England,1
kingsandqueens.dcl@gmail.com,Kings & Queens Dry Cleaning and Laundrette,020 7112 4886,London,England,1
ladybarnalterations@gmail.com,Ladybarn Launderette - Dry Cleaning & Alteration,0161 248 5274,Manchester,England,1
launderamanewquay@gmail.com,Newquay Launderama,01637 520213,Newquay,England,1
launderette325@gmail.com,Launderette 325,07851 681318,Poole,England,1
launderettehainault@gmail.com,Washeteria,020 8501 1278,Ilford,England,1
laundromatnorwich@gmail.com,Laundromat and Magdalen Launderette,07942 377746,Norwich,England,2
laundry@scrubadub-cleaning.co.uk,Scrubadub Laundry Tywyn,01654 288568,Tywyn,Wales,1
laundryplus.lp@gmail.com,Laundryplus,0161 980 1914,Altrincham,England,1
leedsroadlaundry@gmail.com,Leeds Road Laundry/Launderette,01423 503629,Harrogate,England,1
leonardspillman@hotmail.com,Lennie's Laundrette,07860 489273,Bath,England,1
leontrusk@gmail.com,IRON FREE LIMITED,01322 632171,Erith,England,1
lesleylitherland1965@gmail.com,Monarch Dry Cleaners,01543 574220,Cannock,England,1
lhindhaugh@falsgravedrycleaners.com,Falsgrave Dry Cleaners and Laundry Service,01723 364747,Scarborough,England,1
lisaslaundryservices@gmail.com,Lisa's Laundry Service,01278 426902,Bridgwater,England,1
liza@lyndhurstlaunderette.co.uk,Lyndhurst Launderette,01282 412149,Burnley,England,1
longlanelaunderette@yahoo.co.uk,Long Lane Launderette,020 7403 9259,London,England,1
lorraine@lorrainesironingservices.co.uk,Lorraine’s Ironing Services,07712 134468,Farnham,England,1
luxewhitedrycleaner173@yahoo.com,LUXE WHITE DRY CLEANER'S,020 8546 8513,Kingston upon Thames,England,1
lydia@thekenilworthiron.com,The Kenilworth Iron,01926 851458,Kenilworth,England,1
mageesdrycleaner@hotmail.com,Magee's Dry Cleaners and Magees Commercial Laundry & linen Hire,0151 394 2680,Liverpool,England,2
mail@kingsway-laundry.co.uk,Kingsway Launderette,0117 960 0220,Bristol,England,1
martin@primafranchise.co.uk,Prima Launderette Self Service and 3 other launderettes,01695 579146,Liverpool,England,4
mastercarevalet@gmail.com,Master Care Valet Dry Cleaners,01707 850123,Potters Bar,England,1
maxonline@maxspielmann.com,Max Spielmann - Photo printing Kiosk,,Risca,Wales,1
melanieenglish17@yahoo.com,Pristine Ironing & Clothing Alterations - Harrogate,07403 416626,Harrogate,England,1
misssbojangles42@yahoo.co.uk,Any Old Ironing,07436 928053,Bognor Regis,England,1
mjclean.info@gmail.com,Identiclean Laundrette,01661 243716,Prudhoe,England,1
monarchlaundry.yeovil@gmail.com,Monarch Laundry Yeovil,01935 474001,Yeovil,England,1
moorlanelaundry@gmail.com,Moor Lane Laundrette ltd,01522 217388,Lincoln,England,1
moorlaundry@icloud.com,Moor Laundry,0161 973 0845,Manchester,England,1
nhello@laundrystudio.co.uk,Laundry Studio,01803 714820,Torquay,England,1
nick@betzyscleaningservice.co.uk,Betzys Cleaning Service,07736 509635,Lichfield,England,1
nick@laundryshack.co.uk,Laundry Shack,07860 640850,Lichfield,England,1
noreply.customer@feedback.evri.com,Evri ParcelShop,0330 808 5456,Rogerstone,Wales,1
novaklean@yahoo.co.uk,Nova Klean,01372 273333,Epsom,England,1
nwash@totallaundry.co.uk,Total Laundry,01243 756182,Chichester,England,1
officalcrepinn@gmail.com,Crep Inn,01708 473331,Hornchurch,England,1
office@econclean.co.uk,ECONCLEAN Professional Washing - Pressing - Garment Care,07717 909914,Leamington Spa,England,1
office@parklaundry.net,Park Laundry & Dry Cleaners Ltd,01305 772573,Weymouth,England,1
office@zerodrytime.com,"Zerodrytime Hornchurch, Romford & Billericay",01708 918120,Hornchurch,England,1
olhltd@gmail.com,"The Laundry Hub , Aylesbury",01296 706250,Aylesbury,England,1
paul@monksdrycleaning.co.uk,Monks Dry Cleaning & Laundry,01942 831489,Wigan,England,1
paulaylaundromat@gmail.com,Yeovil Laundromat & Dry Cleaning,01935 427526,Yeovil,England,1
pitstopwf1@gmail.com,Pit Stop Launderette,01924 650440,Deal,England,1
poshwashlaundrette@hotmail.co.uk,Posh Wash Laundrette Services Ltd,01303 270738,Folkestone,England,1
premierlaundryshop@aol.com,Premier Laundry & Ironing Service and Dry Cleaning,07513 868110,Slough,England,1
pressgangnottingham@gmail.com,Pressgang,07764 753395,Beeston,England,1
pressofficevalero@valero.com,Risca Services ( Texaco Service Station) and 3 other launderettes,01633 547373,Risca,Wales,4
queensburydrycleaners@gmail.com,Queensbury Drycleaners & Launderette,020 3686 4411,Harrow,England,1
queensparklaunderette@outlook.com,Queen's Park Launderette,07871 349094,Bournemouth,England,1
rachel.forsythe@sky.com,Ironing Maids,07922 948102,Stamford,England,1
ramshillcleaners@hotmail.co.uk,Ramshill Cleaners,01723 377198,Scarborough,England,1
raybaxter@hotmail.co.uk,Extra Kleen,07773 683457,Middlesbrough,England,1
riojusab@yahoo.co.uk,Presstige Ironing & Dry Cleaning Services,01204 63173,Bolton,England,1
ripleycleaners@gmail.com,Ripley Dry Cleaners,01483 211955,Ripley,England,1
room.lr@gmail.com,The Laundry Room,,Altrincham,England,1
roseacrelaunderette@gmail.com,Roseacre Launderette,01622 296869,Maidstone,England,1
sale@fastlaundry.co.uk,Fast Laundry Ltd,015242 30545,Lancaster,England,1
sales@alphalaundry.co.uk,Alpha Laundry and Dry Cleaners,01604 763330,Northampton,England,1
sales@apexcleaningltd.com,Apex Specialist Cleaning (North Somerset),0117 325 9250,Clevedon,England,1
sales@bentleysdrycleaners.com,Bentley's Quality Dry Cleaners,01494 717004,High Wycombe,England,1
sales@borraslaundryandlinen.co.uk,Borras Laundry & Linen,01978 664724,Gwersyllt,Wales,1
sales@clean-d.co.uk,Clean'd ltd,07756 285451,Risca,Wales,1
sales@cleansupply.co.uk,Clean Supply Ltd,020 8885 6677,Hertford,England,1
sales@gleamingservices.com,Gleaming Services,01952 952115,Telford,England,1
sales@hlsuk.co.uk,Holyhead Laundry Solutions,01407 763355,Holyhead,Wales,1
sales@laundrymachines.co.uk,MAG Laundry Equipment,01422 244733,Bradford,England,1
sales@liverlaundryequipment.co.uk,Liver Laundry Equipment Ltd,0151 263 7451,Liverpool,England,1
sales@mycabbagewhite.com,"Cabbage White Dry Cleaning & Laundry , Dry cleaners in birmingham and Cabbage White Dry Cleaning & Linen Services, Dry cleaners in Moseley",0121 448 6727,Birmingham,England,2
sales@press2impress.co.uk,Press 2 Impress: Laundry Service and Linen Hire in Newtown,07585 046001,Nant-y-moel,Wales,1
sales@pressed-and-fresh.co.uk,Pressed & Fresh Ltd.,07491 966345,Newport,Wales,1
sales@smartydrycleaning.co.uk,Smarty Dry Cleaners,01225 444666,Bath,England,1
sales@toptailoringbasingstoke.com,Top Tailoring,01256 474735,Basingstoke,England,1
sarindr630@gmail.com,Dudley Rd Dry Cleaners,01902 456622,Wolverhampton,England,1
scotforthdrycleaners@yahoo.co.uk,Scotforth Dry Cleaners,01524 381439,Lancaster,England,1
scrubandtumble@gmail.com,Wick Launderette,01903 722014,Littlehampton,England,1
seo@bestatservices.com,BestatLaundry,020 8638 8690,Hornchurch,England,1
service@thewashbox.co.uk,The Washbox Laundrette & Cleaning Services,07818 550628,Reading,England,1
services@washateria.co.uk,Washateria launderette and drycleaning,0118 367 1263,Reading,England,1
services@welfordlaundry.co.uk,Welford Laundry Service Washes & Dry Cleaning Available,0116 403 0584,Leicester,England,1
sevendaylaundry1@outlook.com,Quick Fix Laundry,07350 699271,Newport,Wales,1
shebu@hotmail.co.uk,Topwash Stourport Dry Cleaners,01299 871386,Stourport-on-Severn,England,1
shelleyben2007@outlook.com,Posh Wash Launderette and Butlers specialist Dry-cleaners,01782 745957,Stoke-on-Trent,England,2
sina@bluelagoonlaundryservices.co.uk,Blue Lagoon Laundry Services Ltd,01204 389374,Bolton,England,1
sirkkhan@gmail.com,Green Laundrette & Dry Cleaning,07965 733733,London,England,1
smallhouselaundry@gmail.com,Small House Laundry,07562 703781,Halifax,England,1
smartlaunderettesales@gmail.com,Smart Launderette and Linen Hire,07732 238973,Darlington,England,1
smason71@yahoo.com,Crystal Clean,07775 851718,Llandrindod Wells,Wales,1
snowdonscc@gmail.com,Snowdon Street Commercial Cleaners,07818 108486,Porthmadog,Wales,1
soapysudsshinelaundry@gmail.com,Soapy Suds Launderette,024 7650 2101,Coventry,England,1
southgatelaundrette@gmail.com,Southgate Laundry Services,07572 262396,Crawley,England,1
sovereigndrycleaner@gmail.com,Sovereign Dry Cleaner (Ware) Ltd,01920 469287,Hertford,England,1
sparklescleaners2010@googlemail.com,Sparkles launderette,01262 604752,Bridlington,England,1
stitchbystitch47@gmail.com,Stitch by Stitch,01543 321869,Lichfield,England,1
stratford1@yahoo.co.uk,Five Star Dry Cleaners,020 8597 1535,Romford,England,1
support@laundry-express.co.uk,Laundry Express Colchester,07777 367076,Colchester,England,1
support@priorydrycleaners.co.uk,"Priory Dry Cleaners & Laundry, Brockworth and 2 other launderettes",01452 864783,Gloucester,England,3
support@upwardli.zendesk.com,Western Union,0800 265756,Conwy,Wales,1
support@webador.com,Laundromat and St John's Launderette,01273 327972,Brighton,England,2
thedevilslaundry@gmail.com,The Devil's Laundry,,Wellingborough,England,1
theironingservice@yahoo.co.uk,Clean Clothes Ltd,01753 855289,Windsor,England,1
thelaundrycentre@yahoo.co.uk,St. James's Laundry Centre,01273 672395,Brighton,England,1
thelaundryloungecheshire@gmail.com,The Laundry Lounge,07494 110310,Northwich,England,1
tomsimplylaundry@gmail.com,Simply laundry,07710 264065,Huddersfield,England,1
travellingkelly@hotmail.co.uk,Just Iron It,07764 181688,Basingstoke,England,1
trelaunderette@gmail.com,Trelawney Launderette,01326 312677,Falmouth,England,1
tudordrycleanersltd@btconnect.com,Tudor Dry Cleaners,01276 38384,Sandhurst,England,1
twblaundry@gmail.com,TWB Laundry Peterborough,01733 686446,Peterborough,England,1
tygolchi@outlook.com,Tŷ Golchi,01248 671922,Y Felinheli,Wales,1
user@domain.com,Launder & Press | Heaton and 5 other launderettes,0191 429 0281,Newcastle upon Tyne,England,6
vetsalaundrette@gmail.com,Vesta Laundrette,01727 641461,St Albans,England,1
wadsworth@blueyonder.co.uk,Lords Specialist Dry Cleaners,01634 862030,Chatham,England,1
wahedrahmani@hotmail.com,Lillie launderette &Drycleaning,020 7385 6162,London,England,1
windmill.laundry.drycleaners@gmail.com,Windmill Laundry & Dry Cleaners Ltd,01384 386158,Halesowen,England,1
windmillaundry@outlook.com,Windmill Launderette,01253 862277,Blackpool,England,1
woolwichexpressdc@gmail.com,Woolwich Express Dry Cleaners,020 8317 8703,Woolwich,England,1
wrdcleicester@gmail.com,Whiterose Drycleaner,07448 926378,Leicester,England,1
your@email.com,Mono- gram Luxury Laundrette Salon,07424 689598,Peterborough,England,1
zestlaundry@hotmail.com,Zest Laundry & Dry Cleaners,01628 290607,High Wycombe,England,1
zu_lfiqar@live.co.uk,Edgware Dry Cleaners Ltd,020 8951 1479,Edgware,England,1
