Email Address,SITE,PHONE,REGION,SITECOUNT
aaron@cityestateslondon.co.uk,City Estates (London) Ltd,02088095051,London,1
accounts@andrewpurnell.co.uk,Andrew Purnell &amp; Co,020 8879 7888,London,1
accounts@becbromprop.co.uk,Beckenham and Bromley Property Management Limited,,London,6
admin@accordantestates.com,Accordant Estates Company Limited,01268421180,South East,4
admin@bcpblockmanagement.co.uk,Blockcontrol Partnership Ltd,01618837737,South West,4
admin@beardandayers.com,Beard and Ayers Limited,01234343359,South East,4
admin@burnshamilton.co.uk,Burns Hamilton,01202391663,South West,7
agnieszka@colinbibra.com,Colin Bibra Estate Agents Limited,02085670077,London,1
alex.kane@boydens.co.uk,Boydens Ltd,01206764321,South West,5
all@fifieldglyn.com,Fifield Glyn,02076296457,North West,1
alyx.chapple@ipm.uk,Inspired Property Management Limited,01302729500,Yorkshire,1
alyx.chapple@remus-mgmt.co.uk,Fexco Property Services (Management) Limited t/a Remus Management Ltd,01722328685,West Midlands,2
amy.plummer@alliancema.co.uk,Alliance Managing Agents Limited,02033281950,London,1
amy.ryan@omniaestates.com,Omnia Estates Ltd,01142792840,Yorkshire,1
andrew.egerton@de-bm.com,Dickinson Egerton Block Management,01422893726,Yorkshire,1
andrew@adandywren.com,A Dandy Wren,07557356286,London,1
andrew@art-mbm.com,ART-M Block Management Limited,07984 587246,London,1
ann@intercity-accommodation.co.uk,Intercity Accommodation LLP,0113 2302303,Yorkshire,1
block@charlescox.co.uk,Charles Cox Property Management,01323 894400,South West,5
blockmanagement@altus-pm.com,,020 8439 8529,London,1
blockmanagement@appointmoor.co.uk,Appointmoor Estates,01702 719966,South West,5
blockmanagement@centro.plc.uk,Centro Plc,0208401 1000,London,1
blocks@aristonproperty.co.uk,Ariston Properties Limited,02072729988,London,1
bobjones@compton.group,Compton Property Management Ltd,01792 315500,Wales,1
cgw@clarewarnham.co.uk,,07980 353220,East of England,3
chris@townandcity.com,Town &amp; City Management Limited,01325 389689,Yorkshire,1
clients@aclblockmanagement.co.uk,ACL Block Management,01223 953355,South East,4
colin@ccpropman.com,Colin Cohen Property Management,07808953003,London,1
customerservice@rmguk.com,Residential Management Group Ltd,0345 002 4444,Yorkshire,1
daniel@b-a-o.com,,01513342933,South West,4
david.broome@dauntonssoar.co.uk,Dauntons Soar Management Limited,02039843520,London,1
dolores@aptpropertymanagement.co.uk,APT Property Management Limited,07740107622,South East,4
douglas@jwblockmanagement.co.uk,JW Block Management Limited,02921 671444,Wales,1
em@acorngroup.co.uk,Acorn Estate Management Ltd,02083156980,London,6
enquiries@amsbm.co.uk,AM Surveying &amp; Block Management,01732220598,South West,5
enquiries@assetpropertymanagement.co.uk,Asset Property Management Limited,01202 532898,South West,4
enquiries@bartleymanagement.co.uk,Bartley Management Limited,0345 017 9969,South West,7
enquiries@belmontpm.com,Belmont Property Management,01872260606,South West,4
enquiries@cem.co.uk,Churchill Estates Management Limited,01425888910,London,9
enquiries@denfords.co.uk,Denfords Property Management,02380386970,West Midlands,2
enquiries@dngbm.co.uk,D&amp;G Block Management,0207 932 8500,London,1
enquiries@homesteadcsl.co.uk,Homestead Consultancy Services Ltd,01253640040,Wales,1
enquiries@kemptonlettings.co.uk,Christopher Laughton T/A Kemptons Lettings,01932 784 222,London,1
enquiries@westquayproperty.co.uk,Westquay Property Management Ltd,01446506079,Wales,1
estate@centrick.co.uk,Centrick Limited,0330  012 4125,South West,7
estatemanagement@rhseelandco.com,RH Seel &amp; Co Limited,02920370100,Wales,1
gemma.johnson@allsop.co.uk,Allsop Letting and Management Limited,01132902509,Yorkshire,1
george@arko.co.uk,Arko Property Management Limited,01424439786,South West,5
giles.birt@birtandco.co.uk,Birt &amp; Co,01834842204,Wales,1
hannah.m@ashtonsnet.com,Mulberry PM Ltd,01904 655200,Yorkshire,1
hello@brooksestates.co.uk,,01872 309369,South West,4
hello@horizonmanagement.co.uk,Horizon Management,0300 030 1035,Yorkshire,1
hello@purebm.co.uk,Pure Block Management Limited,01482 326677,Yorkshire,1
hello@we-pm.co.uk,Warwick Estates Property Management Limited,0127 995 7400,Wales,2
info@2manageproperty.co.uk,2ManageProperty Ltd,01932 705917,London,6
info@absolutepms.co.uk,Absolute Property Management Solutions Ltd,07779197654,Wales,1
info@adurproperty.net,Adur Property Management Ltd,01273 252526,South West,5
info@albionresidentials.com,,02037578838,London,1
info@alphahousingservices.co.uk,Alpha Housing Services Limited,01823270661,South West,4
info@aspectpropertymanagement.co.uk,Aspect Property Management Limited,02078281664,London,5
info@austinrees.com,Austin Rees Limited,01273207501,South West,5
info@bbm.co.uk,Burkinshaw Block Management,01892 501100,South West,5
info@blockliving.co.uk,Blockliving Limited,0808 178 3270,South West,4
info@bns.co.uk,BNS Limited,01179570809,South West,4
info@boldandreeves.co.uk,Bold and Reeves Limited,0207 408 7590,London,1
info@bowood.com,Bowood (London) Limited,02072236940,London,1
info@brackenbury-management.co.uk,Brackenbury Property Management Ltd,02030023600,London,1
info@brunsfield.co.uk,Brunsfield Ltd,0203 6017676,London,1
info@bwresidential.co.uk,BW Residential Limited,02380847111,London,8
info@cadmusproperty.co.uk,Cadmus Property,0208 064 1984,London,1
info@carringtonsrml.co.uk,Carringtons Residential Management Limited,01279 701239,South West,5
info@casserlypm.co.uk,Casserly Property Management,01617876197,South West,4
info@cleaverproperty.co.uk,Cleaver Property Management Ltd,01189787182,East of England,2
info@commerson.co.uk,Commerson Estate Management Ltd,03301112610,Wales,4
info@connectuknationwide.co.uk,Connect UK (Nationwide) Ltd,01293665642,East of England,4
info@cosgroves.co.uk,Cosgroves Block Management,02392 827827,East of England,4
info@covman.co.uk,Covenant Management Limited,01993899840,East of England,1
info@denarpropertymanagement.co.uk,Denar Property Management,02035511022,London,3
info@dillonsproperty.co.uk,Dillons Management Limited,02075615230,London,1
info@dnaproperties.co.uk,DNA Property Management Services,01179200141,West Midlands,2
info@encoreestates.co.uk,Encore Estate Management Ltd,01223 866980,West Midlands,2
info@fairways.net,,01142749999,Yorkshire,1
info@haymarketmanagement.com,Haymarket Block Management,0161 549 0909,Yorkshire,1
info@pp-mm.co.uk,Premier Property Management &amp; Maintenance,01226770088,Yorkshire,1
info@premierestates.co.uk,Premier Estates Limited,0345 491 8899,Wales,2
info@principleestate.co.uk,Principle Estate Management,01212894315,Yorkshire,1
info@urbanbubble.co.uk,Urbanbubble Limited,01612363344,Wales,2
info@watsonpm.co.uk,Watson Property Management,01132738788,Yorkshire,1
info@zenithmanagement.co.uk,Zenith Management Limited,01612451166,Wales,2
james@exclusivepm.co.uk,Exclusive Property Management Ltd,01217077727,West Midlands,2
jps@trinityestates.com,Trinity Estates Property Management Limited,03453451584,Wales,2
jsinclair@caxtons.com,Caxtons Property Consultants,01474537733,London,6
l.teshima@charlecote.co.uk,,01962 353777,South West,4
landrews@proximpm.co.uk,Proxim Property Management Ltd,01789713112,Yorkshire,1
leaseholdadmin@andrewsonline.co.uk,Andrews Letting &amp; Management,0117 9294400,South West,4
legal@bluepropertymanagementuk.com,Blue Property Management UK Limited,033,South West,8
lettings@smart-lettings.co.uk,Tovey Developments Limited T/A Smart Lettings,01656657033,Wales,1
luke@eppcs.co.uk,,07783723988,Yorkshire,1
lyndsey@cannonjones.co.uk,Cannon Jones Estate Management Ltd,01564492998,South West,4
mail@bpsltd.co.uk,Banner Property Services Limited,01628522888,London,6
management@bpm.london,,020 4592 0146,London,1
management@bunnandco.com,Bunn &amp; Co (London) ltd,02078343733,London,1
management@castlereagh.co.uk,Castlereagh Management Limited,02072589670,London,1
management@scanlanspm.com,Scanlans Property Management LLP,01612368888,Yorkshire,1
manoela.lopes@urang.co.uk,Urang Property Management Ltd,020 7751 8095,Yorkshire,1
marie@pottsgray.co.uk,Potts Gray Management Company Ltd,03300104188,Yorkshire,1
martin.holt@allres.co.uk,,07795843127,South West,5
michaelb@psandb.co.uk,C G Spratt and Son,01903 234343,South West,5
n.bevan@eastonbevins.co.uk,Easton Bevins,01179443000,West Midlands,2
neil@wppmc.com,Western Permanent Property,02920235151,Wales,1
nick.chatt@butlinps.co.uk,Butlin Property Services,01162703705,South East,5
nick@courtneygreen.co.uk,Courtney Green Block &amp; Estate Management,01403246170,East of England,1
office@bathleasehold.co.uk,BLM Estate Management,01225632222,South West,4
office@cleverpropertymanagement.co.uk,,01304799860,East of England,2
olivia@bpmanagement.org,Belgarum Property Management Ltd,08002980069,South West,7
peter.barber@mccarthyandstone.co.uk,McCarthy Stone,07884557652,Wales,2
philippa.dowson@collinsonhall.co.uk,Collinson Hall,01727843222,East of England,2
pippa@carrickandreid.co.uk,,01512944342,South West,4
pm@ajestateagents.co.uk,Anthony James Consultancy Ltd,01704545800,South West,4
pm@aspire-management.co.uk,Aspire Block and Estate Management Limited,01923 372169,London,6
pm@bluecrystallondon.co.uk,Blue Crystal Property Management,07957358959,London,1
property@cotleigh.com,Cotleigh Property,02088020111,London,1
property@cottons.co.uk,Cottons Chartered Surveyors,01212472030,West Midlands,3
rachael.ball@specialistpm.com,Specialist Property Asset Management Ltd,01217253620,Wales,2
rebecca.struve@rendallandrittner.co.uk,Rendall and Rittner Ltd,02077020701,Yorkshire,1
robbie@adelaidejones.co.uk,Adelaide Jones,020 7725 5800,London,1
sandra@mcrpi.co.uk,Expert Property Management Ltd,07536986395,West Midlands,2
sheetel@diamondmove.co.uk,,07960017644,London,1
support@clearbm.com,Clear Building Management Limited,0333 344 4996,West Midlands,3
tmccabe@broadoakmanagement.co.uk,Broadoak Management Limited,01525 211548,London,8
vicky.moss@cluttons.com,Cluttons LLP,02074081010,London,1
welcome@b2bproperty.co.uk,,01296821296,South West,5
yolanda@dfcpm.co.uk,DFC Property Management Limited,01903874108,West Midlands,2
