Name,Region,Address,Phone,Email,Website
2ManageProperty Ltd,London,"13 Loudwwater Close, Delta Way, Sunbury on Thames, TW66DD",01932 705917,info@2manageproperty.co.uk,https://2mangeproperty.co.uk
A Dandy Wren,London,"13a Building Two, 190 New North Road, Canonbury Yard, London, N1 7BJ",07557356286,andrew@adandywren.com,https://www.adandywren.com
ART-M Block Management Limited,London,"55a Tetherdown, London, N10 1NH",07984 587246,andrew@art-mbm.com,https://www.art-mbm.com
Acorn Estate Management Ltd,London,"Acorn Estate Management, 9 St Marks Road, Bromley, BR2 9HG",02083156980,em@acorngroup.co.uk,https://www.acorngroup.co.uk/estatemanagement
Adelaide Jones,London,"116 Seymour Place, London, W1H 1NW",020 7725 5800,robbie@adelaidejones.co.uk,https://www.adelaidejones.co.uk
,London,"124 City Road, United Kingdom, London, EC1V 2NX",02037578838,info@albionresidentials.com,https://N/A
Alliance Managing Agents Limited,London,"6 Cochrane House, Admirals Way, London, E14 9UD",02033281950,amy.plummer@alliancema.co.uk,http://www.alliancema.co.uk
,London,"9-11 The Quadrant, Richmond, TW9 1BP",020 8439 8529,blockmanagement@altus-pm.com,https://altus-pm.com/
Andrew Purnell &amp; Co,London,"38 Lambton Road, Raynes Park, Raynes Park, London, SW20 0LP",020 8879 7888,accounts@andrewpurnell.co.uk,https://www.andrewpurnell.co.uk/
Ariston Properties Limited,London,"Ariston Property 528-530 Hornsey Road, London, N19 3QN",02072729988,blocks@aristonproperty.co.uk,https://www.aristonproperty.co.uk
Aspect Property Management Limited,London,"2 Hills Road, Cambridge, CB2 1JP",02078281664,info@aspectpropertymanagement.co.uk,https://www.aspectpropertymanagement.co.uk/
Aspire Block and Estate Management Limited,London,"Aspire Block and Estate Management Limited, 395B Wenta Business Centre, Colne Way, Watford, WD24 7ND",01923 372169,pm@aspire-management.co.uk,https://www.aspire-management.co.uk
BW Residential Limited,London,"Unit 7 Chevron Business Park, Lime Kiln Lane, Southampton, SO45 2QL",02380847111,info@bwresidential.co.uk,https://www.bwresidential.co.uk
Banner Property Services Limited,London,"Unit 2 Devonshire House, Cliveden Office Village, Lancaster Road,, High Wycombe, HP12 3YZ",01628522888,mail@bpsltd.co.uk,https://www.bpsltd.co.uk/
Beckenham and Bromley Property Management Limited,London,"27 Seven Acres, New Ash Green, 27 Seven Acres, Longfield, DA3 8RN",,accounts@becbromprop.co.uk,http://www.becbromprop.co.uk/
,London,"Fourth Floor Office, 12 St George Street, Mayfair, Mayfair, London, W1S 2FB",020 4592 0146,management@bpm.london,https://bpm.london
Blue Crystal Property Management,London,"VENTURE X, Building 7, 566 Chiswick High Road, London, W4 5YG, 566 Chiswick High Road, London, W4 5YG",07957358959,pm@bluecrystallondon.co.uk,https://bluecrystallondon.co.uk
Bold and Reeves Limited,London,"2nd Floor, 24 Ives Street, 52 Mount Street, London, SW3 2ND",0207 408 7590,info@boldandreeves.co.uk,https://www.boldandreeves.co.uk
Bowood (London) Limited,London,"160 Falcon Road, Battersea, Battersea, SW11 2LN",02072236940,info@bowood.com,https://www.bowood.com
Brackenbury Property Management Ltd,London,"59 Glenthorne Road, London, W6 0LJ",02030023600,info@brackenbury-management.co.uk,https://www.brackenbury-management.co.uk
Broadoak Management Limited,London,"Unit 7 Hockliffe Business Park, Hockliffe, LU7 9NB",01525 211548,tmccabe@broadoakmanagement.co.uk,https://www.broadoakmanagement.com
Brunsfield Ltd,London,"Frameworks, 3rd Floor, 129 Oxford Street, 129 Oxford Street, London, W1D 2HZ",0203 6017676,info@brunsfield.co.uk,https://www.brunsfield.co.uk
Bunn &amp; Co (London) ltd,London,"18, Churton Street, SW1V 2LL",02078343733,management@bunnandco.com,https://www.bunnandco.com
Cadmus Property,London,"GWS, 65 Alfred Road, 128 City Road, London, W2 5EU",0208 064 1984,info@cadmusproperty.co.uk,https://www.cadmusproperty.co.uk/
Castlereagh Management Limited,London,"87 York Street, London, W1H 4QB",02072589670,management@castlereagh.co.uk,https://castlereagh.co.uk
Caxtons Property Consultants,London,"49-50 Windmill Street, 49/50 Windmill Street, Gravesend, DA12 1BG",01474537733,jsinclair@caxtons.com,https://www.caxtons.com
Centro Plc,London,"Centro Plc, Mid-Day Court, 30 Brighton Road, Sutton, SM2 5BN",0208401 1000,blockmanagement@centro.plc.uk,https://www.centro.plc.uk/
Christopher Laughton T/A Kemptons Lettings,London,"Ritzbury House Bridgefoot, Green Street, Green Street, TW16 6QA",01932 784 222,enquiries@kemptonlettings.co.uk,https://www.kemptonlettings.co.uk
Churchill Estates Management Limited,London,"McCarthy House, Yeoman Road, Ringwood, BH24 3FA",01425888910,enquiries@cem.co.uk,https://www.cem.co.uk/
City Estates (London) Ltd,London,"141a Stamford Hill, London, N16 5LG",02088095051,aaron@cityestateslondon.co.uk,https://N/a
Cluttons LLP,London,"Yarnwicke, 119-121 Cannon Street, 119-121 Cannon Street, London, EC4N 5AT",02074081010,vicky.moss@cluttons.com,https://www.cluttons.com
Colin Bibra Estate Agents Limited,London,"204 Northfield Avenue, London, W13 9SJ",02085670077,agnieszka@colinbibra.com,https://www.colinbibra.com/
Colin Cohen Property Management,London,"21 Oakdene Park, London, N3 1EU",07808953003,colin@ccpropman.com,https://ccpropman.com
Cotleigh Property,London,"23 - 24 The Green, Southgate, N14 6EN",02088020111,property@cotleigh.com,https://www.cotleigh.com
Crabtree PM Limited,London,"Fisher House, 84 Fisherton Street, Salisbury, Wiltshire, E14 9FH",020 8371 7070,,http://www.crabtreeproperty.co.uk
D&amp;G Block Management,London,"4th Floor, 192/ 198 Vauxhall Bridge Road, London, SW1V 1DX",0207 932 8500,enquiries@dngbm.co.uk,https://www.dngbm.co.uk
Dauntons Soar Management Limited,London,"8 Denbigh Street, Pimlico, Pimlico, SW1V 2 ER",02039843520,david.broome@dauntonssoar.co.uk,https://www.dauntonssaor.co.uk
Denar Property Management,London,"Unit AH36, Argent House, Seven Kings Way, The Royal Quarter, Surbiton, KT6 7LD",02035511022,info@denarpropertymanagement.co.uk,https://www.denarpropertymanagement.co.uk/
,London,"Unit 1b 694-712 London Road, Hounslow, TW3 1PG",07960017644,sheetel@diamondmove.co.uk,https://www.diamondmove.co.uk
Dillons Management Limited,London,"619 Holloway Road, London, WD6 1QN",02075615230,info@dillonsproperty.co.uk,https://www.dillonsproperty.co.uk
2ManageProperty Ltd,South West,"13 Loudwwater Close, Delta Way, Sunbury on Thames, TW66DD",01932 705917,info@2manageproperty.co.uk,https://2mangeproperty.co.uk
,South West,"54 Guildford Road Horsham, Guildford Road, Horsham, RH12 1LX",07795843127,martin.holt@allres.co.uk,https://www.allres.co.uk
AM Surveying &amp; Block Management,South West,"Penelope House, Westerhill Road, Coxheath Kent ME17 4DH, Coxheath, ME17 4DH",01732220598,enquiries@amsbm.co.uk,https://www.amsbm.co.uk/
Acorn Estate Management Ltd,South West,"Acorn Estate Management, 9 St Marks Road, Bromley, BR2 9HG",02083156980,em@acorngroup.co.uk,https://www.acorngroup.co.uk/estatemanagement
Adur Property Management Ltd,South West,"27 Anchor Close, Shoreham-by-Sea, BN43 5BY",01273 252526,info@adurproperty.net,https://www.adurproperty.net
Alpha Housing Services Limited,South West,"1st Floor, 1 Chartfield House, Castle Street, Taunton, TA1 4AS",01823270661,info@alphahousingservices.co.uk,https://www.alphahousingservices.co.uk
Andrews Letting &amp; Management,South West,"42B High Street, Pixash Lane, Keynsham, Keynsham, BS31 1DX",0117 9294400,leaseholdadmin@andrewsonline.co.uk,https://www.andrewsonline.co.uk
Anthony James Consultancy Ltd,South West,"Charlotte House, 35-37 Hoghton Street,, 35-37 Hoghton Street, Southport, Southport, PR9 0NS",01704545800,pm@ajestateagents.co.uk,https://www.ajestateagents.co.uk
Appointmoor Estates,South West,"72 The Ridgeway, Westcliff-On-Sea, SS0 8NU",01702 719966,blockmanagement@appointmoor.co.uk,https://www.appointmoor.co.uk
Arko Property Management Limited,South West,"29 Cornwallis Street, Hastings, TN34 1SS",01424439786,george@arko.co.uk,https://Arko.co.uk
Aspire Block and Estate Management Limited,South West,"Aspire Block and Estate Management Limited, 395B Wenta Business Centre, Colne Way, Watford, WD24 7ND",01923 372169,pm@aspire-management.co.uk,https://www.aspire-management.co.uk
Asset Property Management Limited,South West,"218 Malvern Road, Bournemouth, 218 Malvern Road Bournemouth BH9 3BX, Bournemouth, BH9 3BX",01202 532898,enquiries@assetpropertymanagement.co.uk,https://www.assetpropertymanagement.co.uk
Austin Rees Limited,South West,"Austin Rees Ltd, 135-137 Dyke Road, Hove, BN3 1TJ",01273207501,info@austinrees.com,https://www.austinrees.com
,South West,"2nd Floor, Market House, Market House, Market Square, Aylesbury, HP20 1TN",01296821296,welcome@b2bproperty.co.uk,https://b2bproperty.co.uk
BLM Estate Management,South West,"9 Margaret&#x27;s Buildings, Bath, BA1 2LP",01225632222,office@bathleasehold.co.uk,https://www.bathleaseholdmanagement.co.uk
BNS Limited,South West,"18 Badminton Road, Downend, Bristol, BS16 6BQ",01179570809,info@bns.co.uk,https://www.bns.co.uk
BW Residential Limited,South West,"Unit 7 Chevron Business Park, Lime Kiln Lane, Southampton, SO45 2QL",02380847111,info@bwresidential.co.uk,https://www.bwresidential.co.uk
Banner Property Services Limited,South West,"Unit 2 Devonshire House, Cliveden Office Village, Lancaster Road,, High Wycombe, HP12 3YZ",01628522888,mail@bpsltd.co.uk,https://www.bpsltd.co.uk/
Bartley Management Limited,South West,"Newfrith House, 21 Hyde Street, Winchester, SO23 7DR",0345 017 9969,enquiries@bartleymanagement.co.uk,https://www.bartleymanagement.co.uk
Beckenham and Bromley Property Management Limited,South West,"27 Seven Acres, New Ash Green, 27 Seven Acres, Longfield, DA3 8RN",,accounts@becbromprop.co.uk,http://www.becbromprop.co.uk/
Belgarum Property Management Ltd,South West,"Belgarum Property Management, Old Manor Nursery, Kilham Lane, Winchester, SO22 5QD",08002980069,olivia@bpmanagement.org,https://www.belgarum-property.co.uk/
Belmont Property Management,South West,"Belmont Management Services (South West) Limited, Daniell House, Falmouth Road, Truro, TR1 2HX",01872260606,enquiries@belmontpm.com,https://www.belmontpm.co.uk
Blockcontrol Partnership Ltd,South West,"Rico House, George Street, Prestwich, M25 9WS",01618837737,admin@bcpblockmanagement.co.uk,http://www.blockcontrolpartnership.co.uk/
Blockliving Limited,South West,"Bonded Warehouse, 18 Lower Byrom Street, 18 Lower Byrom Street, Manchester, M3 4AP",0808 178 3270,info@blockliving.co.uk,https://www.blockliving.co.uk
Blue Property Management UK Limited,South West,"3 East Circus Street, Nottingham, NG1 5AF",033,legal@bluepropertymanagementuk.com,http://www.bluepropertymanagementuk.com/
Boydens Ltd,South West,"Boydens Limited, Aston House, 57-59 Crouch Street, Colchester, CO3 3EY",01206764321,alex.kane@boydens.co.uk,https://www.boydens.co.uk
,South West,"12 High Street, Wirral, CH62 7HA",01513342933,daniel@b-a-o.com,https://b-a-o.com
Broadoak Management Limited,South West,"Unit 7 Hockliffe Business Park, Hockliffe, LU7 9NB",01525 211548,tmccabe@broadoakmanagement.co.uk,https://www.broadoakmanagement.com
,South West,"Kestrel House, 8a Calenick Street, 8a Calenick Street, Truro, TR1 2SF",01872 309369,hello@brooksestates.co.uk,https://www.brooksestates.co.uk
Burkinshaw Block Management,South West,"5 Birling Road, Tunbridge Wells, TN2 5LX",01892 501100,info@bbm.co.uk,https://www.bbm.co.uk
Burns Hamilton,South West,"Burns Hamilton, Hawthorn House, 1 Lowther Gardens, Bournemouth, BH8 8NF",01202391663,admin@burnshamilton.co.uk,https://www.burnshamilton.co.uk
C G Spratt and Son,South West,"70A Brighton Road, Worthing, BN11 2EN",01903 234343,michaelb@psandb.co.uk,https://www.sprattandson.co.uk
Cannon Jones Estate Management Ltd,South West,"Brook House, 47 High Street, 47 High Street, Henley-In-Arden, B95 5AA",01564492998,lyndsey@cannonjones.co.uk,https://www.cannonjones.co.uk
,South West,"Office 7, 12 Jordan Street, 3a Bridgewater Street, Liverpool, L1 0BP",01512944342,pippa@carrickandreid.co.uk,https://www.carrickandreid.co.uk/
Carringtons Residential Management Limited,South West,"The Lodge, Stadium Way, Harlow, CM19 5FP",01279 701239,info@carringtonsrml.co.uk,https://www.carringtonsrml.co.uk
Casserly Property Management,South West,"10 James Nasmyth Way, Eccles, Manchester, M30 0SF",01617876197,info@casserlypm.co.uk,https://www.casserlypm.co.uk
Caxtons Property Consultants,South West,"49-50 Windmill Street, 49/50 Windmill Street, Gravesend, DA12 1BG",01474537733,jsinclair@caxtons.com,https://www.caxtons.com
Centrick Limited,South West,"Centrick, 19 Newhall Street, The Exchange, Birmingham, B3 3PJ",0330  012 4125,estate@centrick.co.uk,https://centrick.co.uk/
,South West,"32B Staple Gardens, Charlecote Mews, Winchester, SO23 8SR",01962 353777,l.teshima@charlecote.co.uk,https://www.charlecote.co.uk
Charles Cox Property Management,South West,"Unit 50, Enterprise Centre, Newhaven, BN9 9BA",01323 894400,block@charlescox.co.uk,https://www.charlescox.co.uk
2ManageProperty Ltd,South East,"13 Loudwwater Close, Delta Way, Sunbury on Thames, TW66DD",01932 705917,info@2manageproperty.co.uk,https://2mangeproperty.co.uk
ACL Block Management,South East,"Upper Pendrill Court, Ermine Street North, Papworth Everard, 8 Woodhead Place, Cambridge, CB23 3UY",01223 953355,clients@aclblockmanagement.co.uk,https://www.aclblockmanagement.co.uk
,South East,"54 Guildford Road Horsham, Guildford Road, Horsham, RH12 1LX",07795843127,martin.holt@allres.co.uk,https://www.allres.co.uk
AM Surveying &amp; Block Management,South East,"Penelope House, Westerhill Road, Coxheath Kent ME17 4DH, Coxheath, ME17 4DH",01732220598,enquiries@amsbm.co.uk,https://www.amsbm.co.uk/
APT Property Management Limited,South East,"32 Chequer Street, Fenstanton, Fenstanton, PE28 9JJ",07740107622,dolores@aptpropertymanagement.co.uk,https://www.aptpropertymanagement.co.uk
Accordant Estates Company Limited,South East,"8 Hemmells, 139 School Avenue, Basildon, SS15 6ED",01268421180,admin@accordantestates.com,https://www.accordantestates.com
Acorn Estate Management Ltd,South East,"Acorn Estate Management, 9 St Marks Road, Bromley, BR2 9HG",02083156980,em@acorngroup.co.uk,https://www.acorngroup.co.uk/estatemanagement
Adur Property Management Ltd,South East,"27 Anchor Close, Shoreham-by-Sea, BN43 5BY",01273 252526,info@adurproperty.net,https://www.adurproperty.net
Alpha Housing Services Limited,South East,"1st Floor, 1 Chartfield House, Castle Street, Taunton, TA1 4AS",01823270661,info@alphahousingservices.co.uk,https://www.alphahousingservices.co.uk
Andrews Letting &amp; Management,South East,"42B High Street, Pixash Lane, Keynsham, Keynsham, BS31 1DX",0117 9294400,leaseholdadmin@andrewsonline.co.uk,https://www.andrewsonline.co.uk
Appointmoor Estates,South East,"72 The Ridgeway, Westcliff-On-Sea, SS0 8NU",01702 719966,blockmanagement@appointmoor.co.uk,https://www.appointmoor.co.uk
Arko Property Management Limited,South East,"29 Cornwallis Street, Hastings, TN34 1SS",01424439786,george@arko.co.uk,https://Arko.co.uk
Aspect Property Management Limited,South East,"2 Hills Road, Cambridge, CB2 1JP",02078281664,info@aspectpropertymanagement.co.uk,https://www.aspectpropertymanagement.co.uk/
Aspire Block and Estate Management Limited,South East,"Aspire Block and Estate Management Limited, 395B Wenta Business Centre, Colne Way, Watford, WD24 7ND",01923 372169,pm@aspire-management.co.uk,https://www.aspire-management.co.uk
Asset Property Management Limited,South East,"218 Malvern Road, Bournemouth, 218 Malvern Road Bournemouth BH9 3BX, Bournemouth, BH9 3BX",01202 532898,enquiries@assetpropertymanagement.co.uk,https://www.assetpropertymanagement.co.uk
Austin Rees Limited,South East,"Austin Rees Ltd, 135-137 Dyke Road, Hove, BN3 1TJ",01273207501,info@austinrees.com,https://www.austinrees.com
,South East,"2nd Floor, Market House, Market House, Market Square, Aylesbury, HP20 1TN",01296821296,welcome@b2bproperty.co.uk,https://b2bproperty.co.uk
BLM Estate Management,South East,"9 Margaret&#x27;s Buildings, Bath, BA1 2LP",01225632222,office@bathleasehold.co.uk,https://www.bathleaseholdmanagement.co.uk
BNS Limited,South East,"18 Badminton Road, Downend, Bristol, BS16 6BQ",01179570809,info@bns.co.uk,https://www.bns.co.uk
BW Residential Limited,South East,"Unit 7 Chevron Business Park, Lime Kiln Lane, Southampton, SO45 2QL",02380847111,info@bwresidential.co.uk,https://www.bwresidential.co.uk
Banner Property Services Limited,South East,"Unit 2 Devonshire House, Cliveden Office Village, Lancaster Road,, High Wycombe, HP12 3YZ",01628522888,mail@bpsltd.co.uk,https://www.bpsltd.co.uk/
Bartley Management Limited,South East,"Newfrith House, 21 Hyde Street, Winchester, SO23 7DR",0345 017 9969,enquiries@bartleymanagement.co.uk,https://www.bartleymanagement.co.uk
Beard and Ayers Limited,South East,"Provincial House, 3 Goldington Road, Provincial House, Bedford, MK40 3JY",01234343359,admin@beardandayers.com,https://beardandayers.com
Beckenham and Bromley Property Management Limited,South East,"27 Seven Acres, New Ash Green, 27 Seven Acres, Longfield, DA3 8RN",,accounts@becbromprop.co.uk,http://www.becbromprop.co.uk/
Belgarum Property Management Ltd,South East,"Belgarum Property Management, Old Manor Nursery, Kilham Lane, Winchester, SO22 5QD",08002980069,olivia@bpmanagement.org,https://www.belgarum-property.co.uk/
Belmont Property Management,South East,"Belmont Management Services (South West) Limited, Daniell House, Falmouth Road, Truro, TR1 2HX",01872260606,enquiries@belmontpm.com,https://www.belmontpm.co.uk
Blue Property Management UK Limited,South East,"3 East Circus Street, Nottingham, NG1 5AF",033,legal@bluepropertymanagementuk.com,http://www.bluepropertymanagementuk.com/
Boydens Ltd,South East,"Boydens Limited, Aston House, 57-59 Crouch Street, Colchester, CO3 3EY",01206764321,alex.kane@boydens.co.uk,https://www.boydens.co.uk
Broadoak Management Limited,South East,"Unit 7 Hockliffe Business Park, Hockliffe, LU7 9NB",01525 211548,tmccabe@broadoakmanagement.co.uk,https://www.broadoakmanagement.com
,South East,"Kestrel House, 8a Calenick Street, 8a Calenick Street, Truro, TR1 2SF",01872 309369,hello@brooksestates.co.uk,https://www.brooksestates.co.uk
Burkinshaw Block Management,South East,"5 Birling Road, Tunbridge Wells, TN2 5LX",01892 501100,info@bbm.co.uk,https://www.bbm.co.uk
Burns Hamilton,South East,"Burns Hamilton, Hawthorn House, 1 Lowther Gardens, Bournemouth, BH8 8NF",01202391663,admin@burnshamilton.co.uk,https://www.burnshamilton.co.uk
Butlin Property Services,South East,"40 Howard Road, Leicester, LE2 1XG",01162703705,nick.chatt@butlinps.co.uk,https://www.butlinps.co.uk
C G Spratt and Son,South East,"70A Brighton Road, Worthing, BN11 2EN",01903 234343,michaelb@psandb.co.uk,https://www.sprattandson.co.uk
Carringtons Residential Management Limited,South East,"The Lodge, Stadium Way, Harlow, CM19 5FP",01279 701239,info@carringtonsrml.co.uk,https://www.carringtonsrml.co.uk
Caxtons Property Consultants,South East,"49-50 Windmill Street, 49/50 Windmill Street, Gravesend, DA12 1BG",01474537733,jsinclair@caxtons.com,https://www.caxtons.com
Centrick Limited,South East,"Centrick, 19 Newhall Street, The Exchange, Birmingham, B3 3PJ",0330  012 4125,estate@centrick.co.uk,https://centrick.co.uk/
,South East,"32B Staple Gardens, Charlecote Mews, Winchester, SO23 8SR",01962 353777,l.teshima@charlecote.co.uk,https://www.charlecote.co.uk
Charles Cox Property Management,South East,"Unit 50, Enterprise Centre, Newhaven, BN9 9BA",01323 894400,block@charlescox.co.uk,https://www.charlescox.co.uk
Churchill Estates Management Limited,South East,"McCarthy House, Yeoman Road, Ringwood, BH24 3FA",01425888910,enquiries@cem.co.uk,https://www.cem.co.uk/
Absolute Property Management Solutions Ltd,Wales,"Avon House, 19 Stanwell Road, Penarth, Cardiff, CF64 2EZ",07779197654,info@absolutepms.co.uk,https://www.absolutepms.co.uk
Birt &amp; Co,Wales,"Lock House, St Julian Street, Tenby, SA70 7AS",01834842204,giles.birt@birtandco.co.uk,https://www.birtandco.co.uk
Churchill Estates Management Limited,Wales,"McCarthy House, Yeoman Road, Ringwood, BH24 3FA",01425888910,enquiries@cem.co.uk,https://www.cem.co.uk/
Commerson Estate Management Ltd,Wales,"Commerson Estate Management Limited, 6 Feast Field, Horsforth, Leeds, LS18 4TJ",03301112610,info@commerson.co.uk,https://www.commerson.co.uk
Compton Property Management Ltd,Wales,"45-51 Wychtree Street, Swansea, SA6 8EX",01792 315500,bobjones@compton.group,https://www.comptongroup.com/
Homestead Consultancy Services Ltd,Wales,"29 St Annes Road West, Lytham St. Annes, FY8 1SB",01253640040,enquiries@homesteadcsl.co.uk,https://www.homesteadcsl.co.uk
JW Block Management Limited,Wales,"1 St. Martins Row, Albany Road, Mead Run, Cardiff, CF24 3RP",02921 671444,Douglas@JWblockmanagement.co.uk,https://www.seraph.pm/
McCarthy Stone,Wales,"McCarthy &amp; Stone Management Services Limited, 100 Holdenhurst Road, Bournemouth, BH8 8AQ",07884557652,peter.barber@mccarthyandstone.co.uk,http://www.mccarthyandstone.co.uk
Premier Estates Limited,Wales,"Chiltern House, 72-74 King Edward Street, Macclesfield, SK10 1AT",0345 491 8899,info@premierestates.co.uk,https://www.premierestateslimited.com
RH Seel &amp; Co Limited,Wales,"8 Cathedral Road, Pontcanna, Cardiff, CF11 9LJ",02920370100,estatemanagement@rhseelandco.com,https://rhseelandco.com
Specialist Property Asset Management Ltd,Wales,"Homer House, 8 Homer Road, 8 Homer Road, Solihull, Solihull, B91 3QQ",01217253620,rachael.ball@specialistpm.com,https://www.specialistpm.com/
Tovey Developments Limited T/A Smart Lettings,Wales,"50A Oxford Street, Pontycymer, BRIDGEND, CF32 8DB, UNITED KINGDOM, Bridgend, CF32 8DB",01656657033,lettings@smart-lettings.co.uk,https://www.smart-lettings.co.uk
Trinity Estates Property Management Limited,Wales,"Vantage Point, 23 Mark Road, Hemel Hempstead, HP27DN",03453451584,jps@trinityestates.com,https://www.trinityestates.com
Urbanbubble Limited,Wales,"7 Dale Street, Sevendale House, Manchester, M1 1JA",01612363344,info@urbanbubble.co.uk,https://www.urbanbubble.co.uk
Warwick Estates Property Management Limited,Wales,"One Station Approach, Station Approach, Harlow, CM20 2FB",0127 995 7400,Hello@we-pm.co.uk,https://we-pm.co.uk/
Western Permanent Property,Wales,"Western Permanent Property Management, 46 Whitchurch Road, Cardiff, CF14 3LX",02920235151,Neil@wppmc.com,https://wppmc.com
Westquay Property Management Ltd,Wales,"Suite 3, H2 Offices, 2-10 Holton Road, H2 Offices, 2-10 Holton Road, Barry, CF63 4HD",01446506079,enquiries@westquayproperty.co.uk,https://www.westquayproperty.co.uk
Zenith Management Limited,Wales,"Zenith Management, NQ Building, 47 Bengal Street, Manchester, M4 6BB",01612451166,info@zenithmanagement.co.uk,https://www.zenithmanagement.co.uk
2ManageProperty Ltd,East of England,"13 Loudwwater Close, Delta Way, Sunbury on Thames, TW66DD",01932 705917,info@2manageproperty.co.uk,https://2mangeproperty.co.uk
ACL Block Management,East of England,"Upper Pendrill Court, Ermine Street North, Papworth Everard, 8 Woodhead Place, Cambridge, CB23 3UY",01223 953355,clients@aclblockmanagement.co.uk,https://www.aclblockmanagement.co.uk
,East of England,"54 Guildford Road Horsham, Guildford Road, Horsham, RH12 1LX",07795843127,martin.holt@allres.co.uk,https://www.allres.co.uk
AM Surveying &amp; Block Management,East of England,"Penelope House, Westerhill Road, Coxheath Kent ME17 4DH, Coxheath, ME17 4DH",01732220598,enquiries@amsbm.co.uk,https://www.amsbm.co.uk/
APT Property Management Limited,East of England,"32 Chequer Street, Fenstanton, Fenstanton, PE28 9JJ",07740107622,dolores@aptpropertymanagement.co.uk,https://www.aptpropertymanagement.co.uk
Accordant Estates Company Limited,East of England,"8 Hemmells, 139 School Avenue, Basildon, SS15 6ED",01268421180,admin@accordantestates.com,https://www.accordantestates.com
Acorn Estate Management Ltd,East of England,"Acorn Estate Management, 9 St Marks Road, Bromley, BR2 9HG",02083156980,em@acorngroup.co.uk,https://www.acorngroup.co.uk/estatemanagement
Adur Property Management Ltd,East of England,"27 Anchor Close, Shoreham-by-Sea, BN43 5BY",01273 252526,info@adurproperty.net,https://www.adurproperty.net
Appointmoor Estates,East of England,"72 The Ridgeway, Westcliff-On-Sea, SS0 8NU",01702 719966,blockmanagement@appointmoor.co.uk,https://www.appointmoor.co.uk
Arko Property Management Limited,East of England,"29 Cornwallis Street, Hastings, TN34 1SS",01424439786,george@arko.co.uk,https://Arko.co.uk
Aspect Property Management Limited,East of England,"2 Hills Road, Cambridge, CB2 1JP",02078281664,info@aspectpropertymanagement.co.uk,https://www.aspectpropertymanagement.co.uk/
Aspire Block and Estate Management Limited,East of England,"Aspire Block and Estate Management Limited, 395B Wenta Business Centre, Colne Way, Watford, WD24 7ND",01923 372169,pm@aspire-management.co.uk,https://www.aspire-management.co.uk
Austin Rees Limited,East of England,"Austin Rees Ltd, 135-137 Dyke Road, Hove, BN3 1TJ",01273207501,info@austinrees.com,https://www.austinrees.com
,East of England,"2nd Floor, Market House, Market House, Market Square, Aylesbury, HP20 1TN",01296821296,welcome@b2bproperty.co.uk,https://b2bproperty.co.uk
BW Residential Limited,East of England,"Unit 7 Chevron Business Park, Lime Kiln Lane, Southampton, SO45 2QL",02380847111,info@bwresidential.co.uk,https://www.bwresidential.co.uk
Banner Property Services Limited,East of England,"Unit 2 Devonshire House, Cliveden Office Village, Lancaster Road,, High Wycombe, HP12 3YZ",01628522888,mail@bpsltd.co.uk,https://www.bpsltd.co.uk/
Bartley Management Limited,East of England,"Newfrith House, 21 Hyde Street, Winchester, SO23 7DR",0345 017 9969,enquiries@bartleymanagement.co.uk,https://www.bartleymanagement.co.uk
Beard and Ayers Limited,East of England,"Provincial House, 3 Goldington Road, Provincial House, Bedford, MK40 3JY",01234343359,admin@beardandayers.com,https://beardandayers.com
Beckenham and Bromley Property Management Limited,East of England,"27 Seven Acres, New Ash Green, 27 Seven Acres, Longfield, DA3 8RN",,accounts@becbromprop.co.uk,http://www.becbromprop.co.uk/
Belgarum Property Management Ltd,East of England,"Belgarum Property Management, Old Manor Nursery, Kilham Lane, Winchester, SO22 5QD",08002980069,olivia@bpmanagement.org,https://www.belgarum-property.co.uk/
Blue Property Management UK Limited,East of England,"3 East Circus Street, Nottingham, NG1 5AF",033,legal@bluepropertymanagementuk.com,http://www.bluepropertymanagementuk.com/
Boydens Ltd,East of England,"Boydens Limited, Aston House, 57-59 Crouch Street, Colchester, CO3 3EY",01206764321,alex.kane@boydens.co.uk,https://www.boydens.co.uk
Broadoak Management Limited,East of England,"Unit 7 Hockliffe Business Park, Hockliffe, LU7 9NB",01525 211548,tmccabe@broadoakmanagement.co.uk,https://www.broadoakmanagement.com
Burkinshaw Block Management,East of England,"5 Birling Road, Tunbridge Wells, TN2 5LX",01892 501100,info@bbm.co.uk,https://www.bbm.co.uk
Burns Hamilton,East of England,"Burns Hamilton, Hawthorn House, 1 Lowther Gardens, Bournemouth, BH8 8NF",01202391663,admin@burnshamilton.co.uk,https://www.burnshamilton.co.uk
Butlin Property Services,East of England,"40 Howard Road, Leicester, LE2 1XG",01162703705,nick.chatt@butlinps.co.uk,https://www.butlinps.co.uk
C G Spratt and Son,East of England,"70A Brighton Road, Worthing, BN11 2EN",01903 234343,michaelb@psandb.co.uk,https://www.sprattandson.co.uk
Carringtons Residential Management Limited,East of England,"The Lodge, Stadium Way, Harlow, CM19 5FP",01279 701239,info@carringtonsrml.co.uk,https://www.carringtonsrml.co.uk
Caxtons Property Consultants,East of England,"49-50 Windmill Street, 49/50 Windmill Street, Gravesend, DA12 1BG",01474537733,jsinclair@caxtons.com,https://www.caxtons.com
Centrick Limited,East of England,"Centrick, 19 Newhall Street, The Exchange, Birmingham, B3 3PJ",0330  012 4125,estate@centrick.co.uk,https://centrick.co.uk/
Charles Cox Property Management,East of England,"Unit 50, Enterprise Centre, Newhaven, BN9 9BA",01323 894400,block@charlescox.co.uk,https://www.charlescox.co.uk
Churchill Estates Management Limited,East of England,"McCarthy House, Yeoman Road, Ringwood, BH24 3FA",01425888910,enquiries@cem.co.uk,https://www.cem.co.uk/
,East of England,"Pipers Corner, Old School Lane, Pipers Corner, Old School Lane, Ryarsh, ME19 5LP",07980 353220,cgw@clarewarnham.co.uk,https://www.clarewarnham.co.uk
Cleaver Property Management Ltd,East of England,"Unit 4, Anvil Court, 46 Denmark Street, Wokingham, RG40 2BB",01189787182,info@cleaverproperty.co.uk,https://www.cleaverproperty.co.uk
,East of England,"Marlowe Innovation Centre, Marlowe Way,, Discovery Park, Ramsgate Road, Ramsgate, CT12 6FA",01304799860,office@cleverpropertymanagement.co.uk,https://www.cleverpropertymanagement.co.uk
Collinson Hall,East of England,"Collinson Hall Ltd, 9-11 Victoria Street, St Albans, AL1 3UB",01727843222,philippa.dowson@collinsonhall.co.uk,https://www.collinsonhall.co.uk/
Connect UK (Nationwide) Ltd,East of England,"Richmond House, 105 High Street, 105 High Street, Crawley, RH10 1DD",01293665642,info@connectuknationwide.co.uk,https://connectuknationwide.co.uk/
Cosgroves Block Management,East of England,"49-51 Osborne Road, Southsea, PO5 3LS",02392 827827,info@cosgroves.co.uk,https://www.cosgroves.co.uk
Courtney Green Block &amp; Estate Management,East of England,"25 Carfax, Horsham, RH121EE",01403246170,nick@courtneygreen.co.uk,https://www.courtneygreen.co.uk
Covenant Management Limited,East of England,"Wenrisc House, Meadow Court,, 4 Meadow Court, High Street, Witney, OX28 6ER",01993899840,info@covman.co.uk,https://www.covman.co.uk
Alpha Housing Services Limited,West Midlands,"1st Floor, 1 Chartfield House, Castle Street, Taunton, TA1 4AS",01823270661,info@alphahousingservices.co.uk,https://www.alphahousingservices.co.uk
Andrews Letting &amp; Management,West Midlands,"42B High Street, Pixash Lane, Keynsham, Keynsham, BS31 1DX",0117 9294400,leaseholdadmin@andrewsonline.co.uk,https://www.andrewsonline.co.uk
Anthony James Consultancy Ltd,West Midlands,"Charlotte House, 35-37 Hoghton Street,, 35-37 Hoghton Street, Southport, Southport, PR9 0NS",01704545800,pm@ajestateagents.co.uk,https://www.ajestateagents.co.uk
Asset Property Management Limited,West Midlands,"218 Malvern Road, Bournemouth, 218 Malvern Road Bournemouth BH9 3BX, Bournemouth, BH9 3BX",01202 532898,enquiries@assetpropertymanagement.co.uk,https://www.assetpropertymanagement.co.uk
BLM Estate Management,West Midlands,"9 Margaret&#x27;s Buildings, Bath, BA1 2LP",01225632222,office@bathleasehold.co.uk,https://www.bathleaseholdmanagement.co.uk
BNS Limited,West Midlands,"18 Badminton Road, Downend, Bristol, BS16 6BQ",01179570809,info@bns.co.uk,https://www.bns.co.uk
BW Residential Limited,West Midlands,"Unit 7 Chevron Business Park, Lime Kiln Lane, Southampton, SO45 2QL",02380847111,info@bwresidential.co.uk,https://www.bwresidential.co.uk
Bartley Management Limited,West Midlands,"Newfrith House, 21 Hyde Street, Winchester, SO23 7DR",0345 017 9969,enquiries@bartleymanagement.co.uk,https://www.bartleymanagement.co.uk
Belgarum Property Management Ltd,West Midlands,"Belgarum Property Management, Old Manor Nursery, Kilham Lane, Winchester, SO22 5QD",08002980069,olivia@bpmanagement.org,https://www.belgarum-property.co.uk/
Belmont Property Management,West Midlands,"Belmont Management Services (South West) Limited, Daniell House, Falmouth Road, Truro, TR1 2HX",01872260606,enquiries@belmontpm.com,https://www.belmontpm.co.uk
Blockcontrol Partnership Ltd,West Midlands,"Rico House, George Street, Prestwich, M25 9WS",01618837737,admin@bcpblockmanagement.co.uk,http://www.blockcontrolpartnership.co.uk/
Blockliving Limited,West Midlands,"Bonded Warehouse, 18 Lower Byrom Street, 18 Lower Byrom Street, Manchester, M3 4AP",0808 178 3270,info@blockliving.co.uk,https://www.blockliving.co.uk
Blue Property Management UK Limited,West Midlands,"3 East Circus Street, Nottingham, NG1 5AF",033,legal@bluepropertymanagementuk.com,http://www.bluepropertymanagementuk.com/
,West Midlands,"12 High Street, Wirral, CH62 7HA",01513342933,daniel@b-a-o.com,https://b-a-o.com
Broadoak Management Limited,West Midlands,"Unit 7 Hockliffe Business Park, Hockliffe, LU7 9NB",01525 211548,tmccabe@broadoakmanagement.co.uk,https://www.broadoakmanagement.com
,West Midlands,"Kestrel House, 8a Calenick Street, 8a Calenick Street, Truro, TR1 2SF",01872 309369,hello@brooksestates.co.uk,https://www.brooksestates.co.uk
Burns Hamilton,West Midlands,"Burns Hamilton, Hawthorn House, 1 Lowther Gardens, Bournemouth, BH8 8NF",01202391663,admin@burnshamilton.co.uk,https://www.burnshamilton.co.uk
Butlin Property Services,West Midlands,"40 Howard Road, Leicester, LE2 1XG",01162703705,nick.chatt@butlinps.co.uk,https://www.butlinps.co.uk
Cannon Jones Estate Management Ltd,West Midlands,"Brook House, 47 High Street, 47 High Street, Henley-In-Arden, B95 5AA",01564492998,lyndsey@cannonjones.co.uk,https://www.cannonjones.co.uk
,West Midlands,"Office 7, 12 Jordan Street, 3a Bridgewater Street, Liverpool, L1 0BP",01512944342,pippa@carrickandreid.co.uk,https://www.carrickandreid.co.uk/
Casserly Property Management,West Midlands,"10 James Nasmyth Way, Eccles, Manchester, M30 0SF",01617876197,info@casserlypm.co.uk,https://www.casserlypm.co.uk
Centrick Limited,West Midlands,"Centrick, 19 Newhall Street, The Exchange, Birmingham, B3 3PJ",0330  012 4125,estate@centrick.co.uk,https://centrick.co.uk/
,West Midlands,"32B Staple Gardens, Charlecote Mews, Winchester, SO23 8SR",01962 353777,l.teshima@charlecote.co.uk,https://www.charlecote.co.uk
Churchill Estates Management Limited,West Midlands,"McCarthy House, Yeoman Road, Ringwood, BH24 3FA",01425888910,enquiries@cem.co.uk,https://www.cem.co.uk/
Clear Building Management Limited,West Midlands,"Peter House, Oxford Street, Manchester, M1 5AN",0333 344 4996,support@clearbm.com,https://clearbuildingmanagement.com
Commerson Estate Management Ltd,West Midlands,"Commerson Estate Management Limited, 6 Feast Field, Horsforth, Leeds, LS18 4TJ",03301112610,info@commerson.co.uk,https://www.commerson.co.uk
Connect UK (Nationwide) Ltd,West Midlands,"Richmond House, 105 High Street, 105 High Street, Crawley, RH10 1DD",01293665642,info@connectuknationwide.co.uk,https://connectuknationwide.co.uk/
Cosgroves Block Management,West Midlands,"49-51 Osborne Road, Southsea, PO5 3LS",02392 827827,info@cosgroves.co.uk,https://www.cosgroves.co.uk
Cottons Chartered Surveyors,West Midlands,"Cavendish House, 359/361 Hagley Road, 359 - 361 Hagley Road, Edgbaston, Birmingham, B17 8DL",01212472030,property@cottons.co.uk,https://www.cottons.co.uk
Crabtree PM Limited,West Midlands,"Fisher House, 84 Fisherton Street, Salisbury, Wiltshire, E14 9FH",020 8371 7070,,http://www.crabtreeproperty.co.uk
DFC Property Management Limited,West Midlands,"2-3 New Broadway, Worthing, BN16 1DY",01903874108,Yolanda@dfcpm.co.uk,https://dfcpropertymanagement.co.uk/
DNA Property Management Services,West Midlands,"27-29 Great George Street, Hailstone Farm, Redhill, Bristol, BS1 5QT",01179200141,info@dnaproperties.co.uk,https://www.dnaproperties.co.uk
Denar Property Management,West Midlands,"Unit AH36, Argent House, Seven Kings Way, The Royal Quarter, Surbiton, KT6 7LD",02035511022,info@denarpropertymanagement.co.uk,https://www.denarpropertymanagement.co.uk/
Denfords Property Management,West Midlands,"Top Floor Endeavour Building, Shamrock Quay, William Street, Endeavour Building, Shamrock Quay, William Street, Southampton, SO14 5QL",02380386970,enquiries@denfords.co.uk,https://www.dpmhampshire.co.uk/
Easton Bevins,West Midlands,"Unit 26 Osprey Court, Hawkfield Way, Osprey Court, Hawkfield Business Park, Bristol, BS14 0BB",01179443000,n.bevan@eastonbevins.co.uk,https://www.eastonbevins.co.uk/
Encore Estate Management Ltd,West Midlands,"2 Hills Road, Cambridge, CB2 1JP",01223 866980,info@encoreestates.co.uk,https://www.encoreestates.co.uk
Exclusive Property Management Ltd,West Midlands,"Six Olton Bridge, 245 Warwick Road, Solihull, B92 7AH",01217077727,james@exclusivepm.co.uk,https://www.exclusivepm.co.uk
Expert Property Management Ltd,West Midlands,"71 Windsor Road, Manchester, M25 0DB",07536986395,Sandra@mcrpi.co.uk,https://www.mcrpi.co.uk
FSL Estate Agents Ltd,West Midlands,"8 Lakeside, Calder Island Way, Wakefield, WF2 7AW",01924 200101,,http://www.fslea.com
Fexco Property Services (Management) Limited t/a Remus Management Ltd,West Midlands,"Fisher House, 84 Fisherton Street, Salisbury, SP2 7QY",01722328685,alyx.chapple@remus-mgmt.co.uk,https://www.remus.uk.com
2ManageProperty Ltd,East Midlands,"13 Loudwwater Close, Delta Way, Sunbury on Thames, TW66DD",01932 705917,info@2manageproperty.co.uk,https://2mangeproperty.co.uk
ACL Block Management,East Midlands,"Upper Pendrill Court, Ermine Street North, Papworth Everard, 8 Woodhead Place, Cambridge, CB23 3UY",01223 953355,clients@aclblockmanagement.co.uk,https://www.aclblockmanagement.co.uk
,East Midlands,"54 Guildford Road Horsham, Guildford Road, Horsham, RH12 1LX",07795843127,martin.holt@allres.co.uk,https://www.allres.co.uk
AM Surveying &amp; Block Management,East Midlands,"Penelope House, Westerhill Road, Coxheath Kent ME17 4DH, Coxheath, ME17 4DH",01732220598,enquiries@amsbm.co.uk,https://www.amsbm.co.uk/
APT Property Management Limited,East Midlands,"32 Chequer Street, Fenstanton, Fenstanton, PE28 9JJ",07740107622,dolores@aptpropertymanagement.co.uk,https://www.aptpropertymanagement.co.uk
Accordant Estates Company Limited,East Midlands,"8 Hemmells, 139 School Avenue, Basildon, SS15 6ED",01268421180,admin@accordantestates.com,https://www.accordantestates.com
Acorn Estate Management Ltd,East Midlands,"Acorn Estate Management, 9 St Marks Road, Bromley, BR2 9HG",02083156980,em@acorngroup.co.uk,https://www.acorngroup.co.uk/estatemanagement
Adur Property Management Ltd,East Midlands,"27 Anchor Close, Shoreham-by-Sea, BN43 5BY",01273 252526,info@adurproperty.net,https://www.adurproperty.net
Appointmoor Estates,East Midlands,"72 The Ridgeway, Westcliff-On-Sea, SS0 8NU",01702 719966,blockmanagement@appointmoor.co.uk,https://www.appointmoor.co.uk
Arko Property Management Limited,East Midlands,"29 Cornwallis Street, Hastings, TN34 1SS",01424439786,george@arko.co.uk,https://Arko.co.uk
Aspect Property Management Limited,East Midlands,"2 Hills Road, Cambridge, CB2 1JP",02078281664,info@aspectpropertymanagement.co.uk,https://www.aspectpropertymanagement.co.uk/
Aspire Block and Estate Management Limited,East Midlands,"Aspire Block and Estate Management Limited, 395B Wenta Business Centre, Colne Way, Watford, WD24 7ND",01923 372169,pm@aspire-management.co.uk,https://www.aspire-management.co.uk
Austin Rees Limited,East Midlands,"Austin Rees Ltd, 135-137 Dyke Road, Hove, BN3 1TJ",01273207501,info@austinrees.com,https://www.austinrees.com
,East Midlands,"2nd Floor, Market House, Market House, Market Square, Aylesbury, HP20 1TN",01296821296,welcome@b2bproperty.co.uk,https://b2bproperty.co.uk
BW Residential Limited,East Midlands,"Unit 7 Chevron Business Park, Lime Kiln Lane, Southampton, SO45 2QL",02380847111,info@bwresidential.co.uk,https://www.bwresidential.co.uk
Banner Property Services Limited,East Midlands,"Unit 2 Devonshire House, Cliveden Office Village, Lancaster Road,, High Wycombe, HP12 3YZ",01628522888,mail@bpsltd.co.uk,https://www.bpsltd.co.uk/
Bartley Management Limited,East Midlands,"Newfrith House, 21 Hyde Street, Winchester, SO23 7DR",0345 017 9969,enquiries@bartleymanagement.co.uk,https://www.bartleymanagement.co.uk
Beard and Ayers Limited,East Midlands,"Provincial House, 3 Goldington Road, Provincial House, Bedford, MK40 3JY",01234343359,admin@beardandayers.com,https://beardandayers.com
Beckenham and Bromley Property Management Limited,East Midlands,"27 Seven Acres, New Ash Green, 27 Seven Acres, Longfield, DA3 8RN",,accounts@becbromprop.co.uk,http://www.becbromprop.co.uk/
Belgarum Property Management Ltd,East Midlands,"Belgarum Property Management, Old Manor Nursery, Kilham Lane, Winchester, SO22 5QD",08002980069,olivia@bpmanagement.org,https://www.belgarum-property.co.uk/
Blue Property Management UK Limited,East Midlands,"3 East Circus Street, Nottingham, NG1 5AF",033,legal@bluepropertymanagementuk.com,http://www.bluepropertymanagementuk.com/
Boydens Ltd,East Midlands,"Boydens Limited, Aston House, 57-59 Crouch Street, Colchester, CO3 3EY",01206764321,alex.kane@boydens.co.uk,https://www.boydens.co.uk
Broadoak Management Limited,East Midlands,"Unit 7 Hockliffe Business Park, Hockliffe, LU7 9NB",01525 211548,tmccabe@broadoakmanagement.co.uk,https://www.broadoakmanagement.com
Burkinshaw Block Management,East Midlands,"5 Birling Road, Tunbridge Wells, TN2 5LX",01892 501100,info@bbm.co.uk,https://www.bbm.co.uk
Burns Hamilton,East Midlands,"Burns Hamilton, Hawthorn House, 1 Lowther Gardens, Bournemouth, BH8 8NF",01202391663,admin@burnshamilton.co.uk,https://www.burnshamilton.co.uk
Butlin Property Services,East Midlands,"40 Howard Road, Leicester, LE2 1XG",01162703705,nick.chatt@butlinps.co.uk,https://www.butlinps.co.uk
C G Spratt and Son,East Midlands,"70A Brighton Road, Worthing, BN11 2EN",01903 234343,michaelb@psandb.co.uk,https://www.sprattandson.co.uk
Cannon Jones Estate Management Ltd,East Midlands,"Brook House, 47 High Street, 47 High Street, Henley-In-Arden, B95 5AA",01564492998,lyndsey@cannonjones.co.uk,https://www.cannonjones.co.uk
Carringtons Residential Management Limited,East Midlands,"The Lodge, Stadium Way, Harlow, CM19 5FP",01279 701239,info@carringtonsrml.co.uk,https://www.carringtonsrml.co.uk
Caxtons Property Consultants,East Midlands,"49-50 Windmill Street, 49/50 Windmill Street, Gravesend, DA12 1BG",01474537733,jsinclair@caxtons.com,https://www.caxtons.com
Centrick Limited,East Midlands,"Centrick, 19 Newhall Street, The Exchange, Birmingham, B3 3PJ",0330  012 4125,estate@centrick.co.uk,https://centrick.co.uk/
Charles Cox Property Management,East Midlands,"Unit 50, Enterprise Centre, Newhaven, BN9 9BA",01323 894400,block@charlescox.co.uk,https://www.charlescox.co.uk
Churchill Estates Management Limited,East Midlands,"McCarthy House, Yeoman Road, Ringwood, BH24 3FA",01425888910,enquiries@cem.co.uk,https://www.cem.co.uk/
,East Midlands,"Pipers Corner, Old School Lane, Pipers Corner, Old School Lane, Ryarsh, ME19 5LP",07980 353220,cgw@clarewarnham.co.uk,https://www.clarewarnham.co.uk
Cleaver Property Management Ltd,East Midlands,"Unit 4, Anvil Court, 46 Denmark Street, Wokingham, RG40 2BB",01189787182,info@cleaverproperty.co.uk,https://www.cleaverproperty.co.uk
,East Midlands,"Marlowe Innovation Centre, Marlowe Way,, Discovery Park, Ramsgate Road, Ramsgate, CT12 6FA",01304799860,office@cleverpropertymanagement.co.uk,https://www.cleverpropertymanagement.co.uk
Collinson Hall,East Midlands,"Collinson Hall Ltd, 9-11 Victoria Street, St Albans, AL1 3UB",01727843222,philippa.dowson@collinsonhall.co.uk,https://www.collinsonhall.co.uk/
Connect UK (Nationwide) Ltd,East Midlands,"Richmond House, 105 High Street, 105 High Street, Crawley, RH10 1DD",01293665642,info@connectuknationwide.co.uk,https://connectuknationwide.co.uk/
Cosgroves Block Management,East Midlands,"49-51 Osborne Road, Southsea, PO5 3LS",02392 827827,info@cosgroves.co.uk,https://www.cosgroves.co.uk
Cottons Chartered Surveyors,East Midlands,"Cavendish House, 359/361 Hagley Road, 359 - 361 Hagley Road, Edgbaston, Birmingham, B17 8DL",01212472030,property@cottons.co.uk,https://www.cottons.co.uk
,Yorkshire,"Elmfield House, Arrathorne, Bedale, DL8 1NE",07783723988,luke@eppcs.co.uk,https://www.eppcs.co.uk
Allsop Letting and Management Limited,Yorkshire,"Platform, New Station Street, Leeds, LS1 4JB",01132902509,gemma.johnson@allsop.co.uk,https://www.letting.allsop.co.uk
Blue Property Management UK Limited,Yorkshire,"3 East Circus Street, Nottingham, NG1 5AF",033,legal@bluepropertymanagementuk.com,http://www.bluepropertymanagementuk.com/
Churchill Estates Management Limited,Yorkshire,"McCarthy House, Yeoman Road, Ringwood, BH24 3FA",01425888910,enquiries@cem.co.uk,https://www.cem.co.uk/
Commerson Estate Management Ltd,Yorkshire,"Commerson Estate Management Limited, 6 Feast Field, Horsforth, Leeds, LS18 4TJ",03301112610,info@commerson.co.uk,https://www.commerson.co.uk
Dickinson Egerton Block Management,Yorkshire,"Unit H6, Premier Way, Lowfields Business Park, Premier Way, Lowfields Business Park, Old Power Way, Elland, HX5 9HF",01422893726,andrew.egerton@de-bm.com,https://www.de-bm.com/
FSL Estate Agents Ltd,Yorkshire,"8 Lakeside, Calder Island Way, Wakefield, WF2 7AW",01924 200101,,http://www.fslea.com
,Yorkshire,"356 Meadowhead, Sheffield, S8 7UJ",01142749999,info@fairways.net,https://fairways.uk.com
Haymarket Block Management,Yorkshire,"116 Duke Street, Liverpool, L1 5JW",0161 549 0909,info@haymarketmanagement.com,https://www.haymarketmanagement.com
Horizon Management,Yorkshire,"Aizlewood&#x27;s Mill, Nursery Street,, Nursery Street, Sheffield, S3 8GG",0300 030 1035,hello@horizonmanagement.co.uk,https://HorizonManagement.co.uk
Inspired Property Management Limited,Yorkshire,"Fisher House, 84 Fisherton Street, Salisbury, SP2 7QY",01302729500,Alyx.chapple@ipm.uk,https://www.ipm.uk
Intercity Accommodation LLP,Yorkshire,"21 Moor Road, Headingley, Leeds, LS6 4BG",0113 2302303,Ann@intercity-accommodation.co.uk,https://www.intercity-accommodation.com
McCarthy Stone,Yorkshire,"McCarthy &amp; Stone Management Services Limited, 100 Holdenhurst Road, Bournemouth, BH8 8AQ",07884557652,peter.barber@mccarthyandstone.co.uk,http://www.mccarthyandstone.co.uk
Mulberry PM Ltd,Yorkshire,"1 Bootham, York, York, YO30 7BN",01904 655200,Hannah.m@ashtonsnet.com,https://www.mulberrypm.co.uk
Omnia Estates Ltd,Yorkshire,"Omnia Estates Limited, First floor, Enterprise House, Broadfield Court, Sheffield, S8 0XF",01142792840,amy.ryan@omniaestates.com,https://www.omniapropertygroup.com
Potts Gray Management Company Ltd,Yorkshire,"Potts Gray Management Co Ltd, Unit 212, South Shields Business Works, Henry Robson Way, South Shields, NE33 1RF",03300104188,marie@pottsgray.co.uk,https://www.pottsgray.co.uk/
Premier Estates Limited,Yorkshire,"Chiltern House, 72-74 King Edward Street, Macclesfield, SK10 1AT",0345 491 8899,info@premierestates.co.uk,https://www.premierestateslimited.com
Premier Property Management &amp; Maintenance,Yorkshire,"Premier Property Management &amp; Maintenance Limited, The Business Village @ BarnsleyBIC, Barnsley, S75 1JL",01226770088,info@pp-mm.co.uk,https://www.pp-mm.co.uk
Principle Estate Management,Yorkshire,"Principle Estate Management, 137 Newhall Street, Birmingham, B3 1SF",01212894315,info@PrincipleEstate.co.uk,https://www.PrincipleEstate.co.uk
Proxim Property Management Ltd,Yorkshire,"Evesham House, Whittington Road, Whittington Road, Worcester, WR2 5ZX",01789713112,landrews@proximpm.co.uk,https://www.proximpm.co.uk
Pure Block Management Limited,Yorkshire,"Riverside House, 11-12 Nelson Street, Hull, HU1 1XE",01482 326677,hello@purebm.co.uk,https://www.pureblockmanagement.co.uk/
Rendall and Rittner Ltd,Yorkshire,"13B St George Wharf, London, SW8 2LE",02077020701,rebecca.struve@rendallandrittner.co.uk,https://www.rendallandrittner.co.uk
Residential Management Group Ltd,Yorkshire,"RMG House, Essex Road, Hoddesdon, EN11 0DR",0345 002 4444,customerservice@rmguk.com,https://www.rmguk.com
Scanlans Property Management LLP,Yorkshire,"Vantage Point, 23 Mark Road, Hemel Hempstead, HP2 7DN",01612368888,management@scanlanspm.com,https://www.scanlanspropertymanagement.com
Specialist Property Asset Management Ltd,Yorkshire,"Homer House, 8 Homer Road, 8 Homer Road, Solihull, Solihull, B91 3QQ",01217253620,rachael.ball@specialistpm.com,https://www.specialistpm.com/
Town &amp; City Management Limited,Yorkshire,"9 Pioneer Court, Morton Palms, Morton Palms, Darlington, DL1 4WD",01325 389689,chris@townandcity.com,https://www.townandcity.com
Trinity Estates Property Management Limited,Yorkshire,"Vantage Point, 23 Mark Road, Hemel Hempstead, HP27DN",03453451584,jps@trinityestates.com,https://www.trinityestates.com
Urang Property Management Ltd,Yorkshire,"196 New Kings Road, 196, London, SW6 4NF",020 7751 8095,Manoela.lopes@urang.co.uk,https://www.
Urbanbubble Limited,Yorkshire,"7 Dale Street, Sevendale House, Manchester, M1 1JA",01612363344,info@urbanbubble.co.uk,https://www.urbanbubble.co.uk
Warwick Estates Property Management Limited,Yorkshire,"One Station Approach, Station Approach, Harlow, CM20 2FB",0127 995 7400,Hello@we-pm.co.uk,https://we-pm.co.uk/
Watson Property Management,Yorkshire,"Watson Property Management, Glendevon House, 4 Hawthorn Park, Coal Road, Leeds, LS14 1PQ",01132738788,info@watsonpm.co.uk,https://www.watsonpm.co.uk
Zenith Management Limited,Yorkshire,"Zenith Management, NQ Building, 47 Bengal Street, Manchester, M4 6BB",01612451166,info@zenithmanagement.co.uk,https://www.zenithmanagement.co.uk
Alpha Housing Services Limited,North West,"1st Floor, 1 Chartfield House, Castle Street, Taunton, TA1 4AS",01823270661,info@alphahousingservices.co.uk,https://www.alphahousingservices.co.uk
Andrews Letting &amp; Management,North West,"42B High Street, Pixash Lane, Keynsham, Keynsham, BS31 1DX",0117 9294400,leaseholdadmin@andrewsonline.co.uk,https://www.andrewsonline.co.uk
Anthony James Consultancy Ltd,North West,"Charlotte House, 35-37 Hoghton Street,, 35-37 Hoghton Street, Southport, Southport, PR9 0NS",01704545800,pm@ajestateagents.co.uk,https://www.ajestateagents.co.uk
Asset Property Management Limited,North West,"218 Malvern Road, Bournemouth, 218 Malvern Road Bournemouth BH9 3BX, Bournemouth, BH9 3BX",01202 532898,enquiries@assetpropertymanagement.co.uk,https://www.assetpropertymanagement.co.uk
BLM Estate Management,North West,"9 Margaret&#x27;s Buildings, Bath, BA1 2LP",01225632222,office@bathleasehold.co.uk,https://www.bathleaseholdmanagement.co.uk
BNS Limited,North West,"18 Badminton Road, Downend, Bristol, BS16 6BQ",01179570809,info@bns.co.uk,https://www.bns.co.uk
BW Residential Limited,North West,"Unit 7 Chevron Business Park, Lime Kiln Lane, Southampton, SO45 2QL",02380847111,info@bwresidential.co.uk,https://www.bwresidential.co.uk
Bartley Management Limited,North West,"Newfrith House, 21 Hyde Street, Winchester, SO23 7DR",0345 017 9969,enquiries@bartleymanagement.co.uk,https://www.bartleymanagement.co.uk
Belgarum Property Management Ltd,North West,"Belgarum Property Management, Old Manor Nursery, Kilham Lane, Winchester, SO22 5QD",08002980069,olivia@bpmanagement.org,https://www.belgarum-property.co.uk/
Belmont Property Management,North West,"Belmont Management Services (South West) Limited, Daniell House, Falmouth Road, Truro, TR1 2HX",01872260606,enquiries@belmontpm.com,https://www.belmontpm.co.uk
Blockcontrol Partnership Ltd,North West,"Rico House, George Street, Prestwich, M25 9WS",01618837737,admin@bcpblockmanagement.co.uk,http://www.blockcontrolpartnership.co.uk/
Blockliving Limited,North West,"Bonded Warehouse, 18 Lower Byrom Street, 18 Lower Byrom Street, Manchester, M3 4AP",0808 178 3270,info@blockliving.co.uk,https://www.blockliving.co.uk
Blue Property Management UK Limited,North West,"3 East Circus Street, Nottingham, NG1 5AF",033,legal@bluepropertymanagementuk.com,http://www.bluepropertymanagementuk.com/
,North West,"12 High Street, Wirral, CH62 7HA",01513342933,daniel@b-a-o.com,https://b-a-o.com
Broadoak Management Limited,North West,"Unit 7 Hockliffe Business Park, Hockliffe, LU7 9NB",01525 211548,tmccabe@broadoakmanagement.co.uk,https://www.broadoakmanagement.com
,North West,"Kestrel House, 8a Calenick Street, 8a Calenick Street, Truro, TR1 2SF",01872 309369,hello@brooksestates.co.uk,https://www.brooksestates.co.uk
Burns Hamilton,North West,"Burns Hamilton, Hawthorn House, 1 Lowther Gardens, Bournemouth, BH8 8NF",01202391663,admin@burnshamilton.co.uk,https://www.burnshamilton.co.uk
Cannon Jones Estate Management Ltd,North West,"Brook House, 47 High Street, 47 High Street, Henley-In-Arden, B95 5AA",01564492998,lyndsey@cannonjones.co.uk,https://www.cannonjones.co.uk
,North West,"Office 7, 12 Jordan Street, 3a Bridgewater Street, Liverpool, L1 0BP",01512944342,pippa@carrickandreid.co.uk,https://www.carrickandreid.co.uk/
Casserly Property Management,North West,"10 James Nasmyth Way, Eccles, Manchester, M30 0SF",01617876197,info@casserlypm.co.uk,https://www.casserlypm.co.uk
Centrick Limited,North West,"Centrick, 19 Newhall Street, The Exchange, Birmingham, B3 3PJ",0330  012 4125,estate@centrick.co.uk,https://centrick.co.uk/
,North West,"32B Staple Gardens, Charlecote Mews, Winchester, SO23 8SR",01962 353777,l.teshima@charlecote.co.uk,https://www.charlecote.co.uk
Churchill Estates Management Limited,North West,"McCarthy House, Yeoman Road, Ringwood, BH24 3FA",01425888910,enquiries@cem.co.uk,https://www.cem.co.uk/
Clear Building Management Limited,North West,"Peter House, Oxford Street, Manchester, M1 5AN",0333 344 4996,support@clearbm.com,https://clearbuildingmanagement.com
Commerson Estate Management Ltd,North West,"Commerson Estate Management Limited, 6 Feast Field, Horsforth, Leeds, LS18 4TJ",03301112610,info@commerson.co.uk,https://www.commerson.co.uk
Connect UK (Nationwide) Ltd,North West,"Richmond House, 105 High Street, 105 High Street, Crawley, RH10 1DD",01293665642,info@connectuknationwide.co.uk,https://connectuknationwide.co.uk/
Cosgroves Block Management,North West,"49-51 Osborne Road, Southsea, PO5 3LS",02392 827827,info@cosgroves.co.uk,https://www.cosgroves.co.uk
Cottons Chartered Surveyors,North West,"Cavendish House, 359/361 Hagley Road, 359 - 361 Hagley Road, Edgbaston, Birmingham, B17 8DL",01212472030,property@cottons.co.uk,https://www.cottons.co.uk
Crabtree PM Limited,North West,"Fisher House, 84 Fisherton Street, Salisbury, Wiltshire, E14 9FH",020 8371 7070,,http://www.crabtreeproperty.co.uk
DFC Property Management Limited,North West,"2-3 New Broadway, Worthing, BN16 1DY",01903874108,Yolanda@dfcpm.co.uk,https://dfcpropertymanagement.co.uk/
DNA Property Management Services,North West,"27-29 Great George Street, Hailstone Farm, Redhill, Bristol, BS1 5QT",01179200141,info@dnaproperties.co.uk,https://www.dnaproperties.co.uk
Denar Property Management,North West,"Unit AH36, Argent House, Seven Kings Way, The Royal Quarter, Surbiton, KT6 7LD",02035511022,info@denarpropertymanagement.co.uk,https://www.denarpropertymanagement.co.uk/
Denfords Property Management,North West,"Top Floor Endeavour Building, Shamrock Quay, William Street, Endeavour Building, Shamrock Quay, William Street, Southampton, SO14 5QL",02380386970,enquiries@denfords.co.uk,https://www.dpmhampshire.co.uk/
Easton Bevins,North West,"Unit 26 Osprey Court, Hawkfield Way, Osprey Court, Hawkfield Business Park, Bristol, BS14 0BB",01179443000,n.bevan@eastonbevins.co.uk,https://www.eastonbevins.co.uk/
Encore Estate Management Ltd,North West,"2 Hills Road, Cambridge, CB2 1JP",01223 866980,info@encoreestates.co.uk,https://www.encoreestates.co.uk
Exclusive Property Management Ltd,North West,"Six Olton Bridge, 245 Warwick Road, Solihull, B92 7AH",01217077727,james@exclusivepm.co.uk,https://www.exclusivepm.co.uk
Expert Property Management Ltd,North West,"71 Windsor Road, Manchester, M25 0DB",07536986395,Sandra@mcrpi.co.uk,https://www.mcrpi.co.uk
FSL Estate Agents Ltd,North West,"8 Lakeside, Calder Island Way, Wakefield, WF2 7AW",01924 200101,,http://www.fslea.com
Fexco Property Services (Management) Limited t/a Remus Management Ltd,North West,"Fisher House, 84 Fisherton Street, Salisbury, SP2 7QY",01722328685,alyx.chapple@remus-mgmt.co.uk,https://www.remus.uk.com
Fifield Glyn,North West,"1 Royal Mews, Gadbrook Park, Northwich, CW9 7UD",02076296457,all@fifieldglyn.com,https://www.fifieldglyn.com
2ManageProperty Ltd,North East,"13 Loudwwater Close, Delta Way, Sunbury on Thames, TW66DD",01932 705917,info@2manageproperty.co.uk,https://2mangeproperty.co.uk
ACL Block Management,North East,"Upper Pendrill Court, Ermine Street North, Papworth Everard, 8 Woodhead Place, Cambridge, CB23 3UY",01223 953355,clients@aclblockmanagement.co.uk,https://www.aclblockmanagement.co.uk
,North East,"54 Guildford Road Horsham, Guildford Road, Horsham, RH12 1LX",07795843127,martin.holt@allres.co.uk,https://www.allres.co.uk
AM Surveying &amp; Block Management,North East,"Penelope House, Westerhill Road, Coxheath Kent ME17 4DH, Coxheath, ME17 4DH",01732220598,enquiries@amsbm.co.uk,https://www.amsbm.co.uk/
APT Property Management Limited,North East,"32 Chequer Street, Fenstanton, Fenstanton, PE28 9JJ",07740107622,dolores@aptpropertymanagement.co.uk,https://www.aptpropertymanagement.co.uk
Accordant Estates Company Limited,North East,"8 Hemmells, 139 School Avenue, Basildon, SS15 6ED",01268421180,admin@accordantestates.com,https://www.accordantestates.com
Acorn Estate Management Ltd,North East,"Acorn Estate Management, 9 St Marks Road, Bromley, BR2 9HG",02083156980,em@acorngroup.co.uk,https://www.acorngroup.co.uk/estatemanagement
Adur Property Management Ltd,North East,"27 Anchor Close, Shoreham-by-Sea, BN43 5BY",01273 252526,info@adurproperty.net,https://www.adurproperty.net
Anthony James Consultancy Ltd,North East,"Charlotte House, 35-37 Hoghton Street,, 35-37 Hoghton Street, Southport, Southport, PR9 0NS",01704545800,pm@ajestateagents.co.uk,https://www.ajestateagents.co.uk
Appointmoor Estates,North East,"72 The Ridgeway, Westcliff-On-Sea, SS0 8NU",01702 719966,blockmanagement@appointmoor.co.uk,https://www.appointmoor.co.uk
Arko Property Management Limited,North East,"29 Cornwallis Street, Hastings, TN34 1SS",01424439786,george@arko.co.uk,https://Arko.co.uk
Aspect Property Management Limited,North East,"2 Hills Road, Cambridge, CB2 1JP",02078281664,info@aspectpropertymanagement.co.uk,https://www.aspectpropertymanagement.co.uk/
Aspire Block and Estate Management Limited,North East,"Aspire Block and Estate Management Limited, 395B Wenta Business Centre, Colne Way, Watford, WD24 7ND",01923 372169,pm@aspire-management.co.uk,https://www.aspire-management.co.uk
Austin Rees Limited,North East,"Austin Rees Ltd, 135-137 Dyke Road, Hove, BN3 1TJ",01273207501,info@austinrees.com,https://www.austinrees.com
,North East,"2nd Floor, Market House, Market House, Market Square, Aylesbury, HP20 1TN",01296821296,welcome@b2bproperty.co.uk,https://b2bproperty.co.uk
BW Residential Limited,North East,"Unit 7 Chevron Business Park, Lime Kiln Lane, Southampton, SO45 2QL",02380847111,info@bwresidential.co.uk,https://www.bwresidential.co.uk
Banner Property Services Limited,North East,"Unit 2 Devonshire House, Cliveden Office Village, Lancaster Road,, High Wycombe, HP12 3YZ",01628522888,mail@bpsltd.co.uk,https://www.bpsltd.co.uk/
Bartley Management Limited,North East,"Newfrith House, 21 Hyde Street, Winchester, SO23 7DR",0345 017 9969,enquiries@bartleymanagement.co.uk,https://www.bartleymanagement.co.uk
Beard and Ayers Limited,North East,"Provincial House, 3 Goldington Road, Provincial House, Bedford, MK40 3JY",01234343359,admin@beardandayers.com,https://beardandayers.com
Beckenham and Bromley Property Management Limited,North East,"27 Seven Acres, New Ash Green, 27 Seven Acres, Longfield, DA3 8RN",,accounts@becbromprop.co.uk,http://www.becbromprop.co.uk/
Belgarum Property Management Ltd,North East,"Belgarum Property Management, Old Manor Nursery, Kilham Lane, Winchester, SO22 5QD",08002980069,olivia@bpmanagement.org,https://www.belgarum-property.co.uk/
Blockcontrol Partnership Ltd,North East,"Rico House, George Street, Prestwich, M25 9WS",01618837737,admin@bcpblockmanagement.co.uk,http://www.blockcontrolpartnership.co.uk/
Blockliving Limited,North East,"Bonded Warehouse, 18 Lower Byrom Street, 18 Lower Byrom Street, Manchester, M3 4AP",0808 178 3270,info@blockliving.co.uk,https://www.blockliving.co.uk
Blue Property Management UK Limited,North East,"3 East Circus Street, Nottingham, NG1 5AF",033,legal@bluepropertymanagementuk.com,http://www.bluepropertymanagementuk.com/
Boydens Ltd,North East,"Boydens Limited, Aston House, 57-59 Crouch Street, Colchester, CO3 3EY",01206764321,alex.kane@boydens.co.uk,https://www.boydens.co.uk
,North East,"12 High Street, Wirral, CH62 7HA",01513342933,daniel@b-a-o.com,https://b-a-o.com
Broadoak Management Limited,North East,"Unit 7 Hockliffe Business Park, Hockliffe, LU7 9NB",01525 211548,tmccabe@broadoakmanagement.co.uk,https://www.broadoakmanagement.com
Burkinshaw Block Management,North East,"5 Birling Road, Tunbridge Wells, TN2 5LX",01892 501100,info@bbm.co.uk,https://www.bbm.co.uk
Burns Hamilton,North East,"Burns Hamilton, Hawthorn House, 1 Lowther Gardens, Bournemouth, BH8 8NF",01202391663,admin@burnshamilton.co.uk,https://www.burnshamilton.co.uk
Butlin Property Services,North East,"40 Howard Road, Leicester, LE2 1XG",01162703705,nick.chatt@butlinps.co.uk,https://www.butlinps.co.uk
C G Spratt and Son,North East,"70A Brighton Road, Worthing, BN11 2EN",01903 234343,michaelb@psandb.co.uk,https://www.sprattandson.co.uk
,North East,"Office 7, 12 Jordan Street, 3a Bridgewater Street, Liverpool, L1 0BP",01512944342,pippa@carrickandreid.co.uk,https://www.carrickandreid.co.uk/
Carringtons Residential Management Limited,North East,"The Lodge, Stadium Way, Harlow, CM19 5FP",01279 701239,info@carringtonsrml.co.uk,https://www.carringtonsrml.co.uk
Casserly Property Management,North East,"10 James Nasmyth Way, Eccles, Manchester, M30 0SF",01617876197,info@casserlypm.co.uk,https://www.casserlypm.co.uk
Caxtons Property Consultants,North East,"49-50 Windmill Street, 49/50 Windmill Street, Gravesend, DA12 1BG",01474537733,jsinclair@caxtons.com,https://www.caxtons.com
Centrick Limited,North East,"Centrick, 19 Newhall Street, The Exchange, Birmingham, B3 3PJ",0330  012 4125,estate@centrick.co.uk,https://centrick.co.uk/
Charles Cox Property Management,North East,"Unit 50, Enterprise Centre, Newhaven, BN9 9BA",01323 894400,block@charlescox.co.uk,https://www.charlescox.co.uk
Churchill Estates Management Limited,North East,"McCarthy House, Yeoman Road, Ringwood, BH24 3FA",01425888910,enquiries@cem.co.uk,https://www.cem.co.uk/
,North East,"Pipers Corner, Old School Lane, Pipers Corner, Old School Lane, Ryarsh, ME19 5LP",07980 353220,cgw@clarewarnham.co.uk,https://www.clarewarnham.co.uk
Clear Building Management Limited,North East,"Peter House, Oxford Street, Manchester, M1 5AN",0333 344 4996,support@clearbm.com,https://clearbuildingmanagement.com
