Town,Name,Address,Phone,Website
Cardiff,The Botanist Cardiff,"10, 5 Church St, Cardiff CF10 1BG, UK",029 2013 0053,http://www.thebotanist.uk.com/locations/cardiff
Cardiff,The Cardiff Townhouse,"18 The Hayes, St Davids Centre, Cardiff CF10 1AH, UK",029 2002 7685,https://www.coppaclub.co.uk/the-cardiff-townhouse?utm_source=Organic+Search&utm_medium=Local&utm_campaign=GB_Cardiff&utm_content=listing
Cardiff,Parallel by Pasture,"11 High St, Cardiff CF10 1AW, UK",07742 885440,https://parallelrestaurant.com/
Cardiff,The Ivy Asia Cardiff,"45 The Hayes, St Davids Centre, Cardiff CF10 1GA, UK",029 2280 6280,https://theivyasia.com/asian-food-near-me/asian-restaurants-wales/the-ivy-asia-cardiff/
Cardiff,The Welsh House Cardiff Restaurant & Bar,"5A High St, Cardiff CF10 1AW, UK",029 2280 6067,https://thewelsh-house.co.uk/
Cardiff,Pasture Restaurant Cardiff,"8-10 High St, Cardiff CF10 1AW, UK",07511 217422,http://www.pasturerestaurant.com/
Cardiff,Neighbourhood Kitchen & Cocktails,"80 Tudor St, Cardiff CF11 6AL, UK",07871 316018,https://neighbourhoodkitchen.co.uk/
Cardiff,Six by Nico Cardiff,"27 High St, Cardiff CF10 1PU, UK",029 2002 6666,https://www.sixbynico.co.uk/cardiff/the-chippie/
Cardiff,The Potted Pig,"27 High St, Cardiff CF10 1PU, UK",029 2022 4817,http://www.thepottedpig.com/
Cardiff,Cosy Club,"St David's Dewi Sant, 1 Hills St, St Davids Centre, Cardiff CF10 2LE, UK",029 2022 5998,https://cosyclub.co.uk/location/cardiff
Cardiff,A Pin of Salt,"12 City Rd, Cardiff CF24 3DL, UK",029 2048 6580,https://apinofsalt.co.uk/
Cardiff,The Botanist Cardiff Bay,"6 Mermaid Quay Unit 4, Cardiff CF10 5BZ, UK",029 2270 0075,https://thebotanist.uk.com/locations/cardiff-bay
Cardiff,Gaucho Cardiff,"David's Dewi Sant, 19 The Hayes, St Davids Centre, Cardiff CF10 2EL, UK",029 2059 6979,https://gauchorestaurants.com/restaurants/cardiff/
Cardiff,Banana Tree Cardiff,"16 Mill Ln, Cardiff CF10 1FL, UK",029 2010 0778,https://bananatree.co.uk/restaurants/cardiff/?utm_campaign=google_lpm_bananatree_cardiff
Cardiff,Browns Cardiff,"Mill Ln, Cardiff CF10 1EZ, UK",029 2002 3641,https://www.browns-restaurants.co.uk/restaurants/wales/cardiff#
Cardiff,Gorse,"186-188 Kings Rd, Pontcanna, Cardiff CF11 9DF, UK",029 2037 2055,https://www.gorserestaurant.co.uk/
Cardiff,Sonder Bar & Bistro,"72 Llandaff Rd, Pontcanna, Cardiff CF11 9NL, UK",07751 623002,https://www.sonderbarandbistro.com/
Cardiff,Bill's Cardiff Central Restaurant,"27-39 Wyndham Arcade, Mill Ln, Cardiff CF10 1FH, UK",020 8054 5400,https://bills-website.co.uk/restaurants/cardiff-central/?utm_source=LocalGoogle&utm_medium=Organic
Cardiff,Fat Hippo Cardiff,"17 Church St, Cardiff CF10 1BG, UK",029 2280 4365,https://www.fathippo.co.uk/
Cardiff,The Ivy Cardiff,"69/70 St David’s, St Davids Centre, Cardiff CF10 1GA, UK",029 2233 8940,https://ivycollection.com/restaurants-near-me/the-ivy-wales/the-ivy-cardiff/?utm_source=LocalGoogle&utm_medium=Organic
Cardiff,Asador 44 Spanish Grill & Wine House,"14-15 Quay St., Cardiff CF10 1EA, UK",029 2002 0039,https://grupo44.co.uk/asador44/
Cardiff,Ogof,"11 Kings Rd, Pontcanna, Cardiff CF11 9BZ, UK",,https://www.ogofcardiff.co.uk/
Cardiff,The Customs Shed,"Schooner Way, Cardiff CF10 4RT, UK",029 2047 5000,https://all.accor.com/hotel/5982/index.en.shtml
Cardiff,Daffodil,"33 Windsor Pl, Cardiff CF10 3BZ, UK",029 2151 0047,https://daffodilcardiff.co.uk/
Cardiff,Bar 44 Cardiff,"15-23 Westgate St, Cardiff CF10 1DD, UK",0333 344 4049,https://grupo44.co.uk/bar44/cardiff/
Cardiff,Hiraeth,"587 Cowbridge Rd E, Cardiff CF5 1BE, UK",,https://www.hiraethkitchen.com/
Cardiff,Shaam nights restaurant,"116 City Rd, Roath, Cardiff CF24 3DQ, UK",029 2048 2824,https://shaamnights.com/
Cardiff,Castello Grill House,"76 City Rd, Cardiff CF24 3DD, UK",029 2030 3333,
Cardiff,L2 restaurant,"St Mary St, Cardiff CF10 2EQ, UK",029 2022 4488,https://motorpointarenacardiff.co.uk/restaurant/l2-restaurant-bar
Cardiff,Las Iguanas - Cardiff,"8 Mill Ln, Cardiff CF10 1FL, UK",029 2274 1566,https://www.iguanas.co.uk/restaurants/cardiff/?utm_source=google&utm_medium=organic&utm_campaign=google_lpm_lasiguanas_cardiff
Cardiff,The Sorting Room Restaurant,"Westgate St, Cardiff CF10 1DA, UK",029 2274 5595,https://www.theparkgatehotel.wales/home/restaurant-bar/
Cardiff,Tŷ Madeira Restaurant,"32 St Mary St, Cardiff CF10 1AB, UK",029 2022 4477,https://www.tymadeira.co.uk/
Cardiff,Turtle Bay Cardiff,"114-116 St Mary St, Cardiff CF10 1DY, UK",029 2034 2006,https://turtlebay.co.uk/restaurants/cardiff
Cardiff,Le Monde Restaurant Cardiff,"60 - 62 St Mary St, Cardiff CF10 1FE, UK",029 2023 1688,https://www.le-monde-restaurant.co.uk/
Cardiff,Mowgli Street Food Cardiff,"5, Unit C, 10 Church St, Cardiff CF10 1BG, UK",029 2009 9565,https://www.mowglistreetfood.com/restaurants/cardiff/
Cardiff,The Smoke Haus,"Mary Ann St, St Davids Centre, Cardiff CF10 2EN, UK",029 2022 0777,http://www.thesmokehaus.co.uk/
Cardiff,"Thomas, the brasserie","3 & 5 Pontcanna St, Pontcanna, Cardiff CF11 9HQ, UK",029 2116 7800,https://thomas-pontcanna.co.uk/
Cardiff,Bill's Cardiff Bay Restaurant,"Pilotage Bldg, Stuart St, Cardiff CF10 5BW, UK",020 8054 5400,https://bills-website.co.uk/restaurants/cardiff-bay/?utm_source=LocalGoogle&utm_medium=Organic
Cardiff,Côte Cardiff Central,"10-11 Mill Ln, Cardiff CF10 1FL, UK",029 2034 3810,https://www.cote.co.uk/restaurant/cardiff-central?utm_source=google&utm_medium=organic&utm_campaign=google+my+business
Cardiff,Lezzet Turkish Kitchen,"106 St Mary St, Cardiff CF10 1DX, UK",029 2132 1415,http://www.lezzetcardiff.co.uk/
Cardiff,Giovannis On The Hayes,"38 The Hayes, Cardiff CF10 1AJ, UK",029 2022 0077,https://www.giovanniscardiff.co.uk/
Cardiff,Wahaca Cardiff,"51-53 The Hayes, Bridge St, St Davids Centre, Cardiff CF10 1GA, UK",029 2166 1314,http://www.wahaca.co.uk/locations/cardiff?utm_source=gmb&utm_medium=Yext&y_source=1_MTkxNDIwMzAtNzE1LWxvY2F0aW9uLndlYnNpdGU%3D
Cardiff,The Cardiff Stable,"Ty Admiral House, Ty Admiral, Bridge St, Cardiff CF10 2EH, UK",029 2022 1721,https://stablepizza.com/cardiff/
Cardiff,Bosco Pizzeria,"14 High St, Cardiff CF10 1AX, UK",029 2111 1345,http://boscopizzeria.co.uk/
Cardiff,Deli Fuego,"91 - 99 City Rd, Cardiff CF24 3BN, UK",029 2049 1141,http://delifuego.com/
Cardiff,The Old Custom House,"Custom House, Cardiff, Penarth CF64 1TT, UK",029 2070 5551,http://www.theoldcustomhousepenarth.co.uk/
Cardiff,Prezzo,"Eastside, 14 Bridge St, St Davids Centre, Arcade, Cardiff CF10 2EF, UK",029 2267 7273,https://www.prezzo.co.uk/restaurants/cardiff-st-davids/
Cardiff,Crispy Dosa Restaurant Cardiff,"30 St Mary St, Cardiff CF10 1AB, UK",029 2297 2849,
Cardiff,Hub Box Cardiff,"Unit 23/23A, Mermaid Quay, Cardiff CF10 5BZ, UK",029 2046 2655,https://hubbox.co.uk/locations/cardiff/
Cardiff,Ciliegino,"90 Grand Arcade, St David's, Shopping Center, Dewi Sant, Upper East Side, St Davids Centre, Cardiff CF10 2EL, UK",029 2034 0547,http://cilieginorestaurant.co.uk/
Cardiff,Elgano Italian Restaurant,"58 Cathedral Rd, Pontcanna, Cardiff CF11 9LL, UK",029 2025 5853,http://www.elgano.co.uk/
Cardiff,Graze,"Greyfriars Rd, Cardiff CF10 3HH, UK",029 2064 6400,https://www.grazecardiff.com/
Cardiff,Heaneys Restaurant,"6-10 Romilly Cres, Pontcanna, Cardiff CF11 9NR, UK",029 2034 1264,http://www.heaneyscardiff.co.uk/
Cardiff,Chopstix - Cardiff St. David's,"Unit KLG15 St. David’s Shopping Centre, St Davids Centre, Cardiff CF10 1EQ, UK",029 2000 1655,http://chopstixgroup.com/
Cardiff,Cedar Tree Farm - Farmhouse Inns,"Ferry Rd, Cardiff CF11 0JR, UK",029 2034 1823,https://www.farmhouseinns.co.uk/pubs/south-glamorgan/cedar-tree-farm?utm_source=g_places&utm_medium=locations&utm_campaign=FHI_pubpage
Cardiff,Porto's,"The Old Brewery Quarter, Caroline St, Cardiff CF10 1FG, UK",029 2022 7147,https://miaportodue.co.uk/
Cardiff,The Heathcock,"58-60 Bridge St, Cardiff CF5 2EN, UK",029 2115 2290,https://heathcockcardiff.com/
Cardiff,Côte Cardiff Bay,"25, Mermaid Quay, Cardiff CF10 5BZ, UK",029 2045 3780,https://www.cote.co.uk/restaurant/cardiff-bay?utm_source=google&utm_medium=organic&utm_campaign=google+my+business
Cardiff,Cosy Club,"Unit 24, Unit 7a, Mermaid Quay, Cardiff CF10 5BZ, UK",029 2050 9008,https://cosyclub.co.uk/location/cardiff-bay/
Cardiff,ASK Italian - Cardiff,"24, 32 Wyndham Arcade, Mill Ln, Cardiff CF10 1FJ, UK",029 2034 4665,https://www.askitalian.co.uk/italian/restaurants/cardiff?utm_source=google&utm_medium=knowledgepanel&utm_campaign=GMB
Swansea,The Observatory Swansea,"Marine Quarter, The Slipway, Maritime Quarter, Swansea SA1 1YB, UK",01792 960526,https://swanseaobservatory.square.site/
Swansea,The Shed Restaurant,"Unit 1-2, J Shed Arcade, Kings Rd, Swansea SA1 8PL, UK",01792 712120,http://www.theshedsa1.com/
Swansea,Antep Restaurant,"84 The Kingsway, Swansea SA1 5JE, UK",01792 220405,
Swansea,Cattle & Co Swansea,"1 York St, Swansea SA1 3LZ, UK",01792 969314,https://cattleandco.co.uk/
Swansea,Truffle,"1A King Edward Rd, Swansea SA1 4LH, UK",01792 547246,http://www.truffleswansea.com/
Swansea,Altitude28 Restaurant & Sky Bar,"Top of, Meridian Tower, Trawler Rd, Maritime Quarter, Swansea SA1 1JW, UK",01792 712772,http://www.altitude28skybar.co.uk/
Swansea,Bella Ciao Swansea,"46 The Kingsway, Swansea SA1 5HG, UK",01792 470000,http://www.bellaciaorestaurants.co.uk/
Swansea,The Welsh House Swansea Restaurant & Bar,"Unit 5, J Shed Arcade, Swansea SA1 8PL, UK",01792 480749,https://thewelsh-house.co.uk/
Swansea,Abyssinia Restaurant,"213 Oxford St, Swansea SA1 3BG, UK",07460 335274,https://sites.google.com/view/abyssinia-restaurant-swansea/home?authuser=2
Swansea,Founders & Co. Swansea,"24 Wind St, Swansea SA1 1DY, UK",01792 962710,https://foundersandco.uk/?utm_source=Google&utm_medium=Yext&y_source=1_NTA2NjA0MDgtNzE1LWxvY2F0aW9uLndlYnNpdGU%3D
Swansea,Orka,"6 Princess Way, Swansea SA1 3LW, UK",07487 602541,https://www.orkarestaurants.com/
Swansea,Luigi's Restaurant,"14-16 Orchard St, Swansea SA1 5AG, UK",01792 803024,https://luigisrestaurant.uk/
Swansea,The Secret Beach Bar & Kitchen,"The Secret Beach Bar & Kitchen, Mumbles Rd, Brynmill, Swansea SA2 0AY, UK",01792 439220,http://www.thesecretswansea.co.uk/
Swansea,Muswanna,"13 Dillwyn St, Swansea SA1 4AQ, UK",01792 979729,https://www.muswanna.co.uk/
Swansea,Bouchon De Rossi,"217 Whitewalls, Swansea SA1 3BG, UK",01792 655780,http://www.bouchonderossi.co.uk/
Swansea,Las Iguanas - Swansea,"Unit A-B, Castle Quarter, Castle Lane, Swansea SA1 2AH, UK",01792 344770,https://www.iguanas.co.uk/restaurants/swansea/?utm_source=google&utm_medium=organic&utm_campaign=google_lpm_lasiguanas_swansea
Swansea,Dosa Bar,"Green Dragon Ln, Swansea SA1 1DG, UK",01792 951309,http://www.dosabar.co.uk/
Swansea,The River House,"The River House, Ice House, Kings Rd, Swansea SA1 8AW, UK",01792 649060,http://www.riverhouse.co.uk/
Swansea,Belle Vue Bistro Swansea ltd,"6-8 Bellevue Way, Swansea SA1 5BY, UK",01792 650284,https://www.bellevuebistroswansea.com/
Swansea,El Pescador Restaurant & Bar,"Trawler Rd, Maritime Quarter, Swansea SA1 1LB, UK",01792 464947,http://www.elpescador.co.uk/
Swansea,Turtle Bay Swansea,"10 Castle St, Swansea SA1 1JF, UK",01792 467060,https://turtlebay.co.uk/restaurants/swansea
Swansea,Hoogah,"68 Brynymor Rd, Swansea SA1 4JJ, UK",01792 449731,http://www.hoogah-swansea.com/
Swansea,Red Sea Restaurant,"15 Mansel St, Swansea SA1 5SG, UK",01792 974537,
Swansea,wagamama swansea,"unit 14, the city gates, Swansea SA1 1EE, UK",01792 940219,https://www.wagamama.com/restaurants/swansea/swansea
Swansea,Maison De Masala,"Unit 2B, Parc Tawe, Swansea SA1 2AS, UK",01792 974146,https://www.maisondemasala.co.uk/
Swansea,Zinco Lounge,"30 Princess Way, Swansea SA1 5HE, UK",01792 644812,https://thelounges.co.uk/zinco/
Swansea,Greek Flavours,"32 The Kingsway, Swansea SA1 5LE, UK",01792 381143,https://www.greek-flavours.com/
Swansea,Rasoi Waterfront,"Unit 3-4, J Shed, Kings Rd, Swansea SA1 8PL, UK",01792 462350,http://rasoiwaterfront.co.uk/
Swansea,El Fuego | Mediterranean Grill Steakhouse and Bar Restaurant,"3 Victoria Rd, Swansea SA1 3NE, UK",01792 470004,http://elfuego.uk/
Swansea,Zazah Buffet Swansea - Live Street Kitchen,"Little Wind St, Swansea SA1 1ED, UK",01792 803837,https://zazahbuffet.co.uk/
Swansea,On The Rocks,"Old Lifeboat House, Mumbles, Swansea SA3 4EN, UK",01792 365205,http://www.ontherocksmumbles.com/
Swansea,Burger Freakz Swansea,"29 Mansel St, Swansea SA1 5SQ, UK",01792 969496,https://burgerfreakz.co.uk/
Swansea,Popeyes Louisiana Chicken,"6-7 Whitewalls, Oxford St, Swansea SA1 3AE, UK",0330 175 8760,http://popeyesuk.com/restaurants/swansea
Swansea,BrewStone,"33 Uplands Cres, Uplands, Swansea SA2 0NP, UK",01792 470480,http://www.brewstone.co.uk/
Swansea,THE ANCHOR SWANSEA MARINA,"1 Anchor Ct, Maritime Quarter, Swansea SA1 3XA, UK",01792 683195,https://www.theanchorswansea.co.uk/
Swansea,Classy Kitchen,"7 Fabian Way, Port Tennant, Swansea SA1 8LD, UK",07311 247696,http://classykitchenltd.co.uk/
Swansea,Awa Grill House ( Restaurant ),"8-10 College St, Swansea SA1 5AE, UK",01792 475767,https://linktr.ee/AwaGrillSwansea?utm_source=linktree_profile_share&ltsid=fe21bb05-5960-4bbe-8c66-6d03bd3077ef
Swansea,La Toscana,"233 High St, Swansea SA1 1NY, UK",01792 448947,
Swansea,La Braseria,"28-30 Wind St, Swansea SA1 1DZ, UK",01792 469683,https://labraseria.com/
Swansea,Gallinis Italian Restaurant,"Unit 3, Maritime Quarter, Swansea SA1 1UP, UK",01792 456285,http://www.gallinisrestaurant.co.uk/
Swansea,The Swigg,"National Waterfront Museum, Maritime Quarter, Swansea SA1 3RD, UK",,http://www.theswigg.co.uk/
Swansea,ASK Italian - Swansea,"6 Wind St, Swansea SA1 1DF, UK",01792 477070,https://www.askitalian.co.uk/italian/restaurants/swansea?utm_source=google&utm_medium=knowledgepanel&utm_campaign=GMB
Swansea,Raj Kitchen Swansea,"40-41 Castle St, Swansea SA1 1HZ, UK",01792 446966,http://rajkitchenswansea.co.uk/
Swansea,Pant-y-Gwydr restaurant,"180 Oxford St, Swansea SA1 3JA, UK",01792 455498,http://www.pantygwydr.com/
Swansea,Kurdistan Restaurant,"22A St Helen's Rd, Swansea SA1 4AP, UK",01792 474141,
Swansea,The Waterfront Beefeater,"The, waterfront development, Langdon Rd, Swansea SA1 8PL, UK",01792 452514,https://www.beefeater.co.uk/en-gb/locations/swansea/the-waterfront?cid=GLBC_40032560
Swansea,Pub & Grill Swansea,"off Langdon Rd, Fabian Way, Swansea SA1 8QY, UK",0333 006 5222,https://www.village-hotels.co.uk/swansea
Swansea,Lotus,"Unit 2, The Icehouse, Kings Rd, Swansea SA1 8AW, UK",01792 461391,http://www.lotusswansea.co.uk/
Swansea,Pump House,"Pump House Quay, Maritime Quarter, Swansea SA1 1TT, UK",01792 651080,https://www.pumphousepubswansea.co.uk/?utm_source=gbp&utm_medium=Yext&y_source=1_MjgwNDU0MjEtNzE1LWxvY2F0aW9uLndlYnNpdGU%3D
Swansea,Langland's Brasserie,"Brynfield Rd, Newton, Swansea SA3 4SQ, UK",01792 363699,http://www.langlandsbrasserie.co.uk/
Swansea,The Wine House Swansea,"Unit 1, Altamar, Kings Road, Swansea SA1 8PP, UK",01792 457000,http://www.thewelsh-house.co.uk/
Swansea,The Woodman,"120 Mumbles Rd, Mayals, Swansea SA3 5AS, UK",01792 402700,https://www.chefandbrewer.com/pubs/west-glamorgan/woodman?utm_source=g_places&utm_medium=locations&utm_campaign=CB_pubpage
Swansea,Milanos restaurant swansea,"67 Plymouth St, Swansea SA1 3QG, UK",01792 649716,
Swansea,Joyato Restaurant Swansea,"Next to Vue Cinema, Salubrious Pl, Swansea SA1 3DA, UK",01792 399488,https://joyato.co.uk/
Swansea,Restaurant & Bar,"Trawler Rd, Maritime Quarter, Swansea SA1 3SS, UK",01792 634835,https://www.marriott.com/en-us/hotels/cwlsd-delta-hotels-swansea/dining/?scid=feed67b0-9a2f-4de1-8df6-114544116108
Swansea,Chopstix - Swansea,"806 Oxford St, Swansea SA1 3AF, UK",01792 722050,https://www.chopstixnoodles.co.uk/
Swansea,Adelinas bar and kitchen,"Patti pavilion, Mumbles Rd, Swansea SA1 4PQ, UK",01792 475444,https://adelinasbarandkitchen.co.uk/
Swansea,The Westbourne,"1 Brynymor Rd, Swansea SA1 4JQ, UK",01792 316807,
Swansea,Slim Chickens,"39-40 Wind St, Swansea SA1 1EF, UK",01792 722854,http://slimchickens.co.uk/
Swansea,ROK Mumbles,"Bracelet Bay, ROK Mumbles, Mumbles Rd, Mumbles, Swansea SA3 4JT, UK",01792 712210,http://www.rokmumbles.co.uk/
Newport,Fowl & Fury Newport,"The Provision Market, Newport NP20 1FX, UK",,
Newport,Fratelli Newport,"131 Caerleon Rd, Newport NP19 7BZ, UK",01633 639150,https://www.fratellinewport.co.uk/
Newport,The Italian Job Newport,"Newport Market, High St, Newport NP20 1FX, UK",,https://instagram.com/__theitalianjob__?igshid=NTc4MTIwNjQ2YQ==
Newport,MOMOPLUS+,"Newport Market, High St, Newport NP20 1FX, UK",,
Newport,Junction 28,"Station Approach, Bassaleg, Newport NP10 8LD, UK",01633 891891,http://www.junction28.co.uk/
Newport,Gem 42,"42 Bridge St, Newport NP20 4NY, UK",01633 287591,http://www.gem42.co.uk/
Newport,Moka E Farina,"31 Commercial St, Newport NP20 1HJ, UK",01633 847009,
Newport,Ceylon M8 Newport,"M0.12, Newport Market, High St, Newport NP20 1FX, UK",07828 737347,
Newport,Vittorio’s,"113 Stow Hill, Newport NP20 4ED, UK",01633 840261,http://www.vittoriosrestaurant.co.uk/
Newport,The Tickled Trout Newport,"13 Market St, Newport NP20 1FU, UK",01633 904112,http://www.the-tickled-trout.com/
Newport,NP20 Bar and Kitchen,"Chartist Tower, Newport NP20 1DW, UK",01633 837700,https://www.mercurenewport.co.uk/restaurant-and-bar-np20/
Newport,Blaina Wharf,"E Dock Rd, Newport NP20 2FR, UK",01633 262679,http://www.blainawharfpubnewport.co.uk/?utm_source=gbp&utm_medium=Yext&y_source=1_OTMyODgxMC03MTUtbG9jYXRpb24ud2Vic2l0ZQ%3D%3D
Newport,Zizzi - Newport,"Unit R1B, Friars Walk Shopping Centre, Kingsway Centre, Newport NP20 1EA, UK",01633 370404,https://www.zizzi.co.uk/italian-restaurants/wales/newport?utm_source=google&utm_medium=knowledgepanel&utm_campaign=GMB
Newport,Las Iguanas - Newport,"75, Friars Walk Shopping Centre, Kingsway Centre, Newport NP20 1DS, UK",01633 746706,https://www.iguanas.co.uk/restaurants/newport/?utm_source=google&utm_medium=organic&utm_campaign=google_lpm_lasiguanas_newport
Newport,BAR.CODE,"BarCode, Rodney Rd, Newport NP19 0AD, UK",07848 831616,http://www.barcodenewport.com/
Newport,The Rib Smokehouse & Grill,"Unnamed Road, Langstone, Newport NP18 2LH, UK",,https://www.celtic-manor.com/dining/restaurants/the-rib-smokehouse-grill
Newport,Drago Lounge,"Friars walk Mall, Kingsway Centre, R2, Newport NP20 1DS, UK",01633 267717,https://thelounges.co.uk/drago/
Newport,Cairo Corner,"188 Upper Dock St, Newport NP20 1DB, UK",07376 669169,
Newport,The Snug Restaurant & WOOD-FIRED PIZZERIA,"High St, Caerleon, Newport NP18 1AG, UK",01633 430238,http://www.thesnugcaerleon.co.uk/
Newport,K-Way Bonjuknewport,"High Street M13, Market, Newport NP20 1FX, UK",,
Newport,Prezzo,"Friars Walk Shopping Centre, Unit 65 Usk Plz, Newport NP20 1DS, UK",01633 358336,https://www.prezzo.co.uk/restaurants/newport/
Newport,wagamama newport,"unit r9, friars walk, Newport NP20 1DW, UK",01633 481218,https://www.wagamama.com/restaurants/newport/newport
Newport,The Dragonfly,"Lakeside Dr, Duffryn, Newport NP10 8BB, UK",01633 810611,https://www.vintageinn.co.uk/restaurants/wales/thedragonflynewport?utm_source=google&utm_medium=organic&utm_campaign=gmb-homepage
Newport,Taste of Asia,"3 Caxton Pl, Baneswell, Newport NP20 4BN, UK",01633 221333,http://www.tasteofasianewport.com/?utm_source=google&utm_medium=local&utm_campaign=1&utm_content=primary
Newport,Marenghi's Restaurant,"434 Chepstow Rd, Newport NP19 8JG, UK",07738 406335,https://www.facebook.com/MarenghisItalian/
Newport,The Rogue Welsh Cake Company,"Newport Market unit M0.07 Market Street Side Entrance, Newport NP20 1DD, UK",07919 800252,http://www.roguewelshcakes.com/
Newport,Señor Little's,"Unit 30, Kingsway Centre, Newport NP20 1ED, UK",,https://www.senorlittles.co.uk/
Newport,Rogue Fox,"3 Clytha Park Rd, Newport NP20 4NZ, UK",,http://www.roguefox.co.uk/
Newport,Man of Gwent,"Chepstow Rd, Newport NP19 9EZ, UK",01633 281263,https://www.greeneking.co.uk/pubs/gwent/man-of-gwent?utm_source=g_places&utm_medium=locations&utm_campaign=FG_pubpage
Newport,Little Steak Hut,"Seven Stiles Ave, Newport NP19 4QR, UK",07557 446927,
Newport,Harvester Spytty Newport,"Newport Retail Park, 7 Seven Stiles Ave, Spytty Rd, Newport NP19 4QR, UK",01633 283545,https://www.harvester.co.uk/restaurants/wales/harvesternewportretailparknewport?utm_source=google&utm_medium=organic&utm_campaign=gmb-homepage
Newport,The Potters,"22-24 Upper Dock St, Newport NP20 1DL, UK",01633 223311,https://www.potterspub.co.uk/
Newport,Steak on Six,"The Celtic Manor Resort Ltd, Caerleon, Newport NP18 1HQ, UK",01633 413000,https://www.celtic-manor.com/dining/restaurants/steak-on-six
Newport,CELTIC MANOR - RAFTERS,"The Celtic Manor - Resort Hotel, Coldra Woods Dr, Caerleon, Newport NP18 1HQ, UK",01633 413000,https://www.celtic-manor.com/dining/restaurants/rafters-restaurant
Newport,Los Reyes Tapas & Wine Bar,"Belmont Hill, Caerleon, Newport NP18 1JX, UK",01633 423336,https://www.losreyestapascaerleon.com/
Newport,The New Lahore,"145 Lower Dock St, Kingsway Centre, Newport NP20 1EE, UK",01633 265665,https://newlahorenewport.co.uk/
Newport,Harvester Borderer Newport,"323 Malpas Rd, Newport NP20 6EP, UK",01633 858667,https://www.harvester.co.uk/restaurants/wales/harvesterborderernewport?utm_source=google&utm_medium=organic&utm_campaign=gmb-homepage
Newport,The Golden Lion Hotel,"East St, Newport SA42 0SY, UK",01239 820321,http://www.thegoldenlion.co.uk/
Newport,Bragu,"90 Lower Dock St, Newport NP20 2AH, UK",07352 451605,https://www.bragucafe.co.uk/
Newport,Hatti Indian Restaurant,"77-78 Lower Dock St, Newport NP20 1EH, UK",01633 222788,https://www.hatti.co.uk/
Newport,The Stone House,"Lighthouse Rd, St Brides, Newport NP10 8TG, UK",01633 810541,https://www.sizzlingpubs.co.uk/findapub/wales/thestonehousemaesglas?utm_source=google&utm_medium=organic&utm_campaign=gmb-homepage
Newport,Pepe's,"105-106 Commercial St, Newport NP20 1LU, UK",01633 847307,https://pepes.co.uk/pepes-piri-piri-stores/#!/l/newport/105-106-commercial-street/4609452
Newport,The Burger House,"112 Lower Dock St, Newport NP20 2AF, UK",01633 837402,https://theburgerhousenewport.co.uk/
Newport,Nando's Newport - Friars Walk,"Unit R4, Friar's Walk Shopping Centre, 73 Usk Plz, Newport NP20 1DS, UK",01633 215205,https://www.nandos.co.uk/restaurants/newport-friars-walk?utm_campaign=websitecta_NA&utm_content=Multi-Chan_GB_NA_NA_NA_all_NA_NA_newport-friars-walk&utm_medium=mybusiness&utm_source=google&utm_term=Local
Newport,Vanilla Spice,"Lyne Rd, Newport NP20 5JG, UK",01633 255446,https://www.vanillaspicenewport.co.uk/
Newport,Burger Boyz - Newport,"Newport Market, Market, High St, Newport NP20 1FX, UK",,http://www.burgerboyzzz.co.uk/
Newport,The Bell Inn Caerleon,"Bulmore Rd, Caerleon, Newport NP18 1QQ, UK",01633 420613,http://www.thebellcaerleon.co.uk/
Newport,Out Out Bar & Grill,"129 Chepstow Rd, Maindee, Newport NP19 8GE, UK",07523 384418,
Newport,Pen & Wig - JW Bassett Pub,"22-24 Stow Hill, Newport NP20 1JD, UK",01633 666818,http://www.jwbpubs.com/
Newport,Shawarma Kingdom Newport,"2 Constance St, Newport NP19 7DB, UK",01633 257939,http://www.shawarmakingdomnewport.co.uk/
Newport,Oodles Wok Newport,"160, 158 Cardiff Rd, Newport NP20 3AE, UK",01633 328001,https://oodleswok.co.uk/
Newport,.,"31 Commercial St, Newport NP11 6AW, UK",01633 614628,
Newport,Valentine's,"123-125 Chepstow Rd, Maindee, Newport NP19 8BZ, UK",01633 212211,https://www.valentinesturkishrestaurant.co.uk/
Newport,Horton's Lounge,"Millennium Walk, Newport NP19 0NX, UK",01633 258329,http://www.hortonslounge.co.uk/
Newport,Toby Carvery Coldra Newport,"Royal Oak Hill, Newport NP19 9FL, UK",01633 282155,https://www.tobycarvery.co.uk/restaurants/wales/coldranewport?utm_source=google&utm_medium=organic&utm_campaign=gmb-homepage
Newport,The Rhiwderin Inn,"Rhiwderin Inn, A468, Rhiwderin, Newport NP10 8RX, UK",01633 226801,http://www.rhiwderininn.co.uk/
Newport,Llys Meddyg Hotel & Restaurant,"East St, Newport SA42 0SY, UK",01239 820008,http://www.llysmeddyg.com/
Newport,Royal Oak,"West St, Newport SA42 0TA, UK",01239 820632,http://www.theroyaloaknewport.co.uk/
Newport,Mama T African Restaurant,"99 Commercial St, Newport NP20 1LU, UK",01633 357975,
Newport,Red Fort Caerleon,"2 Cross St, Caerleon, Newport NP18 1AF, UK",01633 422489,http://redfortcaerleon.com/
Bridgend,La Cocina Tapas,"11 Nolton St, Bridgend CF31 1BX, UK",01656 769899,http://www.lacocinatapas.co.uk/
Bridgend,Marble Steakhouse,"Unit 24 The Rhiw, Bridgend CF31 3BL, UK",01656 716056,http://www.marblesteakhouse.co.uk/
Bridgend,Poco Poco,"3 Elder St, Bridgend CF31 1AF, UK",01656 667999,https://pocopoco.co.uk/
Bridgend,The Caeffatri Restaurant and Bar,"Castle View, Bridgend CF31 1NJ, UK",01656 660668,http://www.thecaeffatri.com/
Bridgend,Colosseo,"14 Wyndham St, Bridgend CF31 1EF, UK",01656 650728,https://colosseobridgend.co.uk/
Bridgend,Zia Nina,"28 Dunraven Pl, Bridgend CF31 1JD, UK",01656 660045,http://www.zianina.co.uk/
Bridgend,Morgans Bistro ltd,"9 Dunraven Pl, Bridgend CF31 1JF, UK",,https://facebook.com/morgansbistrococktail/
Bridgend,Fusion Restaurant,"11a Nolton St, Bridgend CF31 1BX, UK",01656 717009,https://www.fusionrestaurant.co.uk/
Bridgend,Tholos (Bridgend),"12-14 Adare St, Bridgend CF31 1EJ, UK",01656 856866,https://tholosrestaurant.co.uk/
Bridgend,IL Vecchio Ristorante,"2A Queen St, Bridgend CF31 1HX, UK",01656 652777,https://www.facebook.com/francosristorantevecchio
Bridgend,Mowgli Street Food Bridgend,"Unit K6, McArthur Glen Outlet, Derwen, Bridgend CF32 9SU, UK",01656 546070,https://www.mowglistreetfood.com/restaurants/bridgend/
Bridgend,Brewery Field Street Food Restaurant,"Brewery field, Dunraven brewery field, Tondu Rd, Bridgend CF31 4JE, UK",01656 657552,http://www.breweryfieldstreetfood.com/
Bridgend,Gin and Sangria,"12 Merthyr Mawr Rd, Bridgend CF31 3NH, UK",01656 511538,https://www.ginsangria.co.uk/
Bridgend,"Miller & Carter Sarn, Bridgend","Sarn Retail Park, New St, Bridgend CF32 9SH, UK",01656 768668,https://www.millerandcarter.co.uk/restaurants/wales/millerandcartersarnbridgend?utm_source=google&utm_medium=organic&utm_campaign=gmb-homepage
Bridgend,Golden Mile Inn,"Corntown, Bridgend CF35 5BA, UK",01656 654884,https://www.thegoldenmile.co.uk/
Bridgend,Corvo Lounge,"3-7 Adare St, Bridgend CF31 1ET, UK",01656 664389,https://thelounges.co.uk/corvo/
Bridgend,BRGR,"Nolton St, Bridgend CF31 3AE, UK",07949 760889,https://www.dishcult.com/restaurant/brgrbridgend
Bridgend,wagamama bridgend designer outlet,"units 94 + 95, mcarthurglen, Derwen, Bridgend CF32 9SU, UK",01656 760674,https://wagamama.com/restaurants/bridgend/bridgend
Bridgend,Gin & Sake Bar and Restaurant,"Lower Court House, 2 Derwen Rd, Bridgend CF31 1LH, UK",01656 511838,http://www.ginsake.co.uk/
Bridgend,The Three Horseshoes,"Queen St, Bridgend CF31 1HU, UK",01656 652456,
Bridgend,Smoked Out,"11 Ewenny Rd, Bridgend CF31 3HN, UK",01656 719880,https://www.smoked-out.co.uk/
Bridgend,"The Haywain, Bridgend","Coychurch Rd, Brackla, Bridgend CF31 2AP, UK",01656 530228,
Bridgend,Leicester's Restaurant,"Susan Hair Fashions, High St, Laleston, Bridgend CF32 0HP, UK",01656 657644,https://www.great-house-laleston.co.uk/restaurant-in-bridgend
Bridgend,The Dubliner,"14 Nolton St, Bridgend CF31 1DU, UK",,
Bridgend,The Star Inn - Treoes,"Treoes, Bridgend CF35 5DH, UK",01656 658458,http://linktr.ee/starinntreoes
Bridgend,El Prado Bar & Restaurant,"High St, Laleston, Bridgend CF32 0LD, UK",01656 768555,http://el-prado.co.uk/
Bridgend,Ty-Risha Alehouse,"Pen Y Cae, Pen-Y-Cae, Bridgend CF32 9SN, UK",01656 725287,https://www.tyrishaalehousebridgend.co.uk/?utm_source=gbp&utm_medium=Yext&y_source=1_MjgwNDU0NDYtNzE1LWxvY2F0aW9uLndlYnNpdGU%3D
Bridgend,Two Brewers,"Brackla Way, Brackla, Bridgend CF31 2AR, UK",01656 661788,https://www.twobrewersbridgend.co.uk/?utm_source=gbp&utm_medium=Yext&y_source=1_MjgwNDU0NDAtNzE1LWxvY2F0aW9uLndlYnNpdGU%3D
Bridgend,Purple Sage Kitchen,"98 Nolton St, Bridgend CF31 3BP, UK",07949 760889,https://brgrbypurplesage.co.uk/
Bridgend,Llangewydd Arms,"Broadlands, Gentle Way, Bridgend CF31 5EJ, UK",01656 658059,http://www.llangewyddarmspub.co.uk/?utm_source=gbp&utm_medium=Yext&y_source=1_MTIyOTQ2MDMtNzE1LWxvY2F0aW9uLndlYnNpdGU%3D
Bridgend,NAADAN BWYD Indian Street Food,"Dunraven brewery field Brewery Field, Tondu Rd, Bridgend CF31 4JE, UK",07917 346460,http://www.breweryfieldstreetfood.com/
Bridgend,Pheasant,"Heol Eglwys, Pen-y-fai, Bridgend CF31 4LY, UK",01656 653614,http://www.pheasantbridgend.co.uk/?utm_source=gbp&utm_medium=Yext&y_source=1_MjgwNDU0OTUtNzE1LWxvY2F0aW9uLndlYnNpdGU%3D
Bridgend,Salkaara,"72 Nolton St, Bridgend CF31 3BP, UK",01656 856150,https://www.salkaara.co.uk/
Bridgend,Pokhara Restaurant,"Court Colman Rd, Bridgend CF31 4NG, UK",01656 332620,https://www.pokharamanor.co.uk/
Bridgend,Red Dragon,"Litchard Hill, Litchard, Bridgend CF31 1QJ, UK",01656 654753,https://www.reddragonbridgend.co.uk/?utm_source=gbp&utm_medium=Yext&y_source=1_MjgwNDU0MjItNzE1LWxvY2F0aW9uLndlYnNpdGU%3D
Bridgend,Zizzi - Bridgend,"Unit 2, McArthurGlen Designer Outlet, Bridgend CF32 9SU, UK",01656 817919,https://www.zizzi.co.uk/italian-restaurants/wales/bridgend?utm_source=google&utm_medium=knowledgepanel&utm_campaign=GMB
Bridgend,Harvester Old Mill Bridgend,"The Old Mill, Felindre Rd, Pencoed, Bridgend CF35 5HU, UK",01656 860288,https://www.harvester.co.uk/restaurants/wales/theoldmillbridgend?utm_source=google&utm_medium=organic&utm_campaign=gmb-homepage
Bridgend,The White Horse,"Coychurch, Bridgend CF35 5HD, UK",01656 652583,https://whitehorsecoychurch.co.uk/
Bridgend,Steak and Stamp,"13 Penybont Rd, Pencoed, Bridgend CF35 5PY, UK",01656 860393,https://www.steakandstamp.co.uk/
Bridgend,The Golden Well,"Golden mile, A48, Brocastle, Bridgend CF35 5AU, UK",01656 649988,https://m.facebook.com/The-Golden-Well-Restaurant-268900326600956/?ref=page_internal&mt_nav=0
Bridgend,Cane & Rye,"11 Nolton St, Bridgend CF31 1BX, UK",,http://www.caneandrye.co.uk/
Bridgend,The Fox,"Ewenny Rd, St Brides Major, Bridgend CF32 0SA, UK",01656 881048,http://www.thefox-stbridesmajor.co.uk/
Bridgend,Cafe Fresco Bridgend,"4 Nolton St, Bridgend CF31 1DU, UK",01656 653391,
Bridgend,The West House Hotel,"W House Rd, Bridgend CF31 4RJ, UK",01656 856421,http://www.westhousehotelbridgend.co.uk/index
Bridgend,The Pelican Inn,"Ogmore Rd, Ogmore, Bridgend CF32 0QP, UK",01656 856464,http://www.thepelicaninnogmorebysea.co.uk/
Bridgend,Ashoka Tandoori,"68 Nolton St, Bridgend CF31 3BP, UK",01656 650678,http://www.ashoka-bridgend.co.uk/
Bridgend,Frolics,"Beach Rd, Southerndown, Bridgend CF32 0RP, UK",01656 880127,https://www.frolicsrestaurant.co.uk/
Bridgend,Hunters Lodge,"Church Acre, Brackla, Bridgend CF31 2JT, UK",01656 817222,https://www.greatlocalpubs.co.uk/hunters-lodge-bridgend?utm_source=gmb&utm_medium=organic&utm_campaign=homepage
Bridgend,Peking Panda,"49 Wyndham St, Bridgend CF31 1EB, UK",01656 760364,https://pekingpandabridgend.co.uk/
Bridgend,Slyder Bridgend,"29-31 Market St, Bridgend CF31 1LJ, UK",01656 857337,https://www.slyder.co.uk/
Bridgend,New Garden,"40 Pandy Rd, Aberkenfig, Bridgend CF32 9PP, UK",01656 724361,https://m.facebook.com/New-Garden-Chinese-Restaurant-Aberkenfig-Bridgend--122992764431050/?locale2=en_GB
Bridgend,Nando's Bridgend,"Unit FK8, Food Court, McArthur, Glen Designer Outlet, Derwen, Bridgend CF32 9SU, UK",01656 338844,https://www.nandos.co.uk/restaurants/bridgend?utm_campaign=websitecta_NA&utm_content=Multi-Chan_GB_NA_NA_NA_all_NA_NA_bridgend&utm_medium=mybusiness&utm_source=google&utm_term=Local
Bridgend,Toby Carvery Bridgend,"South Rd, Bridgend CF31 3UL, UK",01656 750011,https://www.tobycarvery.co.uk/restaurants/wales/bridgendmidglamorgan?utm_source=google&utm_medium=organic&utm_campaign=gmb-homepage
Bridgend,Pimento,"Broadlands, Unit 5, Broadlands District Centre, Gentle Way, Bridgend CF31 5EJ, UK",01656 669886,https://pimento-deli.wales/
Bridgend,Masons Arms,"Bryncethin, Bridgend CF32 9YR, UK",01656 720253,http://www.masonshotel.com/
Bridgend,SMASHING BURGERS,"31 Wyndham St, Bridgend CF31 1EB, UK",01656 750152,https://www.smashinburgersbridgend.com/
Bridgend,Great House Hotel,"High St, Laleston, Bridgend CF32 0HP, UK",01656 657644,http://www.great-house-laleston.co.uk/?utm_source=google&utm_medium=organic&utm_campaign=local
Bridgend,Slim Chickens,"Unit F3, Bridgend Designer Outlet Village, Bridgend CF32 9SU, UK",01656 336981,https://www.slimchickens.co.uk/
Bridgend,Asiad,"33 Esplanade, Porthcawl CF36 3YR, UK",01656 503245,http://www.asiadfusion.co.uk/
Bridgend,Mezze @ The Farmers Arms,"Wick Rd, St Brides Major, Bridgend CF32 0SE, UK",01656 530086,http://www.mezzeatfarmersarms.co.uk/
Aberystwyth,Baravin,"1 Marine Terrace, Aberystwyth SY23 2AP, UK",01970 611189,http://www.baravin.co.uk/
Aberystwyth,Athro Lounge,"Welsh school, Alexandra Rd, Aberystwyth SY23 1LF, UK",01970 624053,https://thelounges.co.uk/athro/
Aberystwyth,Kwizinn,"2A Portland Rd, Aberystwyth SY23 2NL, UK",01970 629912,https://kwizinn.square.site/
Aberystwyth,The Glengower,"3 Victoria Terrace, Aberystwyth SY23 2DH, UK",01970 626191,http://www.glengower.co.uk/
Aberystwyth,Park Kitchen,"Ffordd Parc y Llyn, Llanbadarn Fawr, Aberystwyth SY23 3TL, UK",01970 636333,https://www.aberparklodge.com/restaurant
Aberystwyth,The Smoke Shack,"Clos Llety Gwyn, Llanbadarn Fawr, Aberystwyth SY23 3RL, UK",07710 782198,https://www.facebook.com/The-smoke-shack-108150031489959/
Aberystwyth,Upstairs Bar at Royal Pier,"The Royal Pier, Marine Terrace, Aberystwyth SY23 2AZ, UK",01970 636123,http://www.royalpier.co.uk/
Aberystwyth,Mama Fay's,"Gas gallery, Park Ave, Aberystwyth SY23 1PB, UK",01970 625625,http://www.mamafays.com/
Aberystwyth,Little Italy,"51 N Parade, Aberystwyth SY23 2JN, UK",01970 623338,http://www.littleitalyaberystwyth.co.uk/
Aberystwyth,Arabic Flavour,"4 Northgate St, Aberystwyth SY23 2JS, UK",01970 228078,https://arabic-flavour.square.site/
Aberystwyth,Ultracomida,"31 Pier St, Aberystwyth SY23 2LN, UK",01970 630686,https://www.ultracomida.co.uk/page/contact-us
Aberystwyth,Medina,"10 Queen's Rd, Aberystwyth SY23 2HH, UK",01970 358300,http://www.medina-aberystwyth.co.uk/
Aberystwyth,Y Ffarmers,"Y Ffarmers, Llanfihangel-y-Creuddyn, Aberystwyth SY23 4LA, UK",01974 261275,http://www.yffarmers.co.uk/
Aberystwyth,Dragonfly Bistro,"7 St James's Square, Aberystwyth SY23 1DU, UK",07508 319091,https://www.facebook.com/dragonflybistrouk
Aberystwyth,Cegin Punjabi,"26 Eastgate, Aberystwyth SY23 2AR, UK",01970 294131,https://ceginpunjabi.co.uk/
Aberystwyth,Aber dining,"20 N Parade, Aberystwyth SY23 2NF, UK",01970 210289,https://www.aberdining.co.uk/
Aberystwyth,Via Urbana Mexican Restaurant,"12A Baker St, Aberystwyth SY23 2BJ, UK",07849 644022,https://provechoaberystwyth.com/
Aberystwyth,Gwesty Richmond Hotel Restaurant,"44, 45 Marine Terrace, Aberystwyth SY23 2BX, UK",01970 612201,http://www.richmondhotel.wales/
Aberystwyth,Porto,"S Marine Terrace, Aberystwyth SY23 1JY, UK",01970 611752,https://www.facebook.com/profile.php?id=100095164426706&locale=en_GB
Aberystwyth,White Horse,"Upper, Portland St, Aberystwyth SY23 2DT, UK",01970 615234,https://www.greatlocalpubs.co.uk/white-horse-aberystwyth?utm_source=gmb&utm_medium=organic&utm_campaign=homepage
Aberystwyth,Little Devil's Café,"20 Terrace Rd, Aberystwyth SY23 1NP, UK",01970 611757,https://www.facebook.com/Littledevilscafe
Aberystwyth,Light of Asia,"34 Eastgate, Aberystwyth SY23 2AR, UK",01970 615040,https://lightofasiaonline.co.uk/Dwon
Aberystwyth,The Cambrian,"Alexandra Rd, Aberystwyth SY23 1LG, UK",01970 612446,https://www.thecambrian.co.uk/
Aberystwyth,Inn On The Pier,"Marine Terrace, Aberystwyth SY23 2DR, UK",01970 636100,http://www.royalpier.co.uk/
Aberystwyth,Sophie's,"27 N Parade, Aberystwyth SY23 2JN, UK",01970 626417,https://www.facebook.com/sophiesaberystwyth/
Aberystwyth,Khop Chai Deu,"36 N Parade, Aberystwyth SY23 2NF, UK",01970 294260,https://www.khopchaideu.co.uk/
Aberystwyth,Prom Diner,"Marine Terrace, Aberystwyth SY23 2BX, UK",,
Aberystwyth,Yr Hen Orsaf,"Alexandra Rd, Aberystwyth SY23 1LN, UK",01970 636080,https://www.jdwetherspoon.com/pubs/all-pubs/wales/ceredigion/yr-hen-orsaf-aberystwyth
Aberystwyth,Seafront Palace,"5 Marine Terrace, Aberystwyth SY23 2AZ, UK",01970 626463,http://aberbiz.com/aberystwyth/takeaways/sy23/seafront-palace/
Aberystwyth,Fusion King,"31 Eastgate, Aberystwyth SY23 2AR, UK",07934 438698,https://www.facebook.com/FusionKingRestaurant/
Aberystwyth,The Halfway Inn,"Aberystwyth SY23 4NE, UK",01970 880631,https://m.facebook.com/thehalfwayinnpisgah/?locale2=en_GB
Aberystwyth,Starling Cloud,"Boulevard St, Aberystwyth, Brieuc SY23 1PD, UK",01970 623743,http://www.starlingcloudpubaberystwyth.co.uk/?utm_source=gbp&utm_medium=Yext&y_source=1_OTMyODg4OS03MTUtbG9jYXRpb24ud2Vic2l0ZQ%3D%3D
Aberystwyth,Agnelli's Italian Deli,"3 Bridge St, Aberystwyth SY23 1PY, UK",07969 959466,
Aberystwyth,Rummers Wine Bar,"63 Bridge St, Aberystwyth SY23 1QD, UK",01970 625177,https://www.rummerswinebar.co.uk/
Aberystwyth,The Welsh Black Inn,"Welsh Black Hotel, Cartref, Bow Street SY24 5AT, UK",01970 591494,
Aberystwyth,Y Consti,"Aberystwyth SY23 2DN, UK",01970 617642,https://aberystwythcliffrailway.co.uk/y-consti/cafe-and-restaurant
Aberystwyth,Hot Dumplings,"12 Northgate St, Aberystwyth SY23 2JS, UK",01970 630603,http://www.aberbiz.com/aberystwyth/takeaways/sy23/hot-dumplings/
Aberystwyth,The Food Hall,"Tamed Da, Campus, Penbryn, Penglais, Aberystwyth SY23 3BY, UK",01970 621961,https://www.aber.ac.uk/en/hospitality/venues/the-foodhall/
Aberystwyth,Penguin Pizza & Cafe Aberystwyth,"8 Pier St, Aberystwyth SY23 2LJ, UK",01970 358010,https://penguinpizza.co.uk/
Aberystwyth,Aber Fish And Chips,"25 N Parade, Aberystwyth SY23 2JN, UK",01970 228315,https://aberfishandchips.com/
Aberystwyth,Central Fish Restaurant,"27 Chalybeate St, Aberystwyth SY23 1HX, UK",07765 178102,
Machynlleth,Y Llew Coch (Red Lion) Machynlleth,"11 Heol Maengwyn, Machynlleth SY20 8AA, UK",01654 701478,http://www.redlionmachynlleth.com/
Machynlleth,Gwen Restaurant,"21 Heol Maengwyn, Machynlleth SY20 8EB, UK",01654 781209,https://www.gwenrestaurant.co.uk/
Machynlleth,The Wild Fowler,"Tre'r-ddol, Machynlleth SY20 8PN, UK",01970 832000,https://www.thewildfowlerinn.com/
Machynlleth,Blasau Delicatessen,"13 Penrallt St, Machynlleth SY20 8AG, UK",01654 702172,
Machynlleth,Ynyshir Restaurant and Rooms,"Ynyshir Restaurant and Rooms, Eglwys Fach, Machynlleth SY20 8TA, UK",01654 781209,https://ynyshir.co.uk/
Machynlleth,Skinners Arms,"14 Penrallt St, Machynlleth SY20 8AJ, UK",,
Machynlleth,The Royal House,"13 Penrallt St, Machynlleth SY20 8AG, UK",,
Machynlleth,"Black Lion Inn, Derwenlas","Derwenlas, Machynlleth SY20 8TN, UK",01654 703913,http://blacklion-derwenlas.co.uk/
Machynlleth,Hennighan's Fish and Chip Bottom Shop,"44-46 Heol Maengwyn, Machynlleth SY20 8DT, UK",01654 700040,http://www.hennighans.co.uk/
Machynlleth,Hennighan's Fish & Chip Top Shop,"123 Heol Maengwyn, Machynlleth SY20 8EF, UK",01654 702761,http://www.hennighans.co.uk/
Machynlleth,Shilam Tandori (Machynlleth),"Maglona House, Penrallt St, Machynlleth SY20 8AG, UK",01654 645444,https://shilam.co.uk/machynlleth/
Machynlleth,The White Lion Hotel,"10 Pentrerhedyn St, Machynlleth SY20 8DN, UK",01654 703455,http://www.whitelionhotel.co.uk/
Machynlleth,Tŷ Medi,"13 Heol Maengwyn, Machynlleth SY20 8EB, UK",01654 702325,https://ty-medi.co.uk/
Machynlleth,The Fanny Talbot,"High St, Barmouth LL42 1DS, UK",01341 429476,https://www.thefannytalbotgastropub.co.uk/
Machynlleth,The Wynnstay,"Heol Maengwyn, Machynlleth SY20 8AE, UK",01654 702941,https://wynnstay.cymru/
Machynlleth,Caffi Alys,"69 Heol Maengwyn, Machynlleth SY20 8EE, UK",,
Machynlleth,Y Llew Coch - The Red Lion,"Dinas Mawddwy, Machynlleth SY20 9JA, UK",07508 023241,http://www.yllewcoch.co.uk/
Machynlleth,Ty'n y Cornel Hotel & Restaurant,"Tal-y-llyn, Tywyn LL36 9AJ, UK",01654 782282,http://tynycornel.com/
Machynlleth,Cross Foxes,"A487, Brithdir, Dolgellau LL40 2SG, UK",01341 421001,http://www.crossfoxes.co.uk/
Machynlleth,Y Sospan,"Queen's Square, Dolgellau LL40 1AW, UK",01341 423174,https://www.ysospan.co.uk/
Machynlleth,Dovey Inn,"8 Sea View Ter, Aberdyfi, Aberdovey LL35 0EF, UK",01654 767332,https://www.doveyinnpubaberdovey.co.uk/?utm_source=gbp&utm_medium=Yext&y_source=1_MjgwNDU0NjMtNzE1LWxvY2F0aW9uLndlYnNpdGU%3D
Machynlleth,China Garden Take Away,"40 Heol Maengwyn, Machynlleth SY20 8DT, UK",01654 703080,https://menyoo.com/china-garden-take-away/
Machynlleth,Y Ffarmers,"Y Ffarmers, Llanfihangel-y-Creuddyn, Aberystwyth SY23 4LA, UK",01974 261275,http://www.yffarmers.co.uk/
Machynlleth,Nineteen.57,"Islawrffordd Caravan Park, Talybont LL43 2AQ, UK",01341 242449,https://nineteen57.uk/
Machynlleth,Town Kebab House,"49 Heol Maengwyn, Machynlleth SY20 8EB, UK",01654 702249,https://www.townkebabhouse.co.uk/
Machynlleth,Riverside Hotel Glan Yr Afon,"Pennal, Machynlleth SY20 9DW, UK",01654 791385,https://riversidepennal.co.uk/
Machynlleth,Baravin,"1 Marine Terrace, Aberystwyth SY23 2AP, UK",01970 611189,http://www.baravin.co.uk/
Machynlleth,Coast Deli and Dining,"7, Sea View Terrace, Aberdyfi, Aberdovey LL35 0EE, UK",01654 767470,http://www.coastdelidining.co.uk/
Machynlleth,Qingxiang Garden Chinese Restaurant,"THE BUCKLEY ARMS HOTEL, Machynlleth SY20 9LP, UK",01650 531261,https://www.thebuckleyarms.com/reservations
Machynlleth,Salt Marsh Kitchen,"6 College Grn, Tywyn LL36 9BS, UK",01654 711949,https://saltmarsh.kitchen/
Machynlleth,Proper Gander,"4 High St, Tywyn LL36 9AA, UK",01654 712169,http://propergandertywyn.com/
Machynlleth,Yr Hen Efail,"4 Green Lane, Dolgellau LL40 1DL, UK",01341 421444,https://richardlovestotravel.com/hen-efail-machynlleth-uk
Machynlleth,Buckley Arms,"Minllyn, Dinas Mawddwy, Machynlleth SY20 9LP, UK",01650 531261,http://www.thebuckleyarms.com/
Knighton,The Banc,"5 Broad St, Knighton LD7 1BL, UK",01547 520009,https://thebancknighton.com/
Knighton,The Red Lion,"West St, Knighton LD7 1EN, UK",01547 428080,http://www.redlionknighton.co.uk/
Knighton,Pizza 51,"15 High St, Knighton LD7 1AT, UK",01547 528757,https://order.storekit.com/pizza-51/menu
Knighton,Watson's Firkin Lounge,"Watsons Firkin Lounge, 24 High St, Knighton LD7 1AT, UK",,
Knighton,J D's Cafe,"10 Broad St, Knighton LD7 1BL, UK",01547 528218,
Knighton,Saffron,"6 Bridge St, Knighton LD7 1BT, UK",01547 528510,http://www.saffronknighton.com/
Knighton,Knighton's Plaice,"23 High St, Knighton LD7 1AT, UK",01547 529423,https://knightonplaice.co.uk/
Knighton,Offa’s Treats,"Panpwnton Farm, Knighton LD7 1TN, UK",07766 547971,https://www.panpwntoncampsite.co.uk/
Knighton,Fforest Inn,"Llanfihangel-nant-Melan, Presteigne LD8 2TN, UK",01544 350526,http://www.thefforest.co.uk/
Knighton,Castle Inn,"Knucklas Rd, Knucklas, Knighton LD7 1PW, UK",01547 528150,http://www.castleinnknucklas.com/
Knighton,The Radnorshire Arms,"Beguildy, Knighton LD7 1YE, UK",01547 510634,https://radnorshirearmsbeg.wixsite.com/radnorshirearms
Knighton,Bamboo Garden,"Bamboo garden, 50 Market St, Knighton LD7 1BB, UK",01547 520010,
Rhayader,The Crown Inn,"4 North St, Rhayader LD6 5BU, UK",01597 811099,https://www.croesogrwp.com/
Rhayader,Lamb & Flag Inn,"North St, Rhayader LD6 5BT, UK",,http://www.croesogrwp.com/
Rhayader,The Lost ARC,"Old Drill Hall, Bridge St, Rhayader LD6 5AG, UK",01597 811226,http://thelostarc.co.uk/
Rhayader,The Eagles Inn,"Church St, Rhayader LD6 5AU, UK",01597 821706,https://theeaglesinn.wixsite.com/theeaglesinn
Rhayader,Ty Morgans,"Beaufort, East St, Rhayader LD6 5BH, UK",01597 811666,https://www.croesogrwp.com/tymorgans
Rhayader,The Triangle Inn,"Rhayader LD6 5AR, UK",01597 810537,http://www.triangleinn.co.uk/
Rhayader,The Castle,"East St, Rhayader LD6 5DL, UK",01597 811228,https://m.facebook.com/people/The-Castle-Rhayader/100063531975074/
Rhayader,Brasserie at the Elan,"Elan Hotel, West St, Rhayader LD6 5AF, UK",01597 810109,
Rhayader,Ty Penbont,"Penbont House, Elan Valley, Rhayader LD6 5HS, UK",01597 811515,http://www.croesogrwp.com/typenbont
Rhayader,Evans Plaice,"4 North St, Rhayader LD6 5BU, UK",01597 810317,https://www.facebook.com/EvansPlaice
Rhayader,Mid Wales Inn & Restaurant,"MID WALES INN, Pant-y-dwr, Rhayader LD6 5LL, UK",01597 821919,
Rhayader,Elan Valley Visitor Centre,"Elan Valley, Rhayader LD6 5HP, UK",01597 810880,http://www.elan-valley.co.uk/
Rhayader,The Elan Hotel,"Elan Hotel, West St, Rhayader LD6 5AF, UK",01597 811208,http://the-elan-hotel.com.es/
Rhayader,The Old Swan Tea Rooms,"West St, Rhayader LD6 5AB, UK",01597 811060,
Rhayader,Wing's Chinese Takeaway,"North St, Rhayader LD6 5BT, UK",01597 810178,
Rhayader,Elan Valley Hotel,"Hotel, Elan Valley, Rhayader LD6 5HN, UK",01597 810655,http://www.elanvalleyhotel.co.uk/
Rhayader,Arthurs Restaurant,"Ffinnant, Caersws SY17 5QZ, UK",01686 430652,https://meadowsprings.co.uk/arthurs
Rhayader,Penralley House,"South St, Rhayader LD6 5BH, UK",01597 811868,http://www.penralleyhouse.com/
Rhayader,Monica's Munchies,"Marteg Bridge Lay-by, A470, Rhayader LD6 5LE, UK",07587 594221,
Rhayader,Rhyader,"East St, Rhayader LD6 5DS, UK",,
Builth Wells,Feast Builth,"55 High St, Builth Wells LD2 3AB, UK",01982 448469,http://www.feastbuilth.co.uk/
Builth Wells,The White Horse,"13 High St, Builth Wells LD2 3DN, UK",01982 553171,http://www.thewhitehorsebuilthwells.co.uk/
Builth Wells,The Fountain Inn,"7-9 Broad St, Builth Wells LD2 3DT, UK",01982 553888,https://www.fountaininnbuilthwells.co.uk/
Builth Wells,The Barley Mow Public House,"Barley Mow Hotel, 1 West St, Builth Wells LD2 3AH, UK",01982 553198,http://thebarleymowbuilth.co.uk/
Builth Wells,The Drovers Cafe & Restaurant,"34-36 High St, Builth Wells LD2 3DL, UK",07852 635935,
Builth Wells,The Lamb,"12 Broad St, Builth Wells LD2 3DT, UK",01982 551119,https://lambinnbuilthwells.co.uk/
Builth Wells,FARMHOUSE GRILL,"Builth Wells LD2 3SS, UK",,
Builth Wells,The Cwtch Cafe,"6 Broad St, Builth Wells LD2 3DT, UK",01982 508068,https://www.facebook.com/cwtchbuilthwells/
Builth Wells,Indian Ocean,"17 High St, Builth Wells LD2 3DN, UK",01982 552675,https://indianocean-builth.co.uk/
Builth Wells,White Hart Inn,"19 High St, Builth Wells LD2 3DL, UK",01982 553639,
Builth Wells,Greyhound Hotel,"3 Garth Rd, Builth Wells LD2 3AR, UK",01982 553255,http://www.greyhoundhotel.org.uk/
Builth Wells,The Seven Stars Inn Aberedw,"Aberedw, Builth Wells LD2 3UW, UK",01982 560762,https://sevenstarsaberedw.co.uk/
Builth Wells,The Cedars,"Hay Rd, Builth Wells LD2 3BP, UK",01982 551484,http://www.cedarsguesthouse.co.uk/
Builth Wells,The Strand Cafe,"2 Groe St, Builth Wells LD2 3DW, UK",01982 552652,http://www.strand-cafe.com/
Builth Wells,Llanelwedd Arms Hotel,"Station Rd, Builth Wells LD2 3SR, UK",01982 553282,https://www.llanelweddarmshotel.com/
Builth Wells,Georgie Porgies,"21 High St, Builth Wells LD2 3DL, UK",,
Builth Wells,Caer Beris Manor,"Caer Beris Manor Hotel & Restaurant, Builth Wells LD2 3NP, UK",01473 597897,https://www.caerberis.com/
Builth Wells,The Merrie Fryer,"38 High St, Builth Wells LD2 3DL, UK",01982 553631,
Builth Wells,Lakeside Cafe and Catering,"Lakeside Cafe, Princes Ave, Llandrindod Wells LD1 5HU, UK",01597 825679,https://www.facebook.com/lakesidecafeandcatering/
Builth Wells,Lake Country House Hotel & Spa,"Llangammarch Wells, Builth, Powys LD4 4BS, UK",01591 620202,https://www.lakecountryhouse.co.uk/?utm_source=google&utm_medium=organic&utm_campaign=local
Builth Wells,Fforest Inn,"Llanfihangel-nant-Melan, Presteigne LD8 2TN, UK",01544 350526,http://www.thefforest.co.uk/
Builth Wells,China Kitchen,"China Kitchen, 8 High St, Builth Wells LD2 3DN, UK",01982 552038,
Builth Wells,Wyeside Arts Centre,"Castle St, Builth Wells LD2 3BN, UK",01982 552555,http://www.wyeside.co.uk/
Builth Wells,The Drovers Rest Riverside Restaurant,"Dolecoed Rd, Llanwrtyd Wells LD5 4RA, UK",01591 610264,http://www.food-food-food.co.uk/
Builth Wells,Lion Hotel,"2 Broad St, Builth Wells LD2 3DT, UK",,
Builth Wells,Lamb & Flag Inn,"North St, Rhayader LD6 5BT, UK",,http://www.croesogrwp.com/
Builth Wells,Ty Morgans,"Beaufort, East St, Rhayader LD6 5BH, UK",01597 811666,https://www.croesogrwp.com/tymorgans
Builth Wells,The Trout Cafe,"Beulah, Llanwrtyd Wells LD5 4UU, UK",01591 620235,http://www.thetroutcafe.co.uk/
Builth Wells,Bradleys Building,"Middleton St, Llandrindod Wells LD1 5ET, UK",01597 821761,https://bradleysbuilding.com/
Builth Wells,Kebab 2000,"4 West St, Builth Wells LD2 3AH, UK",01982 551719,https://www.kebab2000builthwells.co.uk/
Builth Wells,The New Inn,"Newbridge on Wye, Llandrindod Wells LD1 6HY, UK",01597 860211,https://www.facebook.com/thenewinnhotel/
Builth Wells,Builth Wells Sports Centre,"College Rd, Builth Wells LD2 3BU, UK",01982 552324,https://www.freedom-leisure.co.uk/centres/builth-wells-sports-centre-and-swimming-pool/
Builth Wells,Herb Garden Café,"5, Spa Centre, Station Cres, Llandrindod Wells LD1 5BB, UK",01597 823082,http://www.herbgardencafe.co.uk/
Builth Wells,The Crown Inn,"4 North St, Rhayader LD6 5BU, UK",01597 811099,https://www.croesogrwp.com/
Builth Wells,The Old Barn Inn,"Three Cocks, Powys LD3 0SL, UK",01497 847861,http://www.oldbarnthreecocks.co.uk/
Builth Wells,Fabian's Kitchen,"Albion House, The Albion, Temple St, Llandrindod Wells LD1 5DP, UK",01597 824642,https://fabianskitchen.co.uk/
Builth Wells,The Triangle Inn,"Rhayader LD6 5AR, UK",01597 810537,http://www.triangleinn.co.uk/
Builth Wells,Honey Cafe,"Honey Cafe, Bronllys, Brecon LD3 0LH, UK",01874 711904,https://www.honeycafe.co.uk/
Builth Wells,Three Wells,"Chapel Rd, Howey, Llandrindod Wells LD1 5PB, UK",01597 824427,http://www.threewells.co.uk/
Builth Wells,Severn Arms Hotel,"Penybont, Llandrindod Wells LD1 5UA, UK",01597 851224,https://www.severnarms.co.uk/the-severn-arms
Builth Wells,Builth Wells Veterinary Practice,"Garth Rd, Builth Wells LD2 3NL, UK",01982 553271,http://www.builthvets.co.uk/
Builth Wells,Drovers,"New Row, Howey, Llandrindod Wells LD1 5PT, UK",01597 822508,
Builth Wells,Builth Wells Tyres,"Unit 6, Irfon Industrial Estate, Garth Rd, Builth Wells LD2 3NL, UK",01982 551689,
Builth Wells,Burger King,"A483, a470 Station Rd, Builth Wells LD2 3SS, UK",01982 448008,https://locations.burgerking.co.uk/builth-wells/a483/a470-station-road
Tregaron,Y Talbot Tregaron,"The Square, Tregaron SY25 6JL, UK",01974 298208,http://www.ytalbot.com/
Tregaron,Halen a pupur,"Y sgwar, Tregaron SY25 6JL, UK",07791 839989,https://www.halenapupur.com/
Tregaron,Holdens Steakhouse,"Primary School, Penuwch, Tregaron SY25 6RD, UK",07783 806375,https://holdenscatering.com/
Tregaron,Coffi a Bara,"Unit 4, Clos Twm, Sion Cati, Tregaron SY25 6JX, UK",07702 567214,https://www.coffiabara.co.uk/
Tregaron,Tom's of Tregaron,"Chapel St, Tregaron SY25 6HD, UK",01974 299445,http://www.tomsoftregaron.com/
Tregaron,Tregaron Fish & Chip Shop,"Country kitchen, Tregaron SY25 6HA, UK",01974 299222,
Tregaron,Clwb Rygbi Tregaron Rugby Club,"Station Rd, Tregaron SY25 6HY, UK",01974 298608,
Tregaron,Dan'i Sang Within Sunny Hill Hotel,"Station Rd, Tregaron SY25 6NB, UK",01974 298999,https://www.facebook.com/danisang.he.52
Tregaron,Pashas Takeaway,"Flat, Country, Kitchen, Chapel St, Tregaron SY25 6HA, UK",01974 299222,https://www.pashatakeawayonline.co.uk/
Tregaron,Bragdy Torri Syched,"Unit 1 Twm SionCati, Tregaron, ClosTregaron SY25 6JX, UK",,https://www.facebook.com/share/1DtVTzodqP/
Tregaron,Caffe A Siop Llangeitho,"Village Square, Llangeitho, Tregaron SY25 6TL, UK",01974 821201,
