Email Address,SITE,PHONE,POSTCODE,SITECOUNT
%20%20enquiry@betsyclarahouse.com,Betsy Clara Nursing Home,1622687523,ME15 6UW,1
%20%20info@lovathouse.co.uk,Lovat House Residential Care,1189786750,RG40 2DB,1
%20info@fountainlovingcare.co.uk,The Willows Care Home,2086617653,SM2 5JX,1
%20info@lukkahomes.com,Ashton Lodge Care Home,2087327260,NW9 6LE,1
%20info@macccare.com,Studley Rose Care Home and 9 other services,7483046156,B80 7QU,10
%20info@meath.org.uk,The Meath Epilepsy Charity,1483415095,GU7 2QH,1
%20jacob@mendiplodge.co.uk,Mendip Lodge,1934834760,BS49 4LJ,1
%20referrals@activecaregroup.co.uk,Kingly House and 18 other services,1455613823,LE10 1AD,19
%20westgatehouse@wilfward.org.uk,Muston Road and 3 other services,1723514292,YO14 0AL,4
a.padgham@stcecilias.co.uk,St Cecilia's Care Home and 3 other services,1723503111,YO12 5BN,4
abbey.manager@woodcaregroup.com,Cedars Care Home and 4 other services,,DN4 9HU,5
abbeygate@abbeycarehomes.org.uk,Gough House and Abbeygate,1934622019,BS23 1XH,2
abbie@therectory.org.uk,St Benedicts Nursing Home Limited,1458833275,BA6 9NB,1
accounts@achg.co.uk,Shakti Lodge and Sunnyhill Residential Care Home,1322288070,DA1 3HR,2
accounts@dukerieshealthcare.co.uk,Victoria Care Home,1909476416,S80 2BJ,1
accounts@mpch.co.uk,Asher Nursing Home and Conifer Lodge,1273823310,BN3 6HQ,2
accounts@oxygenelements.co.uk,Poppy Place and 2 other services,1788573318,CV21 2EL,3
accounts@palmcourtnursinghome.co.uk,Palm Court Nursing Home,1323721911,BN21 2ND,1
addresspc@porteletcare.co.uk,Portelet Grange,,BH6 3PA,1
admin@1stcareltd.co.uk,Stubby Leas Nursing Home and Hawthorne Nursing Home,1827383496,WS13 8PT,2
admin@abbeycarecomplex.co.uk,Abbey Care Complex,2085543743,IG2 7NE,1
admin@adrcare.co.uk,Keneydon House and Hill House,1733203444,PE7 1QQ,2
admin@aegiscaresolutions.co.uk,Aegis Residential Care,1977704068,WF8 1QR,1
admin@albanycare.co.uk,Albany House - Doncaster,1302723203,DN6 7JX,1
admin@allenbrook-fordingbridge.co.uk,Allenbrook Nursing & Residential Care,1425656589,SP6 1JW,1
admin@alstonviewnursinghome.co.uk,Alston View Nursing and Residential Home,1772782010,PR3 3NT,1
admin@angelhealthcare.co.uk,Arden House Residential Care Home and 2 other services,1424211189,TN40 1JG,3
admin@annabelhouse.co.uk,Annabel House Care Centre,1934910930,BS23 2PX,1
admin@aronel.co.uk,Aronel Cottage Care Home Limited,1243842000,PO22 8BQ,1
admin@ashbridgecaregroup.co.uk,Heath Lodge,1217926586,B65 0PB,1
admin@ashbrooknursinghome.co.uk,Ashbrook Nursing Home,1708736588,RM5 3XS,1
admin@ashgatecare.co.uk,Ashgate House Care Home,1246566958,S42 7JE,1
admin@ashley-gardens.co.uk,Ashley Gardens,1323411466,BN22 8RA,1
admin@atmancare.co.uk,Woodside Care Home,7732686770,DA2 8AB,1
admin@auburnmere.uk,Auburn Mere,1923247310,WD19 5RE,1
admin@beachcombercarehome.co.uk,Beachcomber Care Home,1915819451,SR7 7AA,1
admin@bethezra.org,Beth Ezra,2086687116,CR8 3DB,1
admin@betsyclarahouse.com,Hythe View and 2 other services,1303265441,CT21 5ET,3
admin@blackrodhouse.co.uk,Blackrod House,1204690287,BL6 5JS,1
admin@blythcountryhouse.uk,Blyth Country House Care Home,1909212137,S81 8DU,1
admin@boltoncares.org.uk,Inspire,1204398122,BL2 1JG,1
admin@bondcare.co.uk,Amelia House and 29 other services,1924227516,WF6 2EH,30
admin@bowdenderra.co.uk,Bowden-Derra Park and 3 other services,1566880340,PL15 7PU,4
admin@bretoncourt.co.uk,Breton Court,1580762797,TN30 6EE,1
admin@bridgecollege.ac.uk,Pearce Lodge Care Home,1614835442,SK7 5HE,1
admin@bryonylodgenursing.co.uk,Bryony Park Nursing Home and 2 other services,1915497272,SR5 2SH,3
admin@callawaycare.co.uk,Rowland House,2081919519,HA3 9AG,1
admin@camelotnursinghome.co.uk,Camelot Nursing and Residential Care Home,1903203660,BN11 4BY,1
admin@camphilldevon.org.uk,Hapstead Village,1364642631,TQ11 0JN,1
admin@capitalcaregroup.co.uk,Chesford Grange Care Home,1782498103,ST2 0QS,1
admin@cardinalhealthcare.co.uk,Dene Place Care Home and 3 other services,1483282733,KT24 6JW,4
admin@caringalternatives.co.uk,Hillcrest Residential Home,1942891949,M29 8JE,1
admin@carlislelodge.co.uk,Carlisle Lodge,1323646149,BN20 7TD,1
admin@carltoncaregroup.co.uk,Grange Hill House Residential Home,1215501312,B62 0JJ,1
admin@chaossupport.co.uk,Stonecroft,2392472061,PO9 2ET,1
admin@cherrygardennursinghome.co.uk,Cherry Garden,1628825044,SL6 3QF,1
admin@chestnutshome.co.uk,THE CHESTNUTS RESIDENTIAL CARE HOME,1945584580,PE13 3TA,1
admin@chypons.co.uk,Chypons Residential Home,1736362492,TR18 5BU,1
admin@claremontcarehome.uk,Claremont Care Home,1843225117,CT9 2NJ,1
admin@coachhouse-nh.co.uk,The Coach House Nursing Home,1765600541,HG4 5BQ,1
admin@coshamcourtcarehome.co.uk,Cosham Court Nursing Home,2392324301,PO6 3DD,1
admin@countryviewwarkton.co.uk,Country View Nursing Home,1536484692,NN16 9XQ,1
admin@daneswood.org,Daneswood Care Home,1934843000,BS25 1RD,1
admin@deltacare-ltd.com,Victoria House,1282697535,BB9 5RH,1
admin@fairfieldhouse.co.uk,Fairfield House Residential Care Home,1297443513,DT7 3HH,1
admin@fairholmenursing.co.uk,Fairholme Nursing Home,1209714491,TR14 8DN,1
admin@fewcott.com,St Anne's Residential Care Home and Leafield Residential Care Home,1869338295,OX15 0PA,2
admin@fieldfarmhouse.net,Field Farm House Residential Home,1432273064,HR1 4JP,1
admin@forestplacenursinghome.co.uk,Forest Place Nursing Home,2085052063,IG9 5QL,1
admin@gainfordcarehomes.com,St Mary's Care Home,1913890566,DH3 3PZ,1
admin@gchc.co.uk,The Good Companions (Cumbria) Limited,1697331553,CA7 4BT,1
admin@godolphincarehome.co.uk,Godolphin House Care Home,1326572609,TR13 8QF,1
admin@gorseyclough.co.uk,Gorsey Clough Nursing Home,1204882976,BL8 3PT,1
admin@gosbertonhouse.co.uk,Gosberton House Care Home,1775840581,PE11 4EW,1
admin@graycaregroup.co.uk,Lound Hall,1777818082,DN22 8RS,1
admin@greysresidential.co.uk,Greys Residential Home,1483771523,GU22 0JQ,1
admin@halwillmanor.co.uk,Halwill Manor Nursing Home,1409221233,EX21 5UH,1
admin@harbourcaregroup.co.uk,Harbour Care Home,1227741940,CT6 8HY,1
admin@harmonyhouse.uk.com,Harmony House Nursing Home,1273415630,BN42 4LP,1
admin@harristonhomes.com,Nichols House and Mansgrove Farm House,2083554666,MK45 3HH,2
admin@hartleyparkcarehome.co.uk,Hartley Park Care Home,1752777719,PL3 5LW,1
admin@hayshouse.co.uk,Hays House Nursing Home,1747830282,SP7 9JR,1
admin@heartofenglandmencap.org.uk,Ash Grove and 2 other services,1789298709,WR11 1XN,3
admin@hmt-uk.org,Coloma Court Care Home and Marie Louise House Nursing Home,2087761129,BR4 9QJ,2
admin@hollywynd.co.uk,Hollywynd Rest Home,1903210681,BN11 4JN,1
admin@holmwoodbungay.co.uk,Holmwood Residential Home,1986892561,NR35 1BE,1
admin@holywellnursinghome.co.uk,Holywell Nursing Home,1278760601,TA9 4BB,1
admin@homeorchard.co.uk,Lynwood and 2 other services,1626859735,TQ13 0JJ,3
admin@independentlifestyles.co.uk,Abi House,1903212018,BN11 4SD,1
admin@inspirationsch.co.uk,Inspirations,1902710938,WV6 0BZ,1
admin@inspiredlifecare.co.uk,Telford Court Nursing Home,1270588895,CW1 3AW,1
admin@ladyofthevale.org.uk,Lady of the Vale Care Home,1619282567,WA14 3HA,1
admin@landermeads.com,Landermeads Care Home and Heath House,1159683888,NG9 5DD,2
admin@langleyhaven-dementiacarehome.co.uk,Langley Haven Care Home,1753527300,SL3 7RR,1
admin@lfch-broseley.org.uk,Lady Forester Residential & Day Care Centre,1952884539,TF12 5DB,1
admin@limesfenton.co.uk,The Limes,1782844855,ST4 3AP,1
admin@limetreehouse.org.uk,Lime Tree House,1619737956,M33 4RZ,1
admin@littlecroftcarehome.co.uk,Little Croft Care Home,1179324204,BS30 6QY,1
admin@lodgetrust.org.uk,The Lodge,1572767234,LE15 7PL,1
admin@longtonnursinghome.co.uk,Longton Nursing Home,1772616144,PR4 5ZJ,1
admin@manorcommunity.co.uk,St Mary's Residential Care Home and Manor Community Care Home,1179020824,BS16 2JD,2
admin@menwinnioncarehome.co.uk,Menwinnion Country House,1736810233,TR19 6BJ,1
admin@mksupportedhousing.co.uk,MK Supported Housing Limited,1908699028,MK5 8AG,1
admin@moorparkcare.co.uk,Moor Park House Limited,1772886785,PR1 1LD,1
admin@morelandcarehome.co.uk,Moreland House Care Home,1708442654,RM11 2EB,1
admin@morningstars.org.uk,Morning Stars,1215510202,B20 2JD,1
admin@newbloom.co.uk,Kibworth Court and 2 other services,1162792828,LE8 0LG,3
admin@northwoodcare.co.uk,Northwood Nursing & Residential Care,125457208,BB2 6PN,1
admin@nova-house.co.uk,Nova House,1323896629,BN25 2EG,1
admin@numadahealthcare.co.uk,Carleen Nursing and Residential Care Home and 3 other services,1329232418,PO16 8PT,4
admin@ohnh.org,Orchard House Nursing Home,1902653500,WV3 7DS,1
admin@orchard-trust.org.uk,The Orchards and 2 other services,1594861137,GL17 9PD,3
admin@parkviewnursinghome.com,Parkview Nursing Home,2087715234,SE19 3PY,1
admin@paxtonhall.co.uk,Paxton Hall Care Home,1480213036,PE19 6NY,1
admin@pearlcare.co.uk,Spratslade House Care Home and 5 other services,1782311531,ST3 4EA,6
admin@peasmarshplace.co.uk,Peasmarsh Place,1797230555,TN31 6XE,1
admin@poplarsnursing.co.uk,The Poplars Care Home,1642675376,TS17 8QN,1
admin@prospercaresolutions.com,Prosper Haven,7976370231,WV3 0LP,1
admin@qualitycareproviders.co.uk,Quality Care Providers Limited,1189666832,RG30 3HB,1
admin@ravenscroftparknursinghome.co.uk,Abbey Ravenscroft Park Nursing Home,2084495222,EN5 4ND,1
admin@redhousenursing.com,The Red House Nursing Home,1227464171,CT2 8NB,1
admin@ridgegatehome.org.uk,Ridgegate Home,1737242926,RH2 0NR,1
admin@rosefarmhome.co.uk,Rose Farm,1302744664,DN11 8NB,1
admin@roxton.biz,Roxton Nursing Home,1213542621,B72 1LY,1
admin@royal-court.net,Royal Court Care Home,1226741986,S74 9RP,1
admin@saint-catherines.co.uk,St Catherines Nursing Home,1462678888,SG6 3PR,1
admin@salveocare.co.uk,Cherry Tree House Residential Home,1296623350,HP22 6DH,1
admin@shropshirerespitecentre.co.uk,Shropshire Respite Centre,1630639534,TF9 3PX,1
admin@stroses.org.uk,St Martin's Centre,1453763793,GL5 4AP,1
admin@surecaregroup.com,Lezayre Nursing Home,1516449433,CH42 4RB,1
admin@swarthmorecarehome.org.uk,Swarthmore Housing Society Limited,1753885663,SL9 8HB,1
admin@tcn.org.uk,Millmoor Cottage,7552313653,EX10 0EU,1
admin@theabbeyoldmalton.com,The Abbey Residential Home,1653531432,YO17 7HB,1
admin@thefranklyngroup.com,The Gatehouse and Stobars Hall,1423535730,HG2 0HP,2
admin@thegeogians.co.uk,The Georgians (Boston) Limited - 50 Wide Bargate Boston,1205364111,PE21 6RY,1
admin@therylands.co.uk,The Rylands Nursing and Residential Home,1952814871,TF10 8BT,1
admin@triplescare.co.uk,Triple S Care & Support Services,1214548864,B16 9BD,1
admin@twinoaksnursinghome.com,Twin Oaks Nursing Home,1603743195,NR5 9NJ,1
admin@twoacres.co.uk,Two Acres Care Home,1603867600,NR8 6QN,1
admin@valehouse.org.uk,Vale House,1865718467,OX4 4XL,1
admin@vestacare.co.uk,Silverdene Residential Home and Paul Murphy Centre,1612205840,M40 5QD,2
admin@waterfieldsh.co.uk,Waterfield Supported Homes Limited - 10 Dowanhill Road and Waterfield Supported Homes Limited - 23 Broadfield Road,2086976969,SE6 1HJ,2
admin@watfordmencap.org.uk,Thorpedale and 2 other services,1923969154,WD3 5QJ,3
admin@westerfieldhouse.co.uk,Westerfield House Care Ltd,1473232974,IP4 3QG,1
admin@whmanor.co.uk,Walton Heath Manor,1737814010,KT20 7QT,1
admin@willowsnursinghome.co.uk,The Willows Nursing and Residential Home,1858463177,LE16 9BX,1
admin@willowtreelodgecarehome.co.uk,Willow Tree Lodge,1329237681,PO16 7UJ,1
admin@wilsonlodge.org,Wilson Lodge,1214491841,B13 8AJ,1
admin@woodlandscourt.org,Woodlands Court Care Home,1205723355,PE20 1DS,1
adminblnh@crownwoodhealthcare.com,Byron Lodge Care Home Ltd,1634855136,ME7 5PX,1
adminconsort@xcelcare.org,Camelot Care Homes Ltd,1980625498,SP4 7DW,1
administration@stalbansnursinghome.com,St Albans Nursing Home,1253810292,FY6 0AH,1
administration@tregollsmanor.com,Tregolls Manor,1872223330,TR1 1XQ,1
administration@woking-homes.co.uk,Woking Homes,1483763558,GU22 7BE,1
administrator@thornhillhouse.org.uk,Thornhill House Church Lane,1629640034,DE45 1TB,1
administrator@wymondley.com,Wymondley Nursing & Residential Care Home,1438312434,SG4 7HT,1
admissions@treloar.org.uk,Treloar College,1420547400,GU34 4GL,1
adultreferrals@plcl.org.uk,Eldra Court,1626774834,TQ14 9JT,1
advocacy@shedfieldlodge.co.uk,Shedfield Lodge,1329833463,SO32 2JZ,1
advocacy@signhealth.org.uk,SignHealth Bowfell Road and 4 other services,1617478156,M41 5RR,5
ah.frontofhouse@twhealthcare.co.uk,Avocet House Care Home and 6 other services,1205336897,PE21 7NT,7
ahadmin@treasurehomes.co.uk,Stainsbridge House,1666823757,SN16 0AJ,1
ajh@rnbt.org.uk,Admiral Jellicoe House and Pembroke House,2392000996,PO4 8JW,2
aladmin@treasurehomes.co.uk,Abbots Leigh Manor Nursing Home,1275374669,BS8 3RP,1
alandalerh@gmail.com,Alandale Residential Home,1304824904,CT16 3JB,1
albanyhousetisbury@gmail.com,Albany House - Tisbury,1747870313,SP3 6JP,1
aldersmead@aldersmeadcarehome.co.uk,Aldersmead Care Home,1243827619,PO21 1JA,1
alexandra.manager@rosmeadhealthcare.co.uk,Willow Brook Care Home,1159613399,NG4 3BG,1
amkryukov@gmail.com,24 Fortune Gate,2087338227,NW10 9RE,1
amy@anleyhall.co.uk,Anley Hall Nursing Home,1729822268,BD24 9JU,1
amywigglesworth@allendalehouse.karoo.co.uk,Allendale House,1482898379,HU12 8JH,1
anapbm@gmail.com,St Christopher‘s House,2083648085,EN5 2EE,1
andrea.logan@roughleehome.org.uk,Rough Lee Home,1254393152,BB5 2LN,1
andrea@andreamancino.co.uk,Willow Lodge Care Home,1243375382,PO10 8LB,1
angelablythe@allisonhousethornabylimited.co.uk,Allison House,1642675983,TS17 6EN,1
anita.eastlake@oakleighresidentialhome.com,Oakleigh Residential Care Home,1480890248,PE28 4JR,1
antony@torcare.co.uk,Torpoint Nursing Centre and Porte Rouge Care Home,1752813677,PL11 2BW,2
apollohouse@adaragroup.co.uk,The Shrubbery and Burlington Hall Care Home,1933317380,NN10 8DZ,2
ardenhousenursinghome@googlemail.com,Arden House Nursing Home,1923262157,WD4 8PP,1
areamanager@astoncarehomes.co.uk,The Paddocks and 3 other services,7714244273,SN12 6DX,4
arnsideoffice@morecambecare.co.uk,Springfield Lodge and 3 other services,1524426032,LA4 6AP,4
ashleighres@gmail.com,Ashleigh Residential Home Limited,1246235162,S40 4TE,1
ashley.glover@kinwoodcare.co.uk,The Britton,7368435981,WF9 2JY,1
ashley.swinscoe@hegartycare.com,McMorrow House,7539875485,NG9 2AY,1
ashview@curaa.co.uk,Clevedon Court Nursing Home and 3 other services,1275872694,BS21 7HN,4
ask@anavogroup.com,Surbitonian Gardens at Poppy Court and 4 other services,2080514410,KT5 8FF,5
avalon@camelotcare.co.uk,Butterfly Lodge and 3 other services,1752360000,PL5 2EW,4
avenuehouse@jasminehealthcare.co.uk,Avenue House Nursing and Care Home,1933358455,NN10 0SN,1
averleacare@aol.com,Averlea Residential Home,172666892,PL26 7BP,1
avlina.greatorex@baronsmedehomes.co.uk,Baronsmede,1892654057,TN6 1EJ,1
avocet.house@specialisteducation.co.uk,Tower Hill (Residential),1502447478,NR34 9YN,1
avon2office@gmail.com,Avon House Rest Home - Balcombe,1444811282,RH17 6LG,1
avonhouse@cobhamcare.co.uk,Avon House and Avon Manor,1903233257,BN11 4AS,2
bankhall@rochcare.com,Bank Hall Care Centre,1282838909,BB11 2AA,1
baronsadmin@gmail.com,Barons Lodge Sutton,2086421884,SM2 5DW,1
bartonmanager@shaw.co.uk,Sparrowfields and 7 other services,1214282848,B29 5RR,8
bass@bid.org.uk,Chesterberry,1213862290,B24 0EA,1
bearwardcotehall@googlemail.com,Bearwardcote Hall Residential Home,1283734669,DE65 6LS,1
beckfieldhouse.manager@nhs.net,Beckfield House Residential Home,1522790314,LN4 1QJ,1
beech@bristolcarehomes.co.uk,Field House,1179690990,BS7 0DL,1
beggars.roost@colvillecare.co.uk,Woodside Hall Nursing Home and 2 other services,1983882415,PO33 4JR,3
belgavecourt@vitalitycarehomes.co.uk,Brookside Residential Home and Belgrave Court Residential Care Home,1785240738,ST16 1PD,2
belmar@sagecare.co.uk,Jansondean Care Home and 2 other services,2086507810,BR3 6PJ,3
belmontmanagementteam@outlook.com,Belmont House Devon Ltd,1803856420,TQ5 9LY,1
belsfieldhouse@belsfieldcare.co.uk,North Shore Nursing home and St Stephens Nursing Home,1253351824,FY2 9RG,2
ben.c@nellbenltd.com,The Eadmund,2086452680,CR5 2BB,1
ben@bracedigital.com,Blind Veterans UK - Rustington,1903945301,BN16 2JG,1
benefits@lbhf.gov.uk,Rivercourt Project Short Breaks,2085638683,W6 9LD,1
beth.trinidad@nhs.net,Oaklands Nursing Home,1244335060,CH3 7DG,1
bhups.sidhu@hcsolutions.co.uk,Windermere House,1403332400,RH12 3PQ,1
bincy@ashtonhousehaywardsheath.co.uk,Ashton House,1444459586,RH16 4BX,1
birchwood@birchwoodhouse.org.uk,Birchwood House Rest Home,1892863559,TN3 0TU,1
bluebellmanor@lifestyle-care.co.uk,Eastside Gardens and Blythgate Manor,1912639436,NE28 0JE,2
bmcaregroup@aol.com,Merrymeet Residential Care Home,1617375606,M6 8DN,1
bookavisitatoaklandcourt@oaklandcare.co.uk,Oakland Court,1243842400,PO22 7DW,1
bookings@boarbankhall.org.uk,Boarbank Hall Nursing Home,1539532288,LA11 7NH,1
bournemouth@drumconner.co.uk,Drumconner Care Home and Drumconner Lancing,1202761420,BH4 9DR,2
bradley.taylor@villacaregroup.com,Park Lodge,1132659353,LS8 2JH,1
bradstowelodge@btconnect.com,Bradstowe Lodge,1843861962,CT10 1QL,1
braemarlodge@ymail.com,Braemar Lodge Residential Care Home,1702339728,SS2 6NL,1
bridgemead@pilgrimsfriend.org.uk,Bridgemead,1225484904,BA2 6PZ,1
bridgetrowland@hartfordhey.com,Hartford Hey,1513364671,CH64 6US,1
broughtons@wellbeingresidential.co.uk,The Broughtons and Southernwood House,1617089033,M7 1NF,2
burhamlodge@btinternet.com,Burnham Lodge Nursing Home,1278783230,TA8 2PN,1
burnsidecourt@btconnect.com,Burnside Court,1803551342,TQ3 2AA,1
bwalthamnursinghome@solenthealthcare.co.uk,Poplars Care Home,2380677831,SO16 3GD,1
callum@mccalco.com,Leighton House and Harelands House,1706488120,OL15 0BW,2
care.vl17n@nhs.net,The Oaks Residential Care Home,1708220761,RM14 1AF,1
care@bywayhouse.co.uk,Byway House,1243583346,PO22 6DR,1
care@care-options.net,Cherry Lodge Rest Home,1883341471,CR3 5EJ,1
care@cliftonlawns.net,Clifton Lawns,1254703220,BB3 1HL,1
care@dunsterlodge.co.uk,Dunster Lodge Residential Home,1643800190,TA24 6EW,1
care@ecklinggrange.org.uk,Eckling Grange,1362692520,NR20 3BB,1
care@fairfieldhome.co.uk,Fairfield Residential Home,1865558413,OX2 6LA,1
care@heaton-house.net,Heaton House Residential Care Home,1903700251,BN11 5NF,2
care@idenmanor.co.uk,Iden Manor Nursing Home,1580891261,TN12 0ER,1
care@nazareth-lodge.co.uk,Nazareth Lodge,1258472511,DT10 1DE,1
care@nightingales.co.uk,Nettlestead Care Home and Priors Mead Care Home,2084602279,BR1 2PU,2
care@parkhaven.org.uk,James Page and The Beeches,1515318702,L31 6DJ,2
care@ravenswinghomes.com,Ravenswing Manor Residential Care Home,1254207088,BB2 2TZ,1
care@riccallhouse.co.uk,Riccall House Care Home,1757248586,YO19 6QD,1
care@ruislipcarehomes.co.uk,Abbotsford Residential Care Home. and 3 other services,2088660921,HA5 3AZ,4
care@sablecottage.com,Sable Cottage Nursing Home,1829752080,CW6 0RZ,1
care@stpeterscarehome.co.uk,St Peter's Care Home,1227744003,CT6 8RQ,1
care@tcou.co.uk,Hailey House,1621854132,CM9 6HY,1
care@themanorcarehome.co.uk,Manor Residential Home (Arnold) Limited,1159535577,NG5 8FB,1
care@thewillowscarehome.com,The Willows Care Home,1782399411,ST11 9JG,1
care@townfieldhouse.co.uk,Townfield and Coach House and 2 other services,1254884058,BB6 7QB,3
careers@boutiquecarehomes.co.uk,The Burlington and Martello Manor Hythe Limited,1932220338,TW17 9EE,2
careers@homes2inspire.co.uk,Trevone House,1452937220,GL1 3HZ,1
caremanager@yewtreelodge.com,Yew Tree Holdings Limited,1634253184,ME3 9BJ,1
cares@littlebournecarehome.co.uk,Littlebourne House Residential Care Home,1227721527,CT3 1UN,1
careteam@chestnutscare.co.uk,Chestnuts Residential Care Home (Weymouth),1305784996,DT4 9QS,1
carol@harkinscare.co.uk,Ivy House,1482814759,HU8 9ST,1
carseld.manager@carseld.co.uk,Carseld Residential Home,1652650613,DN20 0BZ,1
catherinemillerhouse@btconnect.com,Catherine Miller House,1702713113,SS9 1LB,1
cchbeechhouse@yahoo.co.uk,Cedar House,1375768505,SS17 7AB,1
cdcparkfield@hometrustcare.co.uk,Carlisle Dementia Centre - Parkfield and Nether Place Nursing Home,1228818933,CA1 2QS,2
chairman@rustingtonhall.co.uk,Rustington Hall,1903777501,BN16 3AY,1
chapelgarth@caring.uk.com,Chapel Garth EMI Residential Home,1302872147,DN5 0AR,1
charles@ivylodge.co.uk,Ivy Lodge Retirement Home,1904760629,YO32 3YP,1
chescombetrust@btconnect.com,Chescombe,1179696024,BS34 5BG,1
chestnutsretirementhome@gmail.com,Chestnuts Retirement Home,1526832174,NG34 9DE,1
churchfields.nursinghome@nhs.net,Churchfields Nursing Home,2085592995,E18 2RB,1
clarendoncarehome@outlook.com,Clarendon Care Home,2392824644,PO5 2JZ,1
clearhorizon@centrustcarehomes.co.uk,Haydons Lodge,2085434027,SW19 1DB,1
cleevelodge@kewcaregroup.co.uk,The Manor Cottage and Westbourne Care Home,1179560161,BS16 1NT,2
clientrelations@chdliving.co.uk,Surrey Hills and 9 other services,1428682346,GU8 5UA,10
clients@rosevilleholdings.co.uk,The Old Parsonage,1225782167,SN12 8PR,1
college@portland.ac.uk,Portland College,1623499111,NG18 4TJ,1
commissioning@grangehealthcare.co.uk,Haydock Nursing and Residential Care Home and Birch Hall Care Centre,1254245115,BB1 8QW,2
comms@southernhousing.org.uk,22 Argyll Street and Byrnhill Grove Registered Care Home,1983565964,PO33 3BZ,2
communication@hsc-uk.org,"Christ the King, Footherley Hall and 2 other services",1543480253,WS14 0HG,3
communications@lookahead.org.uk,Felstead Street and 3 other services,2085259655,E9 5LG,4
communications@premierecarehomes.co.uk,The Avenues Care Centre,1843228761,CT9 2LF,1
communications@priorygroup.com,Albion House and 43 other services,2083183366,SE13 6BT,44
community@burrowdown.co.uk,Burrow Down Residential Home,1803663445,TQ3 1RN,1
complaints.penninecare@nhs.net,Cambeck Close,1617966415,M45 8NF,1
complaints@outward.org.uk,Primrose Road,2085586647,E10 5EE,1
coneygarlodge@yahoo.co.uk,Coneygar Lodge,1308427365,DT6 3BA,1
conifer_lodge@outlook.com,Welford Court and Conifer Lodge Residential Home,1162703482,LE2 6EL,2
contact@altogethercare.co.uk,Weymouth - Weymouth Care Home and Yeovil - Sherborne House Care Home,1305784518,DT4 7QF,2
contact@aspencare.co.uk,Aspen Lodge Care Home,2380421154,SO19 9HL,1
contact@bethanycare.org.uk,Bethany Care Service,1189701710,RG26 3TH,1
contact@britanniacare.com,Britannia Care,1274494847,BD8 9NU,1
contact@denverlifesciences.com,Meyrick Cottage,1202253406,BH3 7AG,1
contact@geniecarehomes.co.uk,Osborne Court,1173219280,BS3 3PX,1
contact@heroiccare.com,Jubilee Villa,1455843510,LE9 8DW,1
contact@life-path.org.uk,Life Path Trust Limited - 2 Ellys Road,2476555830,CV1 4EW,1
contact@lscgcare.com,49 Bath Road,7828486827,TW3 3BN,1
contact@mauricare.com,London Road Specialist Nursing Home and Ashford House Care Home,1162706991,LE2 2PU,2
contact@meadowbanks.co.uk,Meadowbanks Care Home,1708330140,RM14 1TT,1
contact@recreate-enterprise.co.uk,Re-Create Freedom,1394671823,IP11 7AB,1
contact@rnjcare.com,Meadow House Residential Home,2392664401,PO2 0HX,1
contact@rolandcarehomes.co.uk,Roland Residential Care Homes - 30 Wilmer Way,7915080600,N14 7HX,1
contact@summercare.org,SummerHill and 3 other services,1702343062,SS9 3ET,4
contact@tulipcommunitycare.co.uk,10-12 Hainsworth Park and 8 Hainsworth Park,7796013455,HU6 8QQ,2
contact@zenoltd.co.uk,Rapid Review & Resettlement,1614378740,M23 2TX,1
contactus@independencematters.org.uk,Pine Lodge and 2 other services,1692670123,NR29 5JH,3
courtcarehome@otlook.com,The Court Retirement Residence,1404822632,EX5 2EF,1
crann.mor@nhs.net,Crann Mor Nursing Home,1932344090,GU22 8PD,1
cranstonmonica351@gmail.com,Waterloo Care Home and 19 other services,1202824807,BH21 6RD,20
creedycourt@autismcare.co.uk,Burridge Farm and Creedy Court,1363775167,EX17 4EL,2
crelakehouse@gmail.com,Crelake House Residential Care Home,1822616224,PL19 9BB,1
crescenthouse108@yahoo.co.uk,Crescent House,1273732291,BN3 6GP,1
cumbriahouse@ashwoodhealthcare.co.uk,The Grange Care Home and Cumbria House Care Home,1303252394,CT19 5JB,2
cvl@hanninghomes.com,The Old Vicarage Residential and Dementia Care Home,1491651429,OX10 9JB,1
danjones59@gmail.com,Freshfields Residential Home,1708226362,RM14 2BN,1
dave@lab6.com,The Hamptons Retirement Home Ltd,1922270306,WS9 9HZ,1
david@treasurehomes.co.uk,Lampton House,1275393153,BS41 9JE,1
dawn@pickworthsresidentialliving.co.uk,Pickworth House,1205580585,PE21 6PE,1
daycentre@wellbeingcare.co.uk,Meadow View Care Home and The Dell Care Home,1933355111,NN29 7AB,2
deborah@charnwoodpark.co.uk,Charnwood Park Residential Home,1455844770,LE9 8FU,1
derbys@ashmere.co.uk,Sutton Lodge,1623442073,NG17 2AH,1
devonlodgecaremanager@outlook.com,Devon Lodge Residential Home,1908281470,MK17 8PL,1
dgenquiries@mgccare.co.uk,Danesford Grange Care Home,1746763118,WV15 6QD,1
diane@westviewcarehome.co.uk,West View,1822840674,PL20 7DU,1
discover.ashton@evermorecare.com,Ashton Manor Care Home,1524566007,LA1 4XN,1
discover@royalgarden.net,Royal Garden Hotel,1243841026,PO21 2QT,1
donna.wellman@sdrcare.co.uk,Leighside and 2 other services,2380462221,SO30 3RE,3
donna@abbeygateresthomes.co.uk,Abbeygate Rest Home,1733211429,PE6 0EG,1
downlodge@hotmail.co.uk,Down Lodge Residential Care Home,1189786484,RG40 2HG,1
dpo-google@google.com,Tarry Hill,1663746440,SK22 4LW,1
dpo@ldccare.co.uk,Chitty Barn,1303276000,CT16 1EU,1
dudleycourtcare@gmail.com,Dudley Court Care Limited,1217063087,B27 6QR,1
eastbrookhouse@gmail.com,Eastbrook House,2088056632,N9 8DA,1
eben@eyebytes.com,The Westwood and 2 other services,1254877755,BB1 4BZ,3
eldroncare@outlook.com,No 11&12 Third Row,1670860116,NE61 5SB,1
elizabethhouse.77@outlook.com,Elizabeth House,1217442753,B90 3BX,1
email@email.com,Flowers Manor and 25 other services,1275472069,SN15 3DQ,26
email@homeofcomfort.org.uk,Home of Comfort Nursing Home,2392730063,PO5 1NF,1
emmafield2025@outlook.com,Seaford Family Care and Homescare Ltd - Peacehaven,7368923042,BN25 2BD,2
enq@parkhousepnh.co.uk,Park House Nursing Home,1274817014,BD13 1QJ,1
enquires@autumn-lodge.co.uk,Autumn Lodge,1273271786,BN3 5PD,1
enquires@bhars.co.uk,Hithermoor House,1753776319,TW19 6AZ,1
enquires@jubileehouse.com,Jubilee House Care Trust - 29 Jonquil Close and The Meadows Short Break Centre,1707391113,AL7 3HX,2
enquiries.jeminiresponse@outlook.com,Jemini Place and 2 other services,132847266,BN27 3PN,3
enquiries@abbeyfieldwestkirby.co.uk,Abbeyfield Lear House,1516251883,CH48 5DT,1
enquiries@abbeytotalcare.co.uk,Bridge House Care Centre,2086478419,SM6 7DJ,1
enquiries@agapehomes.org.uk,Agape Annexe,1536238374,NN16 9QB,1
enquiries@allandalecaregroup.com,Heathermount Residential Home and The Croft,1513421102,CH60 4RH,2
enquiries@amesburyabbey.com,Amesbury Abbey Care Home and Sutton Manor Care Home,1980622957,SP4 7EX,2
enquiries@anncharltonlodge.co.uk,Ann Charlton Lodge,1642480660,TS10 4PR,1
enquiries@aquariuscarehome.co.uk,Aquarius Care Home,1634861380,ME5 9SH,1
enquiries@ardtullycarehome.co.uk,Ardtully Retirement Residence,1277353888,CM4 0BL,1
enquiries@areleyhouse.co.uk,Areley House Care Home,1299877727,DY13 0AB,1
enquiries@ashburton-house.co.uk,Ashburton House,1364653053,TQ13 7DT,1
enquiries@ashdownlodge.co.uk,Ashdown Lodge,1903785251,BN16 3PJ,1
enquiries@ashmoregrange.co.uk,Ashmore Grange Care Home,1165078487,LE19 4BF,1
enquiries@ashtree-house.co.uk,Ashtree House,1507450373,LN13 0NG,1
enquiries@auditcare.com,Kirlena House and Mon Choisy Care Home,1865739223,OX1 5NZ,2
enquiries@autonomygroup.net,The Willows and 3 other services,1985215757,BA12 9JN,4
enquiries@avonleelodge.co.uk,Avon Lee Lodge,1202476736,BH23 7JU,1
enquiries@bbch.co.uk,Bernhard Baron Care Home,1323483613,BN26 5HB,1
enquiries@bchal.org,Bedford Charter House,1234321400,MK40 2PU,1
enquiries@beechhillgrange.co.uk,Beech Hill Grange,1213730200,B72 1DU,1
enquiries@belmonthealthcare.co.uk,Wombwell Hall and 2 other services,1474569699,DA11 8BL,3
enquiries@bethphage.co.uk,Bradbury Court,1630412490,TF9 3FR,1
enquiries@bramblecottagebrighton.com,Bramble Cottage Retirement Home,1273565821,BN1 8NA,1
enquiries@brooklandsnursinghome.co.uk,Brooklands Nursing Home,1702525375,SS9 5XR,1
enquiries@burleigh-house.com,Burleigh House,1462893216,SG7 6AA,1
enquiries@burnbraelodge.co.uk,Burn Brae Lodge,1434632022,NE45 5RU,1
enquiries@butacare.com,Victoria Cottage,1234272757,MK40 2LW,1
enquiries@canterbury-care.com,Rowans Care Centre,1625422284,SK10 3AN,1
enquiries@caringhomes.org,The Pines Nursing Home and 8 other services,2088771951,SW15 2UQ,9
enquiries@centuryhealthcare.co.uk,Lytham Court Nursing Care Home and 4 other services,1253735216,FY8 5QG,5
enquiries@cholwellhouse.co.uk,Cholwell House Nursing Home,1761452885,BS39 5DJ,1
enquiries@cintre.org,Cintre House,1179738546,BS8 2HG,1
enquiries@citycarepartnership.co.uk,Fairleigh House and Heaton Vale,1612264550,M16 8EX,2
enquiries@cleeve-house.co.uk,Cleeve House,1684564454,WR14 1QH,1
enquiries@clover-grove.com,"Clover Grove Residential Care Home,",1202163817,BH18 8BY,1
enquiries@coatewatercare.co.uk,Mockley Manor Care Home and 8 other services,1564742325,B95 5PS,9
enquiries@collegeofstbarnabas.com,College of St Barnabas,1342870260,RH7 6NJ,1
enquiries@coltencare.co.uk,Avon Cliff and 12 other services,1202789998,BH1 3PE,13
enquiries@comae.org.uk,Priors Piece and 5 other services,1803863983,TQ9 5HU,6
enquiries@coombehouse.co.uk,The Coombe House,1491872174,RG8 9QL,1
enquiries@cqc.org.uk,Beechfields,1795520580,ME9 9ET,1
enquiries@creativesupport.co.uk,Trafford Respite Service,1617483562,M41 5DL,1
enquiries@crosswayscarehome.co.uk,Crossways Healthcare Limited,1444416841,RH16 2AA,1
enquiries@cuerden.com,Cuerden Developments Limited - Berkeley House and 2 other services,1942737372,WN5 9LA,3
enquiries@debdalecare.co.uk,Thistle Hill Hall,1623655100,NG19 7EZ,1
enquiries@dormycare.co.uk,Pine Martin Grange and 2 other services,1929551144,BH20 7AJ,3
enquiries@downsvale.co.uk,Downsvale Nursing Home,1306887652,RH4 1PT,1
enquiries@downviewresidentialhome.co.uk,Downview Residential Home,1488683087,RG17 0ED,1
enquiries@elderholme.co.uk,Elderholme Nursing Home,1513340200,CH63 4JY,1
enquiries@eothenhomes.org.uk,Eothen Residential Homes - Gosforth and 2 other services,1912130707,NE3 4BB,3
enquiries@eqcare.org,The Rowans Care Home and The Oaks Care Home,1942316740,WN2 5TE,2
enquiries@eventideresidentialhome.co.uk,Eventide Residential Home Limited,1288352602,EX23 8RQ,1
enquiries@evergreenscarehome.com,The Evergreens,1202526925,BH3 7JJ,1
enquiries@fairbygrange.co.uk,Fairby Grange,1474702223,DA3 8ER,1
enquiries@fairparkcare.com,Park View,1518321562,CH43 8SF,1
enquiries@fatherhudsons.org.uk,St Joseph's and St Catherine's Bungalows,1675434559,B46 3EA,2
enquiries@ferndalenursinghome.co.uk,Ferndale Nursing Home,1293520368,RH10 6BH,1
enquiries@forestcare.co.uk,Rowan Lodge and 3 other services,1256762757,RG27 9AN,4
enquiries@fortavahealthcare.co.uk,The Malting's Care Home and Thorpe Wood Care Home,1733897733,PE3 6AR,2
enquiries@freetimecare.co.uk,Spring Street,1384566180,DY9 7EL,1
enquiries@garretthouse.co.uk,Garrett House Residential Home Limited,1728453249,IP15 5EN,1
enquiries@garthcareservices.co.uk,The Garth Care Home with Nursing,1544230502,HR5 3BA,1
enquiries@gracefieldhealthcare.com,Gracefield Health Care Limited (GHC) - 31 St Domingo Grove,1512601984,L5 6RP,1
enquiries@grassingtonhouse.com,Grassington House,1305267968,DT1 1PP,1
enquiries@greenpastures.uk.com,Green Pastures Christian Nursing Home,1295279963,OX16 0TT,1
enquiries@gtch.co.uk,Green Trees Care Home,2084496381,EN4 0EY,1
enquiries@harbourrise.co.uk,Harbour Rise Rest Home,1803551834,TQ4 6DN,1
enquiries@heathfieldcarehome.co.uk,Heathfield Care Home,1243511040,PO20 8QA,1
enquiries@herewardcare.co.uk,Lyons Gardens,1733254261,PE6 7JS,1
enquiries@heronslea.co.uk,Herons Lea Residential Home Limited,1237476176,EX39 3PT,1
enquiries@highbroomcarehome.com,High Broom Care Home,1892654027,TN6 3SL,1
enquiries@hillcare.net,Lever Edge Care Home and 14 other services,1204660011,BL3 3EP,15
enquiries@hmtstquentin.org,"St Quentin Senior Living, Residential & Nursing Homes",1782617056,ST5 0LZ,1
enquiries@housing21.org.uk,Housing 21 - The Watermill,3701924220,WS3 1SJ,1
enquiries@imapcentre.co.uk,Wood Cottage and Danebank,,CW2 8SD,2
enquiries@in-caring-hands.co.uk,In Caring Hands St Austell,172661998,PL25 4DS,1
enquiries@jobsclose.org.uk,Job's Close Residential Home for the Elderly Limited,1564773499,B93 0HF,1
enquiries@keatehouse.com,Keate House Residential Home,1925752091,WA13 0QL,1
enquiries@kingfisherscarehome.co.uk,Kingfishers Nursing Home,1628520020,SL8 5RA,1
enquiries@kingsfieldcourt.co.uk,Kingsfield Court Care Home,1455360220,LE9 7DG,1
enquiries@kinlycare.co.uk,Boldmere Court Care Home,1213530003,B23 5SB,1
enquiries@kirklandscare.co.uk,Spencefield Grange and Meadow's Court,1162418118,LE5 6SD,2
enquiries@kyn.co.uk,KYN Bickley and KYN Hurlingham,205309700,BR1 2AZ,2
enquiries@lakescare.co.uk,The Lakes Care Centre,,SK16 4TX,1
enquiries@lakeshorehealthcare.co.uk,Lakeshore Nursing Home,1263822671,NR26 8PW,1
enquiries@lhnh.co.uk,Sherrington House Nursing Home and Lister House Nursing Home,1274494911,BD8 8RA,2
enquiries@lifeworks-uk.org,Sesame,1803329082,TQ1 3HA,1
enquiries@lovedayandco.com,Loveday Kensington,2032856152,W8 5EP,1
enquiries@lovett-care.com,Wilmslow Manor Care Centre and 8 other services,1619272940,SK9 2LX,9
enquiries@macdonaldcare.co.uk,The Old Vicarage,1204594736,BL1 7EQ,1
enquiries@mallands.co.uk,Mallands Residential Care Home,1626366244,TQ12 5NL,1
enquiries@manorbarncarehome.co.uk,Manor Barn Nursing Home,1243781490,PO20 7PE,1
enquiries@mayfield-residential.co.uk,Mayfield Residential Home,1406426063,PE12 7AG,1
enquiries@millingtonsprings.uk,Millington Springs,1773863557,NG16 6AN,1
enquiries@minstercaregroup.co.uk,The Glen Care Home and 3 other services,1524400255,LA4 5BN,4
enquiries@missioncare.org.uk,Willett House and Elmwood,2084028224,BR7 6LT,2
enquiries@nghc.co.uk,Nightingale Group ltd. Trentham Care Centre,1782644800,ST4 8FF,1
enquiries@northfieldcare.co.uk,Northfield House,1453488041,GL5 1SP,1
enquiries@oakleatrust.co.uk,Garth Brow (Adult Care Home) and Yealand Drive (Adult Care Home),1539734111,LA9 5NN,2
enquiries@optimacare.co.uk,The Chilterns and 3 other services,1843832628,CT8 8SA,4
enquiries@pcnh.co.uk,Petworth Cottage Nursing Home,1798342785,GU28 0HQ,1
enquiries@pembrokecare.com,Pembroke Lodge,1189414200,RG1 5PF,1
enquiries@pilkingtonfamilytrust.com,Ruskin Lodge,174420010,WA10 6AW,1
enquiries@polventon.co.uk,Polventon Residential Care Home,1326280734,TR12 6NS,1
enquiries@prestwoodcare.co.uk,Prestwood Coach House and Prestwood Lodge,1384877111,DY7 5AL,2
enquiries@prokare.co.uk,The Willows and 2 other services,1952684971,TF7 5AT,3
enquiries@quarrymount.co.uk,Quarry Mount,1793527715,SN1 4AX,1
enquiries@redhomes.com,Red Roofs Residential Care Home and 2 other services,1636707298,NG24 4LH,3
enquiries@redoakscare.com,Corner Oaks,1508570761,NR29 3NP,1
enquiries@restfulhomes.co.uk,Cannock Specialist Care Centre and 6 other services,1543622525,WS11 5BU,7
enquiries@rosebankcarehome.co.uk,Rosebank Care Home,1993225481,OX18 2JR,1
enquiries@rosebery-carehome.co.uk,Rosebery House,1323501026,BN22 9QA,1
enquiries@rosewoodmanor.co.uk,Rosewood Manor,1923624154,LE16 9BZ,1
enquiries@royalalfred.org.uk,Belvedere House,1737360106,SM7 3HB,1
enquiries@royalcambridgehome.org,Royal Cambridge Home,2089793788,KT8 9AH,1
enquiries@salutemsharedservices.co.uk,Ash Lea House and 13 other services,1773521763,DE55 7DT,14
enquiries@sandstonecare.co.uk,Ribble Court Care Home and Telford Hall,1772954897,PR4 4QB,2
enquiries@seathornecourt.co.uk,Seathorne Court Residential Home,1754765225,PE25 1RW,1
enquiries@seckford-foundation.org.uk,Jubilee House,1394382399,IP12 4NB,1
enquiries@signaturesl.co.uk,Signature at Caversham and 3 other services,1189113055,RG4 6LB,4
enquiries@silveroakshome.co.uk,Silver Oaks Residential Care Home,1530815665,LE67 5EW,1
enquiries@staidanlodge.com,St Aidan Lodge Residential Care Home,1913709691,DH1 5BL,1
enquiries@stjosephsresthome.co.uk,St Josephs Rest Home,2085183004,IG1 3HT,1
enquiries@stjudesnursinghome.co.uk,St Judes Nursing Home,2086431335,SM2 5DU,1
enquiries@stlukeshosp.co.uk,St Luke's Hospital - Oxford,1865228800,OX3 7PF,1
enquiries@stmartinshousing.org.uk,Highwater House,1603766627,NR2 4SZ,1
enquiries@stmichaelscare.org,St Michael's Nursing Home,1843834917,CT8 8LH,1
enquiries@stmichaelshomesltd.com,Dudbrook House,1277372426,CM14 5TQ,1
enquiries@stockdales.org.uk,Headonhey and 4 other services,1619693527,M33 5AH,5
enquiries@stoneacrelodge.com,Stoneacre Lodge Residential Home,1302882148,DN7 4BS,1
enquiries@stoneleighwsm.com,Stoneleigh Residential Care Home Limited,1934626701,BS23 4BN,1
enquiries@stratfieldlodge.co.uk,Stratfield Lodge Residential Home,1202553596,BH8 8JL,1
enquiries@stthomascomplex.com,St Thomas Complex,1914546662,NE33 2RX,1
enquiries@sundialcottage.co.uk,Sundial Cottage Rest Home Ltd,2380891031,SO45 1BW,1
enquiries@supportability.org.uk,Cheddle Lodge,1614285189,SK8 1BB,1
enquiries@syha.co.uk,Lister Avenue,1142900250,S12 3FH,1
enquiries@tendringcare.co.uk,Tendring Care Homes Ltd,2380864571,SO40 7DY,1
enquiries@thecareproject.co.uk,Rosewood House,7728899303,B74 4HL,1
enquiries@thechildrenstrust.org.uk,The Children's Trust - Tadworth,7842557888,KT20 5RU,1
enquiries@thepaddock-lydd.co.uk,The Paddock,1797321292,TN29 9AN,1
enquiries@thesagehome.com,Service to the Aged,2082018111,NW11 9AL,1
enquiries@treelandshome.net,Treelands Home Ltd Main Site and Treelands Atrium,1392811664,EX6 6AQ,1
enquiries@tricuro.org,Coastal Lodge,1202924812,BH1 3QR,1
enquiries@trurehab.com,Chapel House and 3 other services,1744638648,WN5 7LA,4
enquiries@trustworth.co.uk,Sunnyside Nursing Home,1753653920,SL0 9QA,1
enquiries@tuskerhouse.co.uk,Tusker House,1424421573,TN34 3PP,1
enquiries@unifiedcare.co.uk,37 Coleraine Road,2088884348,N8 0QJ,1
enquiries@ventry-care.com,St Francis Residential Care Home and Athenaeum Residential Care Home,2085273072,E4 9QR,2
enquiries@victorianursinggroup.co.uk,Victoria Chartwell,1273551355,BN3 6DA,1
enquiries@villamaria.co.uk,Villa Maria Private Nursing Home,2086801777,CR2 7BB,1
enquiries@warringtonresidentialcare.org.uk,Warrington Residential and Dementia Care,1249280050,SN13 9PD,1
enquiries@wemysslodge.co.uk,Wemyss Lodge,1793828227,SN3 4LH,1
enquiries@wendleberriehouse.co.uk,Wendleberrie House,1933442160,NN8 4ET,1
enquiries@westbournecarehome.co.uk,Westbourne Care Home,1462459954,SG5 2TP,1
enquiries@westcliffehomes.co.uk,Westwood Residential Care Home,1257264626,PR7 1LF,1
enquiries@westheanton.co.uk,West Heanton - Residential Home,1409281754,EX21 5PJ,1
enquiries@whitefieldhouse.co.uk,Whitefield House,1617969666,M45 7NF,1
enquiries@whitegatescarehome.com,Whitegates Care Home,1425472302,BH24 1LL,1
enquiries@whitelodgecare.com,White Lodge Care Home,1628898281,SL7 1RP,1
enquiries@windmillcare.com,Windmill House and 2 other services,1454413818,BS32 4PH,3
enquiries@woodlands-hillbrow.co.uk,Hill Brow and 3 other services,1252850236,GU10 5DB,4
enquiries@wrenretirement.co.uk,Westerham Place Residential Care Home and 2 other services,1959565805,TN16 1TD,3
enquiries@www.doddingtonlodge.com,Doddington Lodge,1584707084,DY14 0HJ,1
enquiriesactoncarecentre@goldcarehomes.com,Manor House and 17 other services,1213600680,B44 9AL,18
enquiry@echouk.net,Falcon House (ECHO) Limited and 2 other services,7917976076,ST17 9EU,3
enquiry@guildcare.org,Linfield House and 2 other services,1903529629,BN11 4JD,3
enquiry@haleplace.co.uk,Hale Place Farmhouse,1622871081,TN12 5EN,1
enquiry@relycareagency.co.uk,Constable House,1905422150,WR2 5RB,1
enquiry@stgeorgescare.co.uk,St. George’s Nursing Home,1590648000,SO41 0PS,1
example@mysite.com,Alison House and 14 other services,1452790612,GL2 8DX,15
falconhouse.manager@gmail.com,Falcon House Residential Home,1279658393,CM22 7PP,1
feedback@marbrook.co.uk,The Marbrook Centre,1480273273,PE19 8EP,1
felix.marufu@flexicoventry.co.uk,Flexi Coventry Limited,2476682968,CV7 9AJ,1
flowandflourishheals@gmail.com,Middleton Hall Retirement Village,1325332207,DL2 1HA,1
fmslgen.secretary@gmail.com,St Josephs Nursing Home,1903711325,BN17 6AU,1
foundation@percyhedley.org.uk,Wansbeck House and Tyne House,1912665491,NE2 3BB,2
fountains@barchester.com,Kingswood Court Care Home and 6 other services,1179603722,BS15 1PN,7
francesca@unlimitedcare.co.uk,Stanley Lodge Residential Home,1524791904,LA2 0HE,1
freeholdcottage@gmail.com,Freehold Cottage Residential Home,1706853384,OL12 8JB,1
fundraising.team@hestia.org,Lynton Terrace and Harwood Road,2089923343,W3 9DU,2
fundraising@abbeyfield.com,Parkdale Care Home and Staveley House,1902710581,WV3 9PG,2
gensec@sacredheartsjm.org,Marian House Care Home,1895253299,UB8 3PW,1
glendale-manager@extrafriend.co.uk,Glendale Lodge,1304363449,CT14 8BS,1
gm-bristol@serenity-homes.org,Edgecumbe Lodge Care Home,1179568856,BS16 5DS,1
goldenhill@primarymedicalsolutions.co.uk,Goldenpark Nursing Home,1782420600,ST6 3LL,1
gorwayhouse@gmail.com,Gorway House,1922615515,WS1 3BG,1
grovemanager@waltoncare.co.uk,Walton House Nursing Home and The Grove Care Home,1772628514,PR5 4PD,2
hammond.m@btconnect.com,Chelfham House Residential Home,1271850373,EX31 4RP,1
hazelwoodgardens@hotmail.com,Hazelwood Gardens Nursing Home,1179500810,BS9 3AE,1
headoffice@hhcare.co.uk,The Manor House Gosforth and The Manor House Whickham,1912170092,NE3 5TQ,2
headoffice@oakfieldpsych.co.uk,Wellfield,1619451378,NE1 4PA,1
heather@charinghealthcare.co.uk,Rosewood Residential Care Home and 9 other services,1322385880,DA9 9JB,10
heather@locharwoods.co.uk,Valmar Care t/a Locharwoods of Birkdale,1704564001,PR8 2AY,1
helena.maher@starandgarter.org,The Royal Star & Garter Homes - Solihull and 2 other services,1217116330,B91 3DE,3
hello@ashtonhealthcare.co.uk,Bletchingley and 2 other services,1444587920,RH16 3EG,3
hello@beehivecare.org.uk,"Cornwell House, Beehive Care",1903240313,BN12 5NN,1
hello@braemarcarehome.co.uk,Braemar Care Home,2392811399,PO5 2PU,1
hello@grosvenorcare.co.uk,Grosvenor House Care Home,1427616950,DN21 3DL,1
hello@ljwb.co.uk,Cranmer Scheme and Leeds Jewish Welfare Board - 248 Lidgett Lane,1132371052,LS17 5PX,2
hello@mhc-uk.com,Meols Drive Care Home with Nursing and Rockfield House,1516327010,CH47 4AQ,2
hello@parkhousesandy.org,Park House Nursing Care Centre,1767692186,SG19 1NL,1
hello@stepsrehabilitation.co.uk,STEPS Neurological and Trauma Rehabilitation Centre,1142587769,S7 2QA,1
hello@trustcare.co.uk,Rookhurst Lodge,1424225919,TN40 2NZ,1
hello@wechangelives.org.uk,The Mews,1925790596,WA5 2EY,1
help@birminghammind.org,Charles Davies House Residential Care,1215238880,B18 5PW,1
hendford@hendford.org.uk,Hendford Nursing Home,2083937891,KT17 3ER,1
highclifferesthome@hotmail.com,Teamcare Limited t/a Highcliffe Residential Home,1257265198,PR6 7HW,1
hnf-tr.communications@nhs.net,Granville Court,1964561322,HU18 1NQ,1
hollie@kingfishercares.com,Somerset House,1934832114,BS49 4DB,1
hollymeadhouse@aol.com,Hollymead House Limited,1243868826,PO22 8HG,1
holtretirement@btinternet.com,The Holt Retirement Home,1723862045,YO13 9LN,1
home@boucherne.co.uk,Boucherne Limited,1621855429,CM9 4SQ,1
home@kestrelgrove.co.uk,Kestrel Grove Care Home,20889504329,WD23 1JQ,1
homeadmin@millardcarehome.co.uk,Corner House and Corner Lodge Limited,1255432415,CO15 1DB,2
homemanager@aslocktonhall.com,Aslockton Hall Nursing & Residential Home,1949850233,NG13 9AH,1
homemanager@scalfordcourt.co.uk,Scalford Court Care Home,1664444696,LE14 4UB,1
homemanager@thehamptons-cheltenham.co.uk,The Hamptons,1242520527,GL53 0BN,1
homemanager@woodford-house.co.uk,Woodford House,1902324264,WV5 7HW,1
howardsresidentialhome@yahoo.com,Howards Residential Home,1932856665,KT15 1EY,1
hr@adelaidecaregroup.co.uk,Fiveways and 2 other services,2085315885,CT5 2DT,3
hr@lhccgroup.co.uk,Leyton House,2038597352,E15 2DE,1
hr@rydehouse.com,Ryde Cottage and 3 other services,1983614892,PO33 3NF,4
hrqueries@dimensions-uk.org,Queens Lodge,1293510734,RH11 8AY,1
hub.support@broughtonhouse.com,Broughton House - Veteran Care Village,1617402737,M7 4JD,1
huh-tr.pals.service@nhs.net,Mary Seacole Nursing Home,2077397977,N1 5LZ,1
impallari@gmail.com,Leahyrst Care Home and 2 other services,1142722984,S6 3NA,3
inclusionindependenceltd@gmail.com,Gladstone House,7980145915,DY8 3PE,1
info-nd@ndirections.co.uk,James Dixon Court,1517050320,L30 0QP,1
info@1n2.f71.myftpupload.com,Lee Valley Care Services Limited,2089020254,HA9 7QU,1
info@4sr.co.uk,Foresight Residential Limited - 14 Otley Road,1423500700,HG2 0DN,1
info@abbeycliffecarehome.co.uk,Abbeycliffe Residential Care Home,1618502851,M26 3BP,1
info@abbeyfieldmaidenhead.org.uk,Winton House,1753856466,SL4 5AZ,1
info@abbeyfieldthedales.co.uk,Fern House and Abbeyfield - Grove House Residential,1274065090,BD16 4FA,2
info@abbeyhealthcare.org.uk,Aaron Court and 4 other services,1162415552,LE5 1SJ,5
info@abbeyhouse.org.uk,Abbey House Nursing Home,2380454044,SO31 5FB,1
info@abodecarehomes.co.uk,Creedy House and 3 other services,1797362248,TN28 8NB,4
info@acornvillages.com,Acorn Village,1206394124,CO11 2NJ,1
info@acrecareservices.com,Potton House and Orchid Lawns,1767317289,SG18 0EL,2
info@actcare.co.uk,Enidaso,7703056117,B19 1HB,1
info@adicocare.co.uk,Ashbridge Lodge Residential Care Home,2084969354,E11 1NH,1
info@alexandrahomes.co.uk,Alexandra House - Bristol and Ash View House,1179778423,BS4 2PN,2
info@alistrelodge.co.uk,Alistre Lodge Nursing & Care Home,1253726786,FY8 1UR,1
info@allagcare.co.uk,Oak House,1162731717,LE5 5FP,1
info@altoncaregroup.com,Alton Manor Care Home - Portsmouth,2392862904,PO4 0QA,1
info@alverstokehouse.com,Alverstoke House Nursing Home,2392510254,PO12 2BX,1
info@amberley-lodge.co.uk,Amberley Lodge Care Home,1903201076,BN11 4PB,1
info@amberleycarehome.com,Amberley Care Home,1618258222,M33 6RX,1
info@amblesidecare.co.uk,Ambleside and Ambleside Residential Care Home,1242522937,GL51 6EG,2
info@amblesidenursinghome.co.uk,Ambleside Nursing Home,1934642172,BS23 2QT,1
info@apexhealthcare.co.uk,Sea Bank House and 2 other services,1253810888,FY6 0AD,3
info@apnaghar.co.uk,Apna Ghar Residential Home,1634850445,ME7 1EA,1
info@arkcare.co.uk,Greenways Rest Home,1772339083,PR5 8JP,1
info@arknursing.co.uk,Acorn House - Bideford and 2 other services,1237424248,EX39 1HG,3
info@ashahealthcare.co.uk,Ashfield Nursing Home and Bancroft Care Centre,1623723724,NG17 8BP,2
info@ashlandscarehome.co.uk,Ashlands Care Home,1623792711,NG21 0EH,1
info@ashridgecourt.co.uk,Ashridge Court Care Centre,1424842357,TN39 4QL,1
info@ashtonmeadows.co.uk,Ashton Meadows Nursing Home,2039497373,KT2 7EW,1
info@askhamvillagecommunity.com,Askham Grove,1354740269,PE15 0TX,1
info@aspencourtcare.co.uk,La Fontana,1935829900,TA12 6PQ,1
info@aspenmanorcarehome.co.uk,Aspen Manor Care Home,1572494770,LE15 6GL,1
info@aspiremhc.co.uk,Bramble House,3300947750,S43 2LQ,1
info@autismpathways.co.uk,"1, 2 and 3 St Georges Gardens",3304011229,CH42 6SJ,1
info@avalonresidentialhome.co.uk,Avalon Residential Home,1452417400,GL2 0RZ,1
info@bartoncourtcare.co.uk,Barton Court,1795875394,ME12 3PX,1
info@bartyhouse.co.uk,Barty House Nursing Home,1622737025,ME14 4HN,1
info@bendigonursinghome.co.uk,Bendigo Nursing Home,1323642599,BN21 2EL,1
info@benridgecarehomes.co.uk,Good Companions EMI Residential Care Home,1704220450,PR9 7PG,1
info@berrycroftcare.co.uk,Beechwood Lodge,1706860369,OL12 7PB,1
info@berrypomeroy.org.uk,Berry Pomeroy,1323720721,BN21 4EN,1
info@bhandalhomecare.co.uk,St Paul's Care Home,1522721764,LN5 9RF,1
info@birchfieldcarehome.co.uk,Birchfield Residential Care Home,1254266020,BB2 6LY,1
info@birkdalepark.co.uk,Birkdale Park Nursing Home,1704566066,PR8 2AT,1
info@birkdalevillagecarehome.co.uk,Birkdale Village Care Home,1704564801,PR8 4SR,1
info@birtleyhouse.co.uk,Birtley House Nursing Home,1483892055,GU5 0LB,1
info@bradburyhouse.co.uk,Bradbury House,1494671780,HP9 2JW,1
info@bradwellhall.com,Bradwell Hall Nursing Home,1782636935,ST5 8RQ,1
info@bramleycare.com,Sursum Limited Bramley House and The Old Rectory,1747860192,BA12 6JN,2
info@bramleyhealth.co.uk,Heathvale House,2087688050,CR7 7JL,1
info@broadoakmanor.co.uk,Broad Oak Manor Nursing Home,1992551900,SG14 2JA,1
info@bsjcare.co.uk,Beau Sejour Care Services,1727859948,AL1 5DL,1
info@burghheathlodge.co.uk,Burgh Heath Lodge,1372741025,KT17 4LP,1
info@burghhouse.co.uk,Burgh House Residential Care Home Limited,1493780366,NR31 9QL,1
info@care-matters.co.uk,Abbey Lodge,1424834818,TN33 0SH,1
info@careforveterans.org.uk,Care for Veterans,1903213458,BN11 4LJ,1
info@carelinelifestyles.co.uk,Lyons Court Care Home and 3 other services,1388834516,DL14 9RE,4
info@careopportunities.co.uk,The Conifers,1256869949,RG22 5LR,1
info@caretech-uk.com,Sunningdale House and Bethany House,1423569191,HG1 5EN,2
info@caringuk.com,The Cedars Rest Home Limited,1619284361,WA14 2HX,1
info@carletoncourtskipton.co.uk,Carleton Court Residential Home Limited,1756701220,BD23 2BE,1
info@carlton-group.com,Carlton Autistic Care Centre,1484649899,HD3 4RZ,1
info@carltonhall.co.uk,Carlton Hall Residential Home and Village,1502513208,NR33 8BL,1
info@cascade-care.com,Cascade (Stiles House) and 4 other services,1964613168,HU19 2HH,5
info@castlefarmcare.co.uk,Castle Farm Care Home,1258857642,BH16 6BZ,1
info@catalystchoices.org.uk,4 Cronulla Drive,1925202380,WA5 3HS,1
info@cavendishcarehome.co.uk,Cavendish Care Home,1452521896,GL1 5LF,1
info@cedars-carehome.co.uk,Cedars Care Home,1702236090,SS2 6FQ,1
info@cedartrust.co.uk,Magnolia House,1684850111,GL20 8HZ,1
info@chartwelltrust.org,Sheringham House,2085904700,IG3 8LQ,1
info@chegworthnursinghome.com,Chegworth Nursing Home,2086429453,SM2 7EH,1
info@chelstonpark.co.uk,Chelston Park Nursing and Residential Home - Chelston Gardens Dementia Nursing Home,1823667066,TA21 9PH,1
info@chesterlodge.org.uk,Chester Lodge Care Home,1244342259,CH1 3BX,1
info@cimacare.co.uk,Hill House and 2 other services,1773471055,DE55 7JP,3
info@cjbcare.co.uk,Tree Tops and Leigh House,1283530416,DE15 0LB,2
info@cliftonviewcarehome.com,Clifton View Care Home,1159842021,NG11 9GH,1
info@cloughhousecarehome.co.uk,Clough House,1772436890,PR25 3EL,1
info@coastcaregroup.co.uk,Whitebriars Care Home and 2 other services,1424215335,TN40 1NG,3
info@cockleburyfarmhouse.co.uk,79 Malmesbury Road,1249651992,SN15 1PX,1
info@compassionatehealthcare.co.uk,Compassionate Lodge,1782970812,ST11 9AB,1
info@complexneeds.com,King's Lodge Centre for Complex Care,1737822221,RH1 5PA,1
info@connecthousecarehome.com,Connect House,1159245467,NG5 1LP,1
info@cornerstonehc.co.uk,The Burren and 2 other services,1174505921,BS13 7TJ,3
info@courthousecare.co.uk,Court House Residential Home,188432510,EX15 1BE,1
info@coxbench-hall.co.uk,Coxbench Hall,1332880200,DE21 5BB,1
info@crabtreecarehomes.co.uk,Sunningdale EMI Care Home and The Raikes Residential Home,1274545859,BD9 4NB,2
info@craighealthcare.co.uk,Cramlington House and 2 other services,1670591930,NE23 8AD,3
info@creamcare.co.uk,Wilton House and Longrun House,,TA1 3PX,2
info@crescenthouse.co.uk,Crescent House,1604791141,NN1 4SB,1
info@cresthavencare.com,Rose Court Care Home,1708847722,RM7 0XY,1
info@crosswayscommunity.org.uk,Crossways Community,1892529321,TN4 9QX,1
info@crown-care.co.uk,Thorncliffe Residential Care Home and 2 other services,1254703122,BB3 2QB,3
info@crowncarerossendale.co.uk,High Peak Residential and Nursing Home,1925549485,WA3 4AZ,1
info@csfc.co.uk,Purley House and Roebuck Rise,1189421330,RG8 8BG,2
info@cts-homes.co.uk,Victoria Court and 2 other services,1934629392,BS23 2HZ,3
info@culwoodhouse.co.uk,Culwood House,1494771012,HP5 3NH,1
info@czajka.co.uk,Currergate Nursing Home and 2 other services,1535653204,BD20 6PE,3
info@deafway.org.uk,Brockholes Brow - Preston,1772796461,PR1 5BB,1
info@deepdenecare.com,Deepdene Court,1903719187,BN17 5HS,1
info@devonshiredementiacare.com,Devonshire Dementia Care Home,2089490818,KT3 6AG,1
info@diagrama.org.uk,Cabrini House 1 (Diagrama Healthcare) and Edensor Care Centre (Diagrama Healthcare),1689891401,BR6 9LB,2
info@dialhousecare.com,Dial House Nursing and Residential Home,1234356555,MK40 2DB,1
info@dmphealthcare.co.uk,Pranam Care Centre and Barton Lodge,2085749138,UB1 2AY,2
info@downhallcare.co.uk,Down Hall Residential Home,1621776509,CM0 7QP,1
info@dragonflycarehome.co.uk,Dragonfly Care Home,,BH19 3HB,1
info@eastbankhereford.co.uk,Eastbank,1432266177,HR1 2SY,1
info@eburycourt.co.uk,Ebury Court Residential Home Limited,1708728734,RM7 0LX,1
info@eden-supported-services.co.uk,Eden Supported Services,2037378562,IG3 8PQ,1
info@edgwareabbey.org.uk,Community of St Mary at the Cross,2089054200,HA8 9PU,1
info@evergreenhc.co.uk,The Hollies Residential Home,1474568998,DA11 0SE,1
info@feltwelllodge.com,Bay Tree House,1603503528,NR4 7QB,1
info@fernhillhousecarehome.co.uk,Fern Hill House Care Home,1706873466,OL13 9BA,1
info@firstchoicecareservices.co.uk,63 Eton Avenue,2087828629,HA0 3AZ,1
info@fishercaregroup.co.uk,Bridge House Care Home and 2 other services,1484905111,HD6 4BQ,3
info@forwardsupport.co.uk,Catherine House,1823630750,TA1 2EP,1
info@foxleighgrove.co.uk,Foxleigh Grove Nursing Home,1628673332,SL6 3LQ,1
info@freeways.org.uk,Jonathan House and 4 other services,1179736361,BS6 7NU,5
info@futuredirectionscic.co.uk,Stanley Grange,1254852878,PR5 0RB,1
info@gablesresthome.co.uk,The Gables Rest Home,1562745428,DY11 5PB,1
info@gatelodgecarehome.co.uk,Gate Lodge,2086687286,CR8 3HE,1
info@ge-firsthealthcare.co.uk,Melrose House,7340347295,SS1 1HD,1
info@genhawk.org.uk,Goldcrest House,1405763607,DN14 6AJ,1
info@glendaleresidential.co.uk,Glendale Residential Care Home,1371820453,CM6 3HB,1
info@glenhurstmanor.co.uk,Glenhurst Manor,1202761175,BH4 8BB,1
info@gloschar.org.uk,Guild House Residential Home and Magdalen House Residential Home,1452525098,GL1 3HW,2
info@godfreycare.co.uk,Ash Tree House and 3 other services,1283295150,DE15 0LG,4
info@goringcarehomes.com,Lyndhurst Residential Care Home and The Grange,1491871325,RG8 9BL,2
info@gorselandsnursinghome.co.uk,Gorselands Nursing Home,1425402316,BH24 4HN,1
info@graftonlodge.co.uk,Grafton Lodge,1634722621,ME2 3DE,1
info@grangeleacarehome.com,Grange Lea Care Home,1661821821,NE20 9UT,1
info@grangewoodlodge.co.uk,Grangewood Lodge Residential Home,1827373577,DE12 8BH,1
info@greatglens.co.uk,Great Glens Facility,1933274570,NN8 1NB,1
info@grove-charlestown.co.uk,The Grove,172676481,PL25 3NP,1
info@halingparkcare.com,Haling Park Care Home,2081818898,CR2 6NS,1
info@hallatonmanor.com,Hallaton Manor Limited,1858555271,LE16 8TZ,1
info@hamptoncarehome.co.uk,Hampton Care Home,2084817070,TW12 2DW,1
info@harbornelanenursinghome.com,Harborne Lane Nursing Home,1212581445,B29 6TG,1
info@harbourhealthcare.co.uk,Bright Meadows and 2 other services,1204392005,BL2 6PP,3
info@hatchmoor.co.uk,Hatchmoor Nursing Home,1805625721,EX38 7AT,1
info@haveringcare.co.uk,Abbcross Nursing Home and Upminster Nursing Home,1708438343,RM1 2RL,2
info@hawksburyhouse.co.uk,Hawksbury House,1914821258,NE9 5YP,1
info@hayhousecare.com,Hay House Nursing Home,1392461779,EX5 3JL,1
info@hazelwoodcare.co.uk,Bywell House Care Home and The Westcliff Care Home,1903236062,BN11 4NU,2
info@hazelwoodcarehome.com,Hazelwood Care Home,1474573800,DA3 7PW,1
info@heatherwood.org,Heatherwood Care Centre and Willow Lodge Nursing Home,2086606646,CR8 3EH,2
info@heathlandscarecentre.co.uk,Heathlands Care Centre,1344937779,RG12 7RX,1
info@heathlandscarehome.co.uk,Heathlands Care Home,2085063670,E4 6NF,1
info@hennessypartnership.co.uk,Bishops Way,3333603941,HD9 4BW,1
info@hica-uk.com,The Lodge - Dementia Care with Nursing,1772625000,PR7 7EP,1
info@high-oaks.co.uk,High Oaks,1379674456,IP22 5UU,1
info@highburynursinghome.co.uk,Highbury Nursing Home,1214424885,B13 8PX,1
info@highcroftnursinghome.co.uk,Highcroft Nursing Home,1934622247,BS23 2PE,1
info@highviewcare.co.uk,High View Residential Unit and 2 other services,2086700168,SE21 8HY,3
info@highwoodcare.co.uk,Highwood Care Home,1628662888,EX39 3AB,1
info@hnha.co.uk,Heath Lodge Community Haven,1423882970,YO51 9EW,1
info@holbeach-hospital.org.uk,Holbeach and East Elloe Hospital Trust,1406422283,PE12 8AQ,1
info@holbrookhall.co.uk,Holbrook Hall,1332880698,DE56 0TF,1
info@hollyhouseresidential.com,Holly House Residential Home,1604859188,NN7 3AT,1
info@housmancare.co.uk,Housman Care Ltd,1527575440,B60 1AZ,1
info@howardcourtbrampton.com,Howard Court Care Home,169772870,CA8 1NH,1
info@hursteadhouse.co.uk,Hurstead House Care Home,1706379511,OL12 9QU,1
info@ignitehealth.co.uk,Step-forward support services,7411381412,B20 1EA,1
info@independence-development.co.uk,Edwin Therapeutic Unit and Sinon House Therapeutic Unit,1474323891,DA12 1EJ,2
info@ingleboroughnursinghome.co.uk,Ingleborough Nursing Home,1524241593,LA6 3AB,1
info@inglewoodcare.co.uk,Inglewood Nursing Home,1323501086,BN22 9PR,1
info@inspirecaregroup.com,Ellens Court Care Home,1795651061,ME9 0NT,1
info@inspireddaycare.co.uk,Inspired Day Care Services,7442152581,DN1 2AA,1
info@inspirenorth.co.uk,Oakwood Hall,1132359079,LS8 2PF,1
info@ivycarehomes.com,Ivy Mead and 3 other services,1226288277,S71 5RG,4
info@jaffraycare.com,Lime Court and 3 other services,1213821383,B24 8BG,4
info@jah-jireh.org,Jah-Jireh Charity Homes Leyland and 2 other services,1772623710,PR25 3SA,3
info@jameshirons.org.uk,James Hirons Care Home,1926422425,CV32 6LD,1
info@jasonhyltoncourt.co.uk,Jason Hylton Court,1283552096,DE11 9BJ,1
info@jawagroup.co.uk,Oatlands Care Limited and Oatleigh Care Ltd,2087788545,SE20 8TJ,2
info@jwcare.co.uk,Southside and 3 other services,1217448811,B28 9JB,4
info@kahanahcare.co.uk,Miramar and Kahanah House,1395264131,EX8 3DX,2
info@kanesburycare.co.uk,Eagles Mount Care Home,1202671111,BH15 2QJ,1
info@karma-livin.org,Karma Liv-in,2036329670,IG1 4RE,1
info@kerensacare.co.uk,Tresillian Residential Home,1726814834,PL24 2AJ,1
info@kerryhols.com,The Willows,1213570124,B43 6BU,1
info@krinvestcare.com,Branch Court Care Home,1254682003,BB2 4QR,1
info@lakescarehome.com,The Lakes,1229465189,LA16 7JD,1
info@lakesidenursinghome.co.uk,Lakeside Nursing Home,2086531532,SE19 2DR,1
info@lakesidewatermead.co.uk,Lakeside Watermead Care Home,1296393166,HP19 0WH,1
info@langleytrust.org,Longcroft,152464950,LA1 5EF,1
info@larchmere.co.uk,Larchmere House Nursing Home,1580852335,TN17 2EN,1
info@laurelcarehome.co.uk,Laurel Care Home,2380869861,SO40 2RW,1
info@lennoxlodge.co.uk,Lennox Lodge,1424215408,TN39 5HL,1
info@libertyhousecares.co.uk,Liberty House Care Homes Limited,1213270671,B23 7PH,1
info@lifetimeopportunities.co.uk,North View,1706810463,OL14 5QG,1
info@lilliputhouse.co.uk,Lilliput House,1202709245,BH14 8LH,1
info@lintonsupport.co.uk,Orion House,1237421376,EX39 3BU,1
info@little-oaks.com,Little Oaks Residential Home,1494446878,HP11 1QG,1
info@livingdevelopments.com,The Millfield and 2 other services,1768772099,CA12 4HB,3
info@lmhealthcare.co.uk,London and Manchester Healthcare Limited and 3 other services,1925241479,WA4 6BZ,4
info@lumbvalley.co.uk,Lumb Valley Care Home,1706225027,BB4 9PQ,1
info@lusocourtcarecentre.co.uk,Luso Court Care Centre,2076271400,SW4 7JR,1
info@lycettecare.com,The Warren,1237476932,EX39 3QF,1
info@maisoncare.co.uk,Saresta and Serenade and 3 other services,1206593591,CO7 7BX,4
info@malvernhousecarehome.co.uk,Malvern House,1752842463,PL12 4BG,1
info@mansecare.co.uk,The Manse Care,1772686684,PR4 2UJ,1
info@maplescarehome.co.uk,Maples Care Home,2082986720,DA7 4EU,1
info@marillac.co.uk,Marillac Neurological Care Centre,1277220276,CM13 3BL,1
info@mayfield-trust.org.uk,Gibraltar Road Nursing Home,1422352418,HX1 4HE,1
info@mayflower-carehome.co.uk,Mayflower Care Home,1474531030,DA11 7DX,1
info@mayflowercare.co.uk,Mayflower House,1752828100,PL3 5BB,1
info@merafieldview.co.uk,Merafield View Nursing Home,1752348070,PL7 1ZB,1
info@midnorfolkmencap.org,Merle Boddy House,1362694643,NR20 3AX,1
info@milfordcare.co.uk,Spencer Grove Care Home and 4 other services,1773599349,DE56 1JR,5
info@millennium-care.co.uk,Norley Hall Care Home and 2 other services,1942224334,WN5 9LP,3
info@moorhousecare.co.uk,Moor House Residential Care Home,1784453749,TW18 4YG,1
info@morningstarscareltd.co.uk,Park House Lodge,,RH12 1RJ,1
info@moundsleyhall.com,Moundsley House and 2 other services,1214333000,B38 0BL,3
info@mulberrycourtcarehome.com,Mulberry Court Care Home,1159294483,NG8 4QA,1
info@mungos.org,St Mungo's Broadway - 53 Chichester Road,2076244453,NW6 5QW,1
info@mysacare.co.uk,The Chestnuts,1932336200,KT14 7AN,1
info@mysite.com,Tudor House,1243823406,PO21 2TB,1
info@nardushealthcare.co.uk,Worksop Home,1158223000,S81 0TD,1
info@nationalcaregroup.com,Cleveland House and 14 other services,1843866509,CT10 1QB,15
info@nbgcare.co.uk,CHESTNUT RISE NURSING HOME,1302976498,DN11 0EZ,1
info@ndiscovered.com,Carleton Court Care Home and 2 other services,1977702635,WF8 3NQ,3
info@neemtreecare.co.uk,Neem Tree Care Limited,2085789537,UB6 9JX,1
info@nenevalleycarehomes.co.uk,The Laurels Care Home and 2 other services,7801273804,PE6 8ED,3
info@nexxuscare.co.uk,Meadowyrthe and Bracken House,182766606,B79 8PD,2
info@normanshirecare.co.uk,Normanshire Care Services Ltd,2082798327,E4 9HB,1
info@northamcaretrust.co.uk,Northam Lodge,1237424151,EX39 3QB,1
info@northferribynursinghome.co.uk,North Ferriby Nursing Home,1482634782,HU14 3JZ,1
info@norwoodresidential.co.uk,Norwood House,1724784333,DN15 8SU,1
info@oakcottagecare.co.uk,Oak Cottage,1707269594,AL10 9RT,1
info@oakdenecare.co.uk,Oakdene Nursing Home,1202813722,BH21 6RB,1
info@oakhaven-rch.co.uk,Oakhaven Residential Care Home,1242528377,GL52 6TB,1
info@oaklandcare.com,Hyllden Heights Care Home and 4 other services,1732443030,TN11 9HJ,5
info@oaktreesupport.co.uk,Cliff Lodge and 3 other services,1253522841,FY2 9JT,4
info@oakwoodcarecentre.co.uk,Oakwood Care Centre,1613032540,SK15 3ET,1
info@oasiscaregroup.co.uk,Lyndhurst Rest Home and High Pines Residential Home Limited,1227275290,CT5 2BE,2
info@orchardhealthcaregroup.com,Nesfield Lodge and 3 other services,1132776880,LS10 3LG,4
info@orchardmanorview.co.uk,Orchard Manor View,1163194460,LE4 5RB,1
info@orchardvaletrust.org.uk,East Court and 3 other services,1749673122,BA5 1AR,4
info@orwell-housing.co.uk,Kittens Lane,1508486786,NR14 6JU,1
info@otassupportedliving.com,St. Helens House,7882710854,ME12 2QY,1
info@paradiselodge.co.uk,Chignal House,1245284538,CM1 2JA,1
info@parkfieldhousenursinghome.co.uk,Parkfield House Nursing Home,1895811199,UB10 0BY,1
info@parksidecare.co.uk,The Chesters Care Home and Holmlea Care Home,1914910750,NE9 5AJ,2
info@parksidenursinghome.co.uk,Parkside Nursing Home,1737361518,SM7 3DL,1
info@parkviewgloucester.co.uk,Park View Gloucester,1452671499,GL1 1AN,1
info@passionhealthcare.co.uk,Wigston Lodge,11674889999,LE18 2BP,1
info@pathwayscareconsortium.org.uk,Marsh House,1206762885,CO3 0RH,1
info@picktreecourtcarehome.co.uk,Durham House Residential Care Home and Picktree Court Care Home,1913871265,DH3 3PU,2
info@pinehurstcarehome.com,Pinehurst Rest Home,1306889942,RH5 6BY,1
info@pinelodgecarehome.com,Pinelodge Care Home,1438721417,SG1 4YS,1
info@pinnaclecare.co.uk,Wolston Grange and 3 other services,2476542912,CV23 9HJ,4
info@placefarmhouse.co.uk,Abbey Lodge Residential Home and The Shelley Care Home,1303265175,CT21 5QP,2
info@plans4rehab.com,Barclay House,1162553039,LE3 0JE,1
info@potens-uk.com,Moor Court and Woodside Farm House,1568797461,HR1 3HW,2
info@precious-homes.com,Swan Court and 2 other services,1217267340,B14 7AT,3
info@preciouscarehomes.uk,Marwood Residential Home,1509600625,LE12 9BS,1
info@prestigegroup.uk.com,Roseville Care Centre and 3 other services,1642308188,TS17 5BL,4
info@prestwickcare.co.uk,Brooke House,1912748484,NE15 7AY,1
info@prime-life.co.uk,Lutterworth Country House Care Home,1455558355,LE17 4LS,1
info@primecaregroup.co.uk,St Johns Nursing Home Limited and Gibson's Lodge Limited,2086883053,CR2 6NN,2
info@primrosevilla.co.uk,Primrose Villa Care Home,1257421737,WN6 0NY,1
info@prosigniacare.co.uk,Prosignia Limited - 14 Church Lane Avenue,1737552391,CR5 3RT,1
info@purecareuk.com,Aspen House and 2 other services,1634280703,ME16 0SH,3
info@qac.ac.uk,Queen Alexandra College,1214285025,B17 9TG,1
info@qrc.uk.com,Quality Reliable Care Limited,1435813954,TN21 0JL,1
info@quebechall.co.uk,Quebec Hall Limited,1362692504,NR19 2QY,1
info@queenelizabethcarecentre.co.uk,Queen Elizabeth Care Centre,1784477770,TW20 0PJ,1
info@rathmorecare.co.uk,Rathmore Care Home,1253729410,FY8 1TA,1
info@rcbhealthcare.com,The RedHouse Care Home,1329287899,PO16 7DY,1
info@rdcpcare.com,Coton Grange and Coton House,1902757785,WV6 9PH,2
info@rdential.com,Haversham House,1217206999,B97 4NH,1
info@response.org.uk,Iris Hayter House,7549128423,OX4 4XL,1
info@restorationcarehome.co.uk,Restoration Residential Care Home,2086843287,CR0 3AS,1
info@rhcl.co.uk,New Victoria Nursing Home and 2 other services,1253621043,FY1 4JG,3
info@rhctrust.co.uk,Rutland House Community Trust,1572771039,LE15 6EH,1
info@rhencullencaregroup.co.uk,Tamar House and 2 other services,1263514370,NR27 9DQ,3
info@richmondcarehome.co.uk,Richmond Residential Care Home,1623748474,NG20 8QE,1
info@rightsupportmanagement.co.uk,Ringstead House,,SE6 2BS,1
info@ritzicarehomes.co.uk,Cardell House,1179674647,BS15 1ER,1
info@rklventures.com,Manor House Residential Home,1536771722,LE16 8YU,1
info@romney-house.co.uk,Romney House,1225753952,BA14 9BR,1
info@rosehillnursinghome.co.uk,Rose Hill Nursing Home,1306882622,RH4 2EG,1
info@rosewoodcare.co.uk,Rosewood House,1914606000,NE8 2YE,1
info@rosewoodcarehome.com,Rosewood Care Home,138477441,DY5 4EA,1
info@rotherbank.com,Rotherbank,1730892081,GU33 7BJ,1
info@roxyavenue.org,Roxy Avenue,7747673110,RM6 4AY,1
info@rpfi.org,The White House,2087441330,TW2 7QN,1
info@rusthall-lodge.co.uk,Rusthall Lodge Care Home,1892556500,TN4 8SJ,1
info@safequarter.com,Capel Grange Residential Home,1892834225,TN12 6SQ,1
info@saharacare.com,Sahara Lodge and 3 other services,2085553735,E7 9AP,4
info@saivancare.com,Henley Lodge,2080909042,N9 9RT,1
info@sanctuaryltdcare.org,12 Collett Close,7990863648,DY8 4HS,1
info@sandybrookcare.co.uk,Sandybrook,1254432747,BB3 0PU,1
info@saxon-lodge.co.uk,Saxon Lodge Residential Home Limited,1227831737,CT4 5LT,1
info@select-group.co.uk,Holly Hall House and 21 other services,1384252219,DY1 2ER,23
info@serenityinmind.co.uk,Linford House,1162014462,LE18 3PZ,1
info@sescarehomes.co.uk,Anchorstone Nursing Home and 2 other services,1252727378,GU9 8LJ,3
info@sharobcare.co.uk,Trelana,1288354613,EX23 9EL,1
info@shelleypark.co.uk,Florence Road,1202396933,BH5 1HQ,1
info@shipstonlodge.co.uk,Shipston Lodge,1608698836,CV36 4GX,1
info@sholdenhall.co.uk,Sholden Hall Residential Home,1304375445,CT14 0AB,1
info@silverleighcare.co.uk,The Check House and 2 other services,129721858,EX12 2PR,3
info@silversprings.org.uk,Silversprings,,WD18 0JY,1
info@singletonhome.co.uk,Singleton Nursing & Residential Home Limited,1233666768,TN23 5LB,1
info@sohamlodge.co.uk,Soham Lodge,1353720775,CB7 5WZ,1
info@southcarehomes.com,Grasmere Rest Home and 4 other services,2086428612,SM2 6ST,5
info@southdevoncareservices.com,The Grange Residential Hotel and Ridgecourt Residential Care Home,1803813656,TQ12 5RU,2
info@southminstercare.co.uk,Southminster Residential Home,1621773462,CM0 7EW,1
info@specialist-care.co.uk,Little Acorns,1323924221,BN20 7AT,1
info@spetisburymanor.co.uk,Spetisbury Manor,1258857378,DT11 9EB,1
info@springfieldcarehomes.co.uk,Springfield Care Home,1915120613,DH4 4TN,1
info@springmount.org,Spring Mount,1274541239,BD9 4DW,1
info@st-ronans.co.uk,St Ronans Nursing and Residential Care Home,2392733359,PO4 0PP,1
info@standonhouse.co.uk,Standon House,1827310600,B79 8AG,1
info@standrewshouse.org.uk,St Andrews House,2476673745,CV5 6FP,1
info@stgeorgestaunton.co.uk,St Georges Care Home,1823275268,TA1 3JR,1
info@stheliersresidentialhotel.com,St Heliers Care Home,1303254980,CT20 2EF,1
info@stjudesresidentialcarehomeltd.co.uk,St Jude’s Residential Care Home Limited,2476467698,CV5 7LJ,1
info@stmarysnursinghome.com,St Mary's Nursing Home,1788832589,CV23 0HF,1
info@stmichaelscare.com,Dorley House Residential Care Home and St Michaels Nursing Home,1323729545,BN21 2BG,2
info@stone-haven.co.uk,The Manor Exminster,1392824063,EX6 8AP,1
info@stonebridgenursinghome.co.uk,Stonebridge Nursing Home,1527542170,B97 4NA,1
info@stowcare.co.uk,Chilton Court and Woodfield Court,1449675320,IP14 1LL,2
info@strettonnursinghome.co.uk,Stretton Nursing Home and Banbury Heights Nursing Home,1432761066,HR4 7RR,2
info@stvincentcare.co.uk,St Vincent House - Southsea and St Vincent House - Gosport,2392422822,PO5 3NU,2
info@stvincentscare.co.uk,St Vincent's Care Limited,1424211244,TN39 4HD,1
info@suffolkmind.org.uk,Montrose House,1473710033,IP4 3EZ,1
info@summerlandscarehome.co.uk,Summerlands,1444459836,RH16 1RW,1
info@sunnycourt.uk,Sunny Court,1263687850,NR27 9DQ,1
info@supremecare.co.uk,Liberty Lodge and 2 other services,2086602666,CR8 1DY,3
info@svcg.co.uk,Mistley Manor,1206391488,CO11 2HN,1
info@swillbrookhouse.co.uk,The Brambles Rest Home,1772614533,PR4 4AY,1
info@sydmarlodge.co.uk,Sydmar Lodge,2089598044,HA8 9QH,1
info@symphonycare.co.uk,Symphony House Nursing Home,1604722772,NN2 6LP,1
info@tailoredtransitions.co.uk,Fernside,1202949325,BH22 8AP,1
info@temperancecare.co.uk,Maltreath Residential Care Home,1843221677,CT9 2JU,1
info@thanethealthcare.com,Phoenix House,7845030164,SE27 0AL,1
info@the-thorns.co.uk,The Thorns Retirement Home,1524822558,LA2 6DW,1
info@the-westgate.co.uk,The West Gate,1843831585,CT8 8JJ,1
info@theauroragroup.co.uk,Hyde Lodge and Aurora Orchard Manor Transition Service,7754844833,BS6 7JE,2
info@thebeeches-ixworth.co.uk,The Beeches Residential Home,1359230773,IP31 2HJ,1
info@thebramblescarehome.co.uk,The Brambles Care Home,1384379034,DY8 4JA,1
info@thebroadgroup.co.uk,The Broad Group - 85 Bath Road,1905360439,WR5 3AE,1
info@theclavadel.co.uk,The Clavadel,1483561944,GU1 2JH,1
info@thedowerhousewinchester.co.uk,The Dower House Nursing Home,1962882848,SO23 7LD,1
info@thedrivecarehomesltd.org.uk,The Drive and Glover House,2083090440,DA14 4ER,2
info@thefirslowdham.co.uk,The Firs Residential Care Home,1159665055,NG14 7BS,1
info@thegrangechertsey.co.uk,The Grange Retirement Home,1932562361,KT16 9EP,1
info@thehazelwell.com,The Hazelwell,1513429654,CH60 6SE,1
info@theknollcarehome.co.uk,The Knoll Nursing Home (Yeovil) Limited,1935421822,BA21 3AE,1
info@themulberrycommunity.co.uk,Mulberry House and 2 other services,1424728800,TN38 0SE,3
info@theoakscare.co.uk,The Oaks Care Home,1942521485,WN2 4LZ,1
info@thepriorywellington.co.uk,The Priory Nursing and Residential Home,1952242535,TF1 3NA,1
info@thera.co.uk,Highgrove and 2 other services,3000024040,BL9 7NL,3
info@thevicaragecourt.com,Vicarage Court Care Home,1977708368,WF7 6NH,1
info@thewillowcarehome.co.uk,The Willow,1494773451,HP5 2RG,1
info@thewillowscarehome.co.uk,The Willows,1778440773,PE10 0SX,1
info@thomashouse.co.uk,Thomas House (St Helens) Limited,1744608800,WA10 3TS,1
info@thorndene.com,Thorndene,1303892244,CT15 7HZ,1
info@thorntoncare.com,Thornton Lodge Care Home and The Kingfisher Care Home,1253856001,FY5 4HF,2
info@total-care.org.uk,Chadderton Total Care,1616270027,OL9 9SR,1
info@traceyhouse.co.uk,Tracey House,7501779286,TQ13 9LE,1
info@trinitycourtnursinghome.com,Trinity Court Nursing Home,2087678767,SW17 7HL,1
info@tunbridgewells-carecentre.co.uk,Tunbridge Wells Care Centre,1892618721,TN1 2ED,1
info@turfcotecarehome.co.uk,Turfcote Care Home with Nursing,1706229735,BB4 4DP,1
info@tvrs-group.com,Schankin House and Westminster House,2085915766,IG11 0BH,2
info@twch.co.uk,The Woodlands Care Home,1516324724,CH47 5AG,1
info@tweedcarehome.co.uk,The Emilie Galloway Home of Rest,1323733223,BN20 7AL,1
info@twhealthcare.co.uk,Lindley Park Care Home,1484262026,HD3 3JQ,1
info@uandicare.co.uk,Charlotte House and 2 other services,1925415073,WA5 8GJ,3
info@uniccareserviceslimited.co.uk,Elm House,7503630488,S44 6EA,1
info@unicornprojects.co.uk,Unicorn House,2086881907,CR2 7EN,1
info@uptoncottage.co.uk,Upton Cottage,1275878601,BS21 7BT,1
info@valeriancourtcare.co.uk,Valerian Court,1235616800,OX11 8ET,1
info@valeriemanor.co.uk,Valerie Manor,1903812105,BN44 3TF,1
info@vectorcare.co.uk,18 Argyle Road,2031966604,HA2 7AJ,1
info@vennslane.co.uk,Venns Lane Care Home,1432345181,HR1 1DT,1
info@venturihealthcare.co.uk,Ash Grove,1282416475,BB10 3AU,1
info@venushealthcare.co.uk,Lotus Lodge,3303203321,E11 2QW,1
info@victorysocialcare.co.uk,Victory Socialcare Enterprise,1482803538,HU3 1BH,1
info@watersidecarehome.co.uk,Waterside Care Home,1253351612,FY2 9JS,1
info@wellgate.com,Sandgate Manor and Rose Cottage,1303244428,CT20 3BH,2
info@wellingtonhousenursinghome.co.uk,Wellington House Nursing Home,1274531244,BD18 3LU,1
info@wentworthlodge.co.uk,Wentworth Lodge Residential Care Home Ltd,1902570208,WV10 8EH,1
info@wessexcare.com,Castle View Care Centre and 4 other services,1722336933,SP1 3SF,5
info@westcotthouse.co.uk,Westcott House Nursing Home,1306881421,RH4 3QD,1
info@westgatehc.co.uk,Chestnut Manor Care Home and 6 other services,2038716070,E11 2PR,7
info@westhillcarehome.com,West Hill Care Home,,DA1 2GA,1
info@westhouse.org.uk,West House - 3&4 Glebe Lane,1946831629,CA14 5SQ,1
info@westwardcare.co.uk,Pennington Court Care Home and Headingley Hall Care Home,1132284040,LS11 6TT,2
info@whitelowhouse.co.uk,Whitelow House Nursing Home,1524411167,LA4 6AA,1
info@whiterosecare.com,Roselands and 2 other services,1227360738,CT6 6QF,3
info@willettlodge.co.uk,Willett Lodge,1903235347,BN11 4PB,1
info@willowbrooke.co.uk,Willowbrooke Residential Home,1772626177,PR5 5XD,1
info@willowscarehome.co.uk,Willows Care Home,1708765899,RM7 9BQ,1
info@winash.co.uk,Winash Rest Home,1275873129,BS21 7RP,1
info@windsorcarecentre.co.uk,Windsor Care Centre,1753517789,SL1 2LD,1
info@wisterialodge.co.uk,Wisteria Lodge,2392598074,PO8 0BU,1
info@woodeaves.co.uk,Woodeaves Residential Care Home,1270621550,CW5 7AQ,1
info@woodthorpemanor.com,Woodthorpe Manor Nursing Home,1159206021,NG5 4FF,1
info@wyncourtnursinghome.co.uk,Wyncourt Nursing Home,1619621290,WA15 6QH,1
info@yercombelodge.co.uk,Yercombe (Gloucestershire) Trust,1453542513,GL11 6AS,1
information@careassistuk.net,Care Assist in Harrow (Whitehall Road),2088690070,HA1 3AJ,1
information@georgebrookerhouse.co.uk,The George Brooker Care Society Limited,2089848983,RM9 6LH,1
information@jrht.org.uk,Olive Lodge and 2 other services,1132593800,LS18 4EJ,3
information@mordencollege.org.uk,Cullum Welch Court Care Home,2084638301,SE3 0PW,1
inmind.referrals@nhs.net,Purley View Nursing Home,2086450174,CR8 3AB,1
j.taylor@rmnw.co.uk,Rockmount Northwest,1254876362,BB1 4HD,1
jaime@solomoncare.com,Earlfield Lodge,1934417934,BS23 2RR,1
jamie.harrison@castelfroma.org.uk,Lillington House,1926427216,CV32 6LL,1
janesmith@gmail.com,Westcroft Nursing Home Ltd and Saintbridge House Nursing and Residential Home,1782284611,ST1 3BQ,2
jeanniegood@googlemail.com,Rockliffe Court limited,1482328227,HU3 2SA,1
joan@ikel.com,Oakfield at Yardley Hastings,1933664222,NN7 1EL,1
joanne.boylan@chesselcare.co.uk,Chessel Avenue,2380435999,SO19 4DY,1
jobs@ghch.co.uk,Grace House Care Home Limited,1252726406,GU10 3RB,1
john@doe.com,Avon Park Residential Home,1489574616,SO31 6AF,1
joinourteam@carebase.org.uk,Spinney (The) and 5 other services,2088796550,E4 7AU,6
jonicholls@ecarec.co.uk,Essex Care Consortium - Marks Tey and 3 other services,1206211825,CO6 1EE,4
julian.webb@arkcarehomes.co.uk,The Roses,1409253970,EX22 6HB,1
julie@friendlycare.co.uk,Nethermoor House and 2 other services,1889584368,WS15 2LQ,3
justinricards@swallowcharity.org,64 Chilcompton Road,1761414034,BA3 2PL,1
karen.carter@aldanatcare.co.uk,Peter House and The Retreat,1255861241,CO13 0EW,2
kate@pendenniscarehome.co.uk,Pendennis Residential Care Home,1803551351,TQ4 5AW,1
kathryn@croftcarehome.co.uk,The Croft Residential Care Home,1915284668,SR4 8QE,1
kerry.godwin@nhs.net,House Martins Care Limited Number Two and House Martins Care Limited Number One,1617368057,M6 8GQ,2
khayaproject@btconnect.com,Khaya Project (Charlton),2085547902,SE7 7AH,1
kidsgrovecaresolutions@yahoo.co.uk,Kidsgrove Care Solutions -  Arbour Street,7917130264,ST7 1QW,1
kilkeelodgecare@outlook.com,Kilkee Lodge Residential Home,1376342455,CM7 9ED,1
kimberley@trelowenmanor.co.uk,Trelowen Manor,1579550559,PL14 5HJ,1
kingsleigh@elboroughcares.co.uk,Kingsleigh House,,TA8 2HJ,1
knowlehouse@yahoo.com,Knowle House Nursing Home,1342317740,RH19 2EJ,1
l.chandler@cortonhouse.co.uk,Corton House,1603978001,NR1 3AP,1
larkswoodcarehome@outlook.com,Larkswood,7717729674,BN11 4JN,1
laurestonhouse@aol.com,Laureston House Residential Home,1304204283,CT16 1QU,2
laxtonhall@pcmew.org,Laxton Hall,1780444292,NN17 3AU,1
linda.burrows@springfieldcourt.org,Springfield Court Nursing Home,1695424344,L39 6ST,1
lindenhouse@hotmail.co.uk,Linden House Care Home,1254690669,BB1 2BE,1
lisa@barlavingtonmanor.co.uk,Barlavington Manor,1798343309,GU28 0JS,1
lisa@primroselodge-weymouth.co.uk,Primrose Lodge Weymouth,1305786568,DT4 7LG,1
lisa@woodspringhouse.co.uk,Woodspring House,1328863753,NR21 9AX,1
lucy@ariya.org.uk,Elizabeth House and 2 other services,7935118854,S42 5GR,3
luganocarehome@gmail.com,Lugano Residence for the Elderly,2085052695,IG9 5RD,1
lwptoffice@lwpt.org.uk,Westerley Residential Care Home for the Elderly - Minehead,1643702066,TA24 5JB,1
lyndseywood@bethelhealthcare.net,Oak Tree House Residential Care Home,1482899169,HU12 8UX,1
lynn@avalonnursingcare.co.uk,Avalon Nursing Home,1323501256,BN22 9PR,1
lynne.seymour@westacrenursinghome.co.uk,Westacre Nursing Home,1962855188,SO22 4NE,1
mail@cedarscaregroup.co.uk,Cedar Grange Ltd and 5 other services,1704536286,PR8 6PD,6
mail@fivegablescarehome.com,Five Gables Care Home,1202875130,BH22 0JF,1
mail@overleatcarehome.co.uk,Overleat Residential Care Home,1548852603,TQ7 1JL,1
malvernhouse@hotmail.com,The Croft and Malvern House,7735398230,LA4 4JY,2
management@canwickhouse.com,Canwick House Care Home,1522522275,LN4 2RG,1
management@casamia.org.uk,Casa Mia Care Home,1299266317,DY14 9EH,1
management@ctkresidentialcarehomes.co.uk,Abbey Lodge - Coulsdon,2087649045,CR5 2BB,1
management@fairfieldresidential.co.uk,Fairfield Care Ltd and Springfield House,1619287039,WA15 0QZ,2
management@kingswoodcourtnursinghome.com,Kingswood Court Care Home,1737830480,KT20 6QN,1
management@thebeechescornwall.co.uk,The Beeches Nursing Home,1736752725,TR27 4AH,1
management@wellcrossgrangenursinghome.com,Wellcross Grange Care Home,1403790388,RH13 0SY,1
manager.alexander@njch.co.uk,Whitstable Nursing Home and 4 other services,1227265443,CT5 1DN,5
manager@abbeywoodcourt.com,Abbey Wood Court,1777811555,DN22 6SU,1
manager@albanyparknursinghome.com,Sunbridge Care Home,2088043354,N9 7PZ,1
manager@applegarthcarehome.co.uk,Applegarth Care Home Ltd,1628663287,SL6 0LG,1
manager@appletreecareltd.co.uk,Apple Tree Care Home,1904491300,YO32 5TD,1
manager@audenhouse.com,Auden House Residential Home,1613012424,M34 5PS,1
manager@beechwoodplace.co.uk,Beechwood Place Nursing Home,1653692641,YO17 9DP,1
manager@bradfieldresidentialhome.co.uk,Bradfield Residential Home,1304360960,CT14 7PW,1
manager@braintreenursinghome.co.uk,Braintree Nursing Home,1376552391,CM7 9DB,1
manager@brooklynhouseclacton.com,Brooklyn House,1255430324,CO15 1LU,1
manager@carehomesofdistinction.com,Wray Park Care Home and Woodside View,1737248245,RH2 0DN,2
manager@chestnutscarehome.co.uk,The Chestnuts Care Home,1474812152,DA13 9AH,1
manager@countrylodgenursing.co.uk,Country Lodge Nursing Home,1903830600,BN13 3EX,1
manager@croftresidentialhome.co.uk,The Croft Residential Home,1902380022,WV3 8BT,1
manager@dauntseyhouse.co.uk,Dauntsey House,1380812340,SN10 4LB,1
manager@diwalinivas.co.uk,Diwali Nivas,1162334440,LE3 0QR,1
manager@fairlightnursinghome.co.uk,Fairlight Nursing Home,1903772444,BN16 3LX,1
manager@felburyhouse.co.uk,Felbury House,1306730084,RH5 6NL,1
manager@hillyfieldresthome.co.uk,Hillyfield Rest Home Limited,1590642121,SO41 0RP,1
manager@homeparkcarehome.co.uk,Home Park Nursing Home,2380692058,SO50 7DZ,1
manager@knowlecarehome.co.uk,The Knowle Care Home,1772727485,PR2 1AJ,1
manager@littlefair.net,Littlefair,1342333900,RH19 3TX,1
manager@loughtonhall.co.uk,Loughton Hall,2085084599,IG10 3RU,1
manager@lyleshouseresidential.co.uk,Lyles House,1263861812,NR20 5AS,1
manager@norwoodhouse.co.uk,Norwood House Nursing Home,1535602137,BD20 6DZ,1
manager@osbornelodgecare.co.uk,Osborne Lodge Rest Home,1425618248,BH25 6AD,1
manager@piltonhouse.co.uk,Pilton House Trust,1271342188,EX31 1PQ,1
manager@prioritycarehome.co.uk,Priority Care Home,1274484040,BD8 7BA,1
manager@remyckhouse.com,Remyck House,1252310411,GU11 3NQ,1
manager@riversidehousemorpeth.co.uk,Riverside House,1670503103,NE61 1TE,1
manager@roselodgecarehome.co.uk,Rose Lodge Exmouth,1395227071,EX8 2EZ,1
manager@sapphirecourt.co.uk,Sapphire Court,1423802159,HG2 0HW,1
manager@seaviewresthome.co.uk,Seaview Residential Home Limited,2392825097,PO4 9QE,1
manager@springfieldch.co.uk,Springfield Care Home,1257470140,PR7 5BY,1
manager@standrewscare.com,St Andrew's Residential Care Home Limited,1865741752,OX3 9EE,1
manager@stellamatutina.co.uk,Stella Matutina Care Home,1253734834,FY8 5RQ,1
manager@strathmorelodge.co.uk,Strathmore Lodge,1727856864,AL1 3SP,1
manager@svl-care.co.uk,Southview Lodge Residential Care Home,1772812566,PR4 6SQ,1
manager@sycamorehousecare.com,Sycamore House Care Home,1482878398,HU7 4YR,1
manager@thelangston.uk,The Langston,1608658233,OX7 6UP,1
manager@thelaurelscarehome.co.uk,The Laurels Care Home,1953455427,NR17 1AA,1
manager@thelodgethurnby.co.uk,The Lodge Residential Home,,LE7 9PH,1
manager@theoldrectoryharbledown.co.uk,The Old Rectory Retirement Home,1227768004,CT2 8NJ,1
manager@theoldvicaragecare.co.uk,The Old Vicarage Care Home,1480476789,PE19 2BU,1
manager@towans.co.uk,The Towans Care Home,1278788998,TA8 2EZ,1
manager@tralee.uk,Tralee Rest Home,1227276307,CT5 2AB,1
manager@treetops-care.co.uk,Treetops Residential Home,1843220826,CT9 2NJ,1
manager@twocedarscarehome.co.uk,Serenata Care Ltd Trading as Two Cedars,1202694942,BH18 8AF,1
manager@venn.org.uk,Venn House,1822612322,PL19 8RX,1
manager@victoriaroyalbeach.co.uk,Victoria Royal Beach,1903246499,BN11 5AW,1
manager@westsidenh.co.uk,Westside Nursing Home,1332510084,DE3 9GQ,1
manager@wildacrescarehome.co.uk,Wild Acres Care Home,1189733670,RG40 3RB,1
manager@willowtree-lodge.co.uk,Willow Tree Lodge,1227762412,CT1 3PF,1
managers@fourways-sidmouth.co.uk,Fourways Residential Home,1395513932,EX10 8RW,1
maplehealth.house@outlook.com,Maple Lodge,1206766653,CO2 9GE,1
maplehouse@krch.co.uk,Maple House,1162386302,LE6 0JH,1
marcel@fircroftservices.co.uk,Fircroft Home,1737773424,RH1 1LB,1
mark.peard@iotacare.co.uk,IOTA Care,1752661112,PL3 4HZ,1
marketing@priorscourt.org.uk,3-4 Priors Court Cottages and 3 other services,1635247202,RG18 9JT,4
marketing@progressivecare.co.uk,Kingfield Mews,1143086896,S11 9AS,1
marketingmanager@rmdcare.co.uk,Manor Lodge,2084273211,HA1 2PD,1
markhazel18@btinternet.com,Pondsmead Care Home,1749841111,BA3 5HT,1
mary.eales@btconnect.com,Mrs P M Eales t/a Just Homes - 3 New Hill,1189624887,RG8 8AY,1
matthew.stroud@minsteadtrust.org.uk,Whitemoor House,2380812297,SO43 7BU,1
melrose.care@melrosecare.org.uk,Melrose Care Home,1903230406,BN11 4JG,1
mews@clarendongroup.co.uk,Clarendon Mews Care Home,1162552774,LE2 7FS,1
micah@micahrich.com,Ashwood House Limited (Ilford) and Ashwood House Limited (Leyton),2089248388,IG1 3BA,2
michaela@claydonlodge.co.uk,Claydon Lodge Care Home,1246852435,S42 5LY,1
minstergrange@hotmail.com,Minster Grange Residential Home,1299826636,DY13 8AT,1
moriah@clarendongroup.co.uk,Moriah House Limited,1159110078,NG4 1RS,1
ms.glasgow@lspscotland.com,St Anne's Home - London and 3 other services,2088262500,N16 5BL,4
msg@mansionh.co.uk,Mansion House Residential Home,1621742269,CM3 6DR,1
name@company.com,LAM Manor,7789553412,DE23 6AP,1
name@email.com,Neville House and Ferndale Residential Care Home,1132629764,LS7 4LF,2
nick.knight@laxfieldhouse.co.uk,Laxfield House,1787247340,CO10 9PL,1
nicky@westclifflodge.co.uk,Westcliff Lodge Limited,1702354718,SS0 8LQ,1
nikkigodden@whytecliffe.co.uk,Arundel Park Lodge,1273303449,BN2 8SL,1
oacadmin@oldalresfordcottage.co.uk,Old Alresford Cottage,1962734121,SO24 9DH,1
oakwood.court@sussexhousing.org.uk,Saxonwood and 2 other services,1424774336,TN33 0EY,3
obanhouse@hotmail.co.uk,Oban House Residential Care Home,1243863564,PO21 2RH,1
office@airedalenursing.co.uk,The Airedale Nursing Home,1234218571,MK40 2NF,1
office@autumnhousecare.co.uk,Autumn House Residential Home,1983402125,PO36 8BN,1
office@ballaghcare.co.uk,Gairloch Residential Care Home,1255422788,CO15 6BE,1
office@blackburncarehomes.co.uk,Hollymount Residential and Dementia Care Centre,1254266450,BB2 6DE,1
office@charlottestraker.org.uk,Charlotte Straker House,1434633999,NE45 5HB,1
office@clanfieldcare.com,Clanfield Residential Care Home,1832732398,NN14 3LH,1
office@conifersnursinghome.co.uk,Conifers Nursing Home,1922415473,WS6 6BY,1
office@eversleighcarecentre.co.uk,Eversleigh Care Centre,1902426323,WV6 0AF,1
office@eversleighnursinghome.co.uk,Eversleigh Nursing Home,1926424431,CV32 5QN,1
office@hunterslodge.org,Hunter's Lodge,1664823064,LE14 3LB,1
office@joallanpr.com,Denville Hall,1923825843,HA6 2SB,1
office@kepplegate.co.uk,Kepplegate House,1253811957,FY6 0EJ,1
office@langdalecarehome.co.uk,Langdale Nursing Home,2392581754,PO12 2JS,1
office@nashleyhouse.com,Nashley House Retirement Home,1934620070,BS23 2RN,1
office@normanhurstcare.com,Normanhurst Residential Home,1628632618,SL6 1PB,1
office@nutleyhall.org,Nutley Hall,1825712696,TN22 3NJ,1
office@sambrookhouse.co.uk,Sambrook House Residential Home,1952550210,TF10 8AL,1
office@shenehomhousing.org.uk,Shenehom Housing Association,2088762199,SW13 0BN,1
office@sibbertoftmanor.com,Sibbertoft Manor Nursing Home,1858881304,LE16 9UA,1
office@sunnycroft.co.uk,Sunnycroft Residential Care Home,2380472503,SO30 2HG,1
office@thegablespudsey.com,Gables Nursing Home,1132570123,LS28 9AP,1
office@theoldvicaragenursinghome.co.uk,The Old Vicarage Nursing Home,1782785577,ST6 5RD,1
office@threeoaks.co.uk,Three Oaks Residential Care Home,1329833412,PO17 6JF,1
office@villascalabrini.co.uk,Villa Scalabrini,2082075713,WD7 9BB,1
office@wellspringsnursinghome.co.uk,Well Springs Nursing Home,1274488855,BD9 5QU,1
office@wheathillshouse.co.uk,Wheathills House,1332824600,DE6 4LU,1
office@whitmorevale.co.uk,The Pines,1428601075,GU26 6NL,1
office@witneshamnh.co.uk,Witnesham Nursing Home,1473785828,IP6 9HG,1
oldrectory@southernhealthcare.co.uk,The Seaton and 3 other services,129720882,EX12 2AN,4
ouroffice@aware.com,Priesty Fields Care Home,2088666533,CW12 4AQ,1
parkercareservicesltd@gmail.com,1 Windmill Barns,7739849045,B49 6GE,1
patient.compliments@mft.nhs.uk,Buccleugh Lodge and 2 other services,1612173932,M20 2XA,3
peregrinehouse@yahoo.co.uk,Peregrine House,1947603886,YO21 3HZ,1
pgfeedback@ardale.co.uk,Potters Grange,1707938938,EN6 2SJ,1
primeresidentialcareltd@gmail.com,Glebe House Retirement Home,1394410298,IP12 3JS,1
procurement@kingsleyhealthcare.co.uk,Park View Care Home and 22 other services,1512945679,L8 3SR,23
prospecthouse@globalcareltd.com,Prospect House,1226780197,S72 8JS,1
provide.enquiries@nhs.net,Fern Lodge,3003032642,CM7 9RX,1
reception@biltonhouse.org.uk,Bilton House,1788813147,CV22 7QH,1
reception@chaseleytrust.org,Chaseley,1323744200,BN20 7JH,1
reception@hadleighcourt.co.uk,Hadleigh Court,1803327694,TQ1 3JZ,1
reception@malhotragroup.co.uk,Beech Tree House,1665606065,NE66 1XQ,1
reception@pathfinders-care.co.uk,Pathfinders Specialist and Complex Care,1623836639,NG22 9GW,1
recruitment@allegracare.co.uk,St George's Nursing Home and 5 other services,1934524598,BS22 7AA,6
recruitment@amicacare.co.uk,Signature House and 3 other services,1305257248,DT1 1GR,4
redgatehouse@randalecare.co.uk,Redgate House Residential Home,1842800400,IP24 2EZ,1
referrals@active-pathways.com,Millcroft House and 2 other services,,LS14 6TJ,3
referrals@exemplarhc.com,Wykewood and 25 other services,1274046900,BD12 8AA,26
regentsmanager@hotmail.co.uk,Regents Court Care Home,1527879119,B61 0AN,1
registeredmanager@parmentercare.co.uk,Aveley Lodge,1206729304,CO5 7AS,1
robin@stceciliacare.com,St Cecilia,1202767383,BH12 1ES,1
sah.admissions@nhs.net,St Andrew's Healthcare - 17 The Avenue and Winslow,1604608572,NN1 5BT,2
salfordhouse@gmail.com,Salford House,1789772461,WR11 8UX,1
samilycare-kelly@hotmail.com,Highgrove Care Home and Denewood House Care Home,1202875614,BH21 7NF,2
sarah@crosswayssutton.co.uk,Crossways Nursing Home,2086420955,SM2 6RA,1
seatonhall@yahoo.co.uk,Seaton Hall Residential Home,1429260095,TS25 1AS,1
secretary@priorylodge.org.uk,Priory Lodge,1206797243,CO1 2QE,1
seniors@limesch.co.uk,The Limes CHN,1214581831,B38 8JZ,1
sharon@aimscare.co.uk,Leighton House Private Nursing Home,1372720908,KT17 4NB,1
sheerwaterhouse.addlestone@nhs.net,Sheerwater House,1932349959,KT15 3QL,1
simon@banditbirds.co.uk,Broomhill Care Centre,1246260697,S41 9EB,1
smnhreception@solihullcare.co.uk,Swallows Meadow Court and Sunny Mount (Knowle) Limited - 127 Longdon Road,1217466000,B90 4PH,2
spccare@gmail.com,The Cedars Care Home and Springfield Manor Nursing Home,1784242356,TW15 2SG,2
springfieldcobham@gmail.com,Springfield House Nursing Home,1932862580,KT11 3AS,1
springwoodhouse@gmail.com,Springwood House Residential Care Home,1332840757,DE56 4BG,1
srsbpaypal@srsb.org.uk,Cairn Home,1142661536,S10 5ND,1
stephen.norton@enhanceable.org,EnhanceAble Space,7535362612,KT19 0AR,1
steve@dorringtonhouse.com,Dorrington House (Dereham) and 2 other services,1362693070,NR19 2DR,3
stg@anh.org.uk,St Rita's Care Home and St Clare's Care Home,1444873741,RH15 0GT,2
stonebow@amber-group.co.uk,Stonebow House Residential Home,1905840245,WR10 2DY,1
stonesby.house@yahoo.co.uk,Stonesby House and Stonesby House LTD,,LE2 6TY,2
support@adlcare.com,Woodlands Residential Home,7479082587,WF4 2LN,1
support@famdailycare.com,Fam Daily Care Ltd,2071013376,RM3 7JT,1
support@webador.com,Ingleby Care Home,1642750909,TS17 0QP,1
supportedliving@qualitylifestyleltd.co.uk,Homeland and The Lodge,1822859480,PL20 7QT,2
suzanne@holmemanor.co.uk,Holme Manor Care Home,1706218953,BB4 6JB,1
sysadmin@impactmedia.co.uk,Goodwins Hall Care Home and 3 other services,1553777994,PE30 5PD,4
tamsin@kentautistic.com,The Kent Autistic Trust - 52a River Drive and 4 other services,1634294444,ME2 3JR,5
terryscross@btconnect.com,Terrys Cross House,1273492821,BN5 9SX,1
thedowneshayle@gmail.com,The Downes Residential Care Home,1736754400,TR27 4HW,1
themanager@carnalea.com,Carnalea Residential Home,1795532629,ME13 8TA,1
themanager@halfacrehouse.org.uk,Half Acre House,1706861098,OL11 4DB,1
theoldhall@keshcare.co.uk,The Old Hall Residential Care Home,1790753503,PE23 5NZ,1
tours@nightingalehammerson.org,Hammerson House,7775260561,N2 0BE,1
trish.kelly@auracareliving.com,Kings Lodge,1276581051,GU15 4LZ,1
user@domain.com,Martha House and 26 other services,1432279314,HR1 1UB,27
val.atherton@abbendonhealthcare.co.uk,Abbendon Nursing Home,1704538663,PR8 6PE,1
vickysmith@samuelhobsonhouse.co.uk,Samuel Hobson House,1782620011,ST5 0HU,1
victoria.jones@mayfieldcourt.org,Mayfield Court,1512839090,L14 2EP,1
ward.green@brittohealthcare.co.uk,Ward Green Lodge,1226786908,S70 5HJ,1
we-care@sunrisecarehome.co.uk,Bloomfield Rd and 2 other services,2076420011,SE18 7JE,3
webmaster@alliedcare.co.uk,Cameron Lodge and 27 other services,1304803610,CT14 9TU,28
webmaster@harmonyhouseblackpool.co.uk,Harmony House,1253375423,FY4 1RN,1
webmaster@surreycc.gov.uk,SCC Adult Social Care Supported Living and Mallow Crescent short breaks service,1483455879,GU4 7BU,1
welcome@richardsoncares.co.uk,Richardson Duston Limited and Boughton Green Road Limited,1604583567,NN5 5AR,2
welfordhealthcare@trustedcare.co.uk,Eastfield Nursing Home,1730892268,GU33 7PS,1
wellheadlane@virginmedia.com,Wellhead Lane,1373303248,BA13 3PW,1
wentworthhouse@sh-care.co.uk,Wentworth House,1617939090,M27 5ER,1
whistleblowing@foresthc.com,Poplars Care Centre and Grace Manor Care Centre,8444725179,ME16 8SU,2
whiteoakscare@aol.com,Whiteoaks Rest Home,1329232860,PO14 1NZ,1
willowhouse@tesco.net,Willow House Residential Home,1274872624,WF15 6NG,1
willows-manager@extrafriend.co.uk,The Willows,1284830665,IP29 4PJ,1
wisteria.housewoolwell@gmail.com,Wisteria House (Woolwell) Dementia Care Ltd and Wisteria House Plymstock Limited,1752770095,PL6 7HE,2
woodlandsquaker@btconnect.com,Woodlands Quaker Care Home,1902341203,WV4 4DH,1
woodsidelodge@woodsidelodge.co.uk,Woodside Lodge,1425673030,BH23 8DB,1
wweeiihhuuaanngg@gmail.com,Tudor Court Care Home,1803558374,TQ4 5BD,1
yewtreecare@yahoo.co.uk,Yewtree Care Limited t/a Yewtree Nursing Home,1243552575,BN18 0DU,1
you@provider.com,Eastleigh Care Homes and 2 other services,1769572646,EX36 3DF,3
zoe@home2homewithcare.co.uk,The Bakery and Elizabeth House,1283310734,DE11 9HZ,2
